,Predictions,Element 1,Loading 1,Element 2,Loading 2,Element 3,Loading 3
Predict_0,0.3204284633274264,Ca,0.01,K,0.12,Mg,0.03
Predict_1,0.3181051919448097,Ca,0.02,K,0.12,Mg,0.02
Predict_2,0.3091544561982588,Ca,0.03,K,0.12,Mg,0.01
Predict_3,0.3160230420045628,K,0.12,Mg,0.03,Sc,0.01
Predict_4,0.31145073193112044,K,0.12,Mg,0.02,Sc,0.02
Predict_5,0.3074852788289481,K,0.12,Mg,0.01,Sc,0.03
Predict_6,0.3237729155452457,K,0.12,Mg,0.03,Ti,0.01
Predict_7,0.3158135580213744,K,0.12,Mg,0.02,Ti,0.02
Predict_8,0.3190970457131789,K,0.12,Mg,0.01,Ti,0.03
Predict_9,0.2988207660064076,K,0.12,Mg,0.03,V,0.01
Predict_10,0.3013012682005648,K,0.12,Mg,0.02,V,0.02
Predict_11,0.32045531415411643,K,0.12,Mg,0.01,V,0.03
Predict_12,0.2792823623842489,Cr,0.01,K,0.12,Mg,0.03
Predict_13,0.2830079860420592,Cr,0.02,K,0.12,Mg,0.02
Predict_14,0.30500634215659284,Cr,0.03,K,0.12,Mg,0.01
Predict_15,0.2648303054654432,K,0.12,Mg,0.03,Mn,0.01
Predict_16,0.2680903736775564,K,0.12,Mg,0.02,Mn,0.02
Predict_17,0.2680903736775564,K,0.12,Mg,0.01,Mn,0.03
Predict_18,0.2744185644874096,Fe,0.01,K,0.12,Mg,0.03
Predict_19,0.2744185644874096,Fe,0.02,K,0.12,Mg,0.02
Predict_20,0.2730538518510723,Fe,0.03,K,0.12,Mg,0.01
Predict_21,0.2458882803679303,Co,0.01,K,0.12,Mg,0.03
Predict_22,0.2490345538236832,Co,0.02,K,0.12,Mg,0.02
Predict_23,0.2596006744293417,Co,0.03,K,0.12,Mg,0.01
Predict_24,0.2309729533599592,K,0.12,Mg,0.03,Ni,0.01
Predict_25,0.2418846741287179,K,0.12,Mg,0.02,Ni,0.02
Predict_26,0.2306820171874133,K,0.12,Mg,0.01,Ni,0.03
Predict_27,0.2431927142744525,Cu,0.01,K,0.12,Mg,0.03
Predict_28,0.2559191318762801,Cu,0.02,K,0.12,Mg,0.02
Predict_29,0.2466840446770452,Cu,0.03,K,0.12,Mg,0.01
Predict_30,0.2355302107379804,K,0.12,Mg,0.03,Zn,0.01
Predict_31,0.2340114206023033,K,0.12,Mg,0.02,Zn,0.02
Predict_32,0.2340114206023033,K,0.12,Mg,0.01,Zn,0.03
Predict_33,0.3148263361404569,K,0.12,Mg,0.03,Sr,0.01
Predict_34,0.3148263361404569,K,0.12,Mg,0.02,Sr,0.02
Predict_35,0.30919213449551025,K,0.12,Mg,0.01,Sr,0.03
Predict_36,0.31519111032900954,K,0.12,Mg,0.03,Y,0.01
Predict_37,0.3112256572268372,K,0.12,Mg,0.02,Y,0.02
Predict_38,0.32451780958618165,K,0.12,Mg,0.01,Y,0.03
Predict_39,0.3197961127169445,K,0.12,Mg,0.03,Zr,0.01
Predict_40,0.3196816052850974,K,0.12,Mg,0.02,Zr,0.02
Predict_41,0.3616016866953775,K,0.12,Mg,0.01,Zr,0.03
Predict_42,0.3338552019153801,K,0.12,Mg,0.03,Nb,0.01
Predict_43,0.3701199860153479,K,0.12,Mg,0.02,Nb,0.02
Predict_44,0.4530485298749792,K,0.12,Mg,0.01,Nb,0.03
Predict_45,0.2935941449147659,K,0.12,Mg,0.03,Mo,0.01
Predict_46,0.3104800085266313,K,0.12,Mg,0.02,Mo,0.02
Predict_47,0.3823536628091304,K,0.12,Mg,0.01,Mo,0.03
Predict_48,0.28497636594777104,K,0.12,Mg,0.03,Ru,0.01
Predict_49,0.32790402005142405,K,0.12,Mg,0.02,Ru,0.02
Predict_50,0.4496931339910194,K,0.12,Mg,0.01,Ru,0.03
Predict_51,0.2432519148774165,K,0.12,Mg,0.03,Rh,0.01
Predict_52,0.2942605512689374,K,0.12,Mg,0.02,Rh,0.02
Predict_53,0.3324291054844844,K,0.12,Mg,0.01,Rh,0.03
Predict_54,0.2379694806610189,K,0.12,Mg,0.03,Pd,0.01
Predict_55,0.2264408201865018,K,0.12,Mg,0.02,Pd,0.02
Predict_56,0.25889773430980445,K,0.12,Mg,0.01,Pd,0.03
Predict_57,0.2438711780376537,Ag,0.01,K,0.12,Mg,0.03
Predict_58,0.2485195890992572,Ag,0.02,K,0.12,Mg,0.02
Predict_59,0.27199634508364,Ag,0.03,K,0.12,Mg,0.01
Predict_60,0.27455933758423595,Cd,0.01,K,0.12,Mg,0.03
Predict_61,0.2803277852996763,Cd,0.02,K,0.12,Mg,0.02
Predict_62,0.2854121198250457,Cd,0.03,K,0.12,Mg,0.01
Predict_63,0.23314724191788805,In,0.01,K,0.12,Mg,0.03
Predict_64,0.2408658229843068,In,0.02,K,0.12,Mg,0.02
Predict_65,0.2480870255426501,In,0.03,K,0.12,Mg,0.01
Predict_66,0.2951551572928827,K,0.12,Mg,0.03,Sn,0.01
Predict_67,0.3264890038036954,K,0.12,Mg,0.02,Sn,0.02
Predict_68,0.3497822994101552,K,0.12,Mg,0.01,Sn,0.03
Predict_69,0.4026771758465754,Ba,0.01,K,0.12,Mg,0.03
Predict_70,0.4022846878454747,Ba,0.02,K,0.12,Mg,0.02
Predict_71,0.3993885432836973,Ba,0.03,K,0.12,Mg,0.01
Predict_72,0.2774828973288057,Hf,0.01,K,0.12,Mg,0.03
Predict_73,0.3354284208745129,Hf,0.02,K,0.12,Mg,0.02
Predict_74,0.3448129591264683,Hf,0.03,K,0.12,Mg,0.01
Predict_75,0.27915219066671143,K,0.12,Mg,0.03,W,0.01
Predict_76,0.3156783363308505,K,0.12,Mg,0.02,W,0.02
Predict_77,0.2922122213181029,K,0.12,Mg,0.01,W,0.03
Predict_78,0.32185090124315946,K,0.12,Mg,0.03,Re,0.01
Predict_79,0.3486929356049744,K,0.12,Mg,0.02,Re,0.02
Predict_80,0.3368414870137319,K,0.12,Mg,0.01,Re,0.03
Predict_81,0.3301389052845144,K,0.12,Mg,0.03,Os,0.01
Predict_82,0.3892313563439632,K,0.12,Mg,0.02,Os,0.02
Predict_83,0.4071012246520774,K,0.12,Mg,0.01,Os,0.03
Predict_84,0.33258558599037724,Ir,0.01,K,0.12,Mg,0.03
Predict_85,0.3885955604376809,Ir,0.02,K,0.12,Mg,0.02
Predict_86,0.4114141485203265,Ir,0.03,K,0.12,Mg,0.01
Predict_87,0.2368027524504066,K,0.12,Mg,0.03,Pt,0.01
Predict_88,0.23357521826240624,K,0.12,Mg,0.02,Pt,0.02
Predict_89,0.2263013970047427,K,0.12,Mg,0.01,Pt,0.03
Predict_90,0.3103534142502741,Au,0.01,K,0.12,Mg,0.03
Predict_91,0.30079897501904657,Au,0.02,K,0.12,Mg,0.02
Predict_92,0.2814558818611921,Au,0.03,K,0.12,Mg,0.01
Predict_93,0.2635000690932819,K,0.12,Mg,0.03,Pb,0.01
Predict_94,0.2469192136272685,K,0.12,Mg,0.02,Pb,0.02
Predict_95,0.25422812987800525,K,0.12,Mg,0.01,Pb,0.03
Predict_96,0.2574112442971412,Bi,0.01,K,0.12,Mg,0.03
Predict_97,0.25304447708671945,Bi,0.02,K,0.12,Mg,0.02
Predict_98,0.2605290460490383,Bi,0.03,K,0.12,Mg,0.01
Predict_99,0.3787503150477384,Ca,0.03,K,0.12,Sc,0.01
Predict_100,0.3775049196248026,Ca,0.02,K,0.12,Sc,0.02
Predict_101,0.3872151181110361,Ca,0.01,K,0.12,Sc,0.03
Predict_102,0.38782005094801897,Ca,0.03,K,0.12,Ti,0.01
Predict_103,0.3983986706871068,Ca,0.02,K,0.12,Ti,0.02
Predict_104,0.4163792421741892,Ca,0.01,K,0.12,Ti,0.03
Predict_105,0.3755438438627197,Ca,0.03,K,0.12,V,0.01
Predict_106,0.3905765764949041,Ca,0.02,K,0.12,V,0.02
Predict_107,0.4463340540213839,Ca,0.01,K,0.12,V,0.03
Predict_108,0.3892307705814565,Ca,0.03,Cr,0.01,K,0.12
Predict_109,0.4051310468123197,Ca,0.02,Cr,0.02,K,0.12
Predict_110,0.4851169372551076,Ca,0.01,Cr,0.03,K,0.12
Predict_111,0.2755088027010934,Ca,0.03,K,0.12,Mn,0.01
Predict_112,0.2844595384476443,Ca,0.02,K,0.12,Mn,0.02
Predict_113,0.31935432687034904,Ca,0.01,K,0.12,Mn,0.03
Predict_114,0.2960488259062673,Ca,0.03,Fe,0.01,K,0.12
Predict_115,0.30063803451878035,Ca,0.02,Fe,0.02,K,0.12
Predict_116,0.3292275437201553,Ca,0.01,Fe,0.03,K,0.12
Predict_117,0.2831162699498692,Ca,0.03,Co,0.01,K,0.12
Predict_118,0.2838758985038365,Ca,0.02,Co,0.02,K,0.12
Predict_119,0.3350649922848502,Ca,0.01,Co,0.03,K,0.12
Predict_120,0.2730500294878317,Ca,0.03,K,0.12,Ni,0.01
Predict_121,0.29012055564420663,Ca,0.02,K,0.12,Ni,0.02
Predict_122,0.2960837180605926,Ca,0.01,K,0.12,Ni,0.03
Predict_123,0.2328691977221605,Ca,0.03,Cu,0.01,K,0.12
Predict_124,0.2491680956748944,Ca,0.02,Cu,0.02,K,0.12
Predict_125,0.2634001543688433,Ca,0.01,Cu,0.03,K,0.12
Predict_126,0.22703998572364004,Ca,0.03,K,0.12,Zn,0.01
Predict_127,0.2293870663589554,Ca,0.02,K,0.12,Zn,0.02
Predict_128,0.2080681924273816,Ca,0.01,K,0.12,Zn,0.03
Predict_129,0.3581337541789058,Ca,0.03,K,0.12,Sr,0.01
Predict_130,0.3559154571085669,Ca,0.02,K,0.12,Sr,0.02
Predict_131,0.3697678666423283,Ca,0.01,K,0.12,Sr,0.03
Predict_132,0.3725028795212764,Ca,0.03,K,0.12,Y,0.01
Predict_133,0.37209100554415453,Ca,0.02,K,0.12,Y,0.02
Predict_134,0.38408397221184337,Ca,0.01,K,0.12,Y,0.03
Predict_135,0.3795995765556517,Ca,0.03,K,0.12,Zr,0.01
Predict_136,0.3847654204485144,Ca,0.02,K,0.12,Zr,0.02
Predict_137,0.4719494766651864,Ca,0.01,K,0.12,Zr,0.03
Predict_138,0.3915057999555403,Ca,0.03,K,0.12,Nb,0.01
Predict_139,0.4934359580270864,Ca,0.02,K,0.12,Nb,0.02
Predict_140,0.6827560707247656,Ca,0.01,K,0.12,Nb,0.03
Predict_141,0.3874514945883708,Ca,0.03,K,0.12,Mo,0.01
Predict_142,0.5422406060174001,Ca,0.02,K,0.12,Mo,0.02
Predict_143,0.7279661274789414,Ca,0.01,K,0.12,Mo,0.03
Predict_144,0.3765878891621803,Ca,0.03,K,0.12,Ru,0.01
Predict_145,0.6321170012970313,Ca,0.02,K,0.12,Ru,0.02
Predict_146,0.8373323206841978,Ca,0.01,K,0.12,Ru,0.03
Predict_147,0.3384994218641828,Ca,0.03,K,0.12,Rh,0.01
Predict_148,0.43299664808784494,Ca,0.02,K,0.12,Rh,0.02
Predict_149,0.5883684536986636,Ca,0.01,K,0.12,Rh,0.03
Predict_150,0.335888235844224,Ca,0.03,K,0.12,Pd,0.01
Predict_151,0.3781385020235934,Ca,0.02,K,0.12,Pd,0.02
Predict_152,0.4340002083669803,Ca,0.01,K,0.12,Pd,0.03
Predict_153,0.2876993358307409,Ag,0.01,Ca,0.03,K,0.12
Predict_154,0.3636311300730787,Ag,0.02,Ca,0.02,K,0.12
Predict_155,0.4426942811789346,Ag,0.03,Ca,0.01,K,0.12
Predict_156,0.3077093099647239,Ca,0.03,Cd,0.01,K,0.12
Predict_157,0.32288251306760235,Ca,0.02,Cd,0.02,K,0.12
Predict_158,0.3631409386658745,Ca,0.01,Cd,0.03,K,0.12
Predict_159,0.22467987929958266,Ca,0.03,In,0.01,K,0.12
Predict_160,0.24075764869847455,Ca,0.02,In,0.02,K,0.12
Predict_161,0.2453529216440973,Ca,0.01,In,0.03,K,0.12
Predict_162,0.2822000981311554,Ca,0.03,K,0.12,Sn,0.01
Predict_163,0.33217228439091284,Ca,0.02,K,0.12,Sn,0.02
Predict_164,0.3402066141887057,Ca,0.01,K,0.12,Sn,0.03
Predict_165,0.3698812147185968,Ba,0.01,Ca,0.03,K,0.12
Predict_166,0.3858846355784417,Ba,0.02,Ca,0.02,K,0.12
Predict_167,0.3809338072570781,Ba,0.03,Ca,0.01,K,0.12
Predict_168,0.40058503684953495,Ca,0.03,Hf,0.01,K,0.12
Predict_169,0.5299268795135051,Ca,0.02,Hf,0.02,K,0.12
Predict_170,0.642635930190604,Ca,0.01,Hf,0.03,K,0.12
Predict_171,0.4694530549595107,Ca,0.03,K,0.12,W,0.01
Predict_172,0.6296691891848709,Ca,0.02,K,0.12,W,0.02
Predict_173,0.6922782704351471,Ca,0.01,K,0.12,W,0.03
Predict_174,0.4090788614046719,Ca,0.03,K,0.12,Re,0.01
Predict_175,0.5344520445503768,Ca,0.02,K,0.12,Re,0.02
Predict_176,0.5822270610844555,Ca,0.01,K,0.12,Re,0.03
Predict_177,0.4594545508402816,Ca,0.03,K,0.12,Os,0.01
Predict_178,0.617308589106752,Ca,0.02,K,0.12,Os,0.02
Predict_179,0.6841956353040014,Ca,0.01,K,0.12,Os,0.03
Predict_180,0.4537753229004866,Ca,0.03,Ir,0.01,K,0.12
Predict_181,0.6249364037224091,Ca,0.02,Ir,0.02,K,0.12
Predict_182,0.6995022762727922,Ca,0.01,Ir,0.03,K,0.12
Predict_183,0.37117551848230257,Ca,0.03,K,0.12,Pt,0.01
Predict_184,0.4398556396785269,Ca,0.02,K,0.12,Pt,0.02
Predict_185,0.4739076271760907,Ca,0.01,K,0.12,Pt,0.03
Predict_186,0.3906314969707432,Au,0.01,Ca,0.03,K,0.12
Predict_187,0.4477758962447233,Au,0.02,Ca,0.02,K,0.12
Predict_188,0.4550308603771397,Au,0.03,Ca,0.01,K,0.12
Predict_189,0.3109518699677739,Ca,0.03,K,0.12,Pb,0.01
Predict_190,0.3314121241934538,Ca,0.02,K,0.12,Pb,0.02
Predict_191,0.3580938082864998,Ca,0.01,K,0.12,Pb,0.03
Predict_192,0.2784123134211183,Bi,0.01,Ca,0.03,K,0.12
Predict_193,0.31418973018781216,Bi,0.02,Ca,0.02,K,0.12
Predict_194,0.3662151069977165,Bi,0.03,Ca,0.01,K,0.12
Predict_195,0.301071593410462,K,0.12,Sc,0.03,Ti,0.01
Predict_196,0.3033948647930786,K,0.12,Sc,0.02,Ti,0.02
Predict_197,0.3089967704527861,K,0.12,Sc,0.01,Ti,0.03
Predict_198,0.28557865280045197,K,0.12,Sc,0.03,V,0.01
Predict_199,0.297869751518435,K,0.12,Sc,0.02,V,0.02
Predict_200,0.3086905531692973,K,0.12,Sc,0.01,V,0.03
Predict_201,0.3119619192206268,Cr,0.01,K,0.12,Sc,0.03
Predict_202,0.3424492142967083,Cr,0.02,K,0.12,Sc,0.02
Predict_203,0.4214164635284991,Cr,0.03,K,0.12,Sc,0.01
Predict_204,0.2911852199909746,K,0.12,Mn,0.01,Sc,0.03
Predict_205,0.29124559990169663,K,0.12,Mn,0.02,Sc,0.02
Predict_206,0.32935106738320136,K,0.12,Mn,0.03,Sc,0.01
Predict_207,0.30004508711748673,Fe,0.01,K,0.12,Sc,0.03
Predict_208,0.30699297627673383,Fe,0.02,K,0.12,Sc,0.02
Predict_209,0.34245018009467776,Fe,0.03,K,0.12,Sc,0.01
Predict_210,0.22264858405801788,Co,0.01,K,0.12,Sc,0.03
Predict_211,0.2237518735001081,Co,0.02,K,0.12,Sc,0.02
Predict_212,0.24667587758687726,Co,0.03,K,0.12,Sc,0.01
Predict_213,0.22738536161070705,K,0.12,Ni,0.01,Sc,0.03
Predict_214,0.2406837840260617,K,0.12,Ni,0.02,Sc,0.02
Predict_215,0.2512686894405841,K,0.12,Ni,0.03,Sc,0.01
Predict_216,0.19148780735904453,Cu,0.01,K,0.12,Sc,0.03
Predict_217,0.1961528709504746,Cu,0.02,K,0.12,Sc,0.02
Predict_218,0.21960732930960336,Cu,0.03,K,0.12,Sc,0.01
Predict_219,0.22583932743790736,K,0.12,Sc,0.03,Zn,0.01
Predict_220,0.22096923678155067,K,0.12,Sc,0.02,Zn,0.02
Predict_221,0.21711237358142835,K,0.12,Sc,0.01,Zn,0.03
Predict_222,0.3937185376325082,K,0.12,Sc,0.03,Sr,0.01
Predict_223,0.38335127394724255,K,0.12,Sc,0.02,Sr,0.02
Predict_224,0.395868895344021,K,0.12,Sc,0.01,Sr,0.03
Predict_225,0.3807140724008536,K,0.12,Sc,0.03,Y,0.01
Predict_226,0.3864825201162938,K,0.12,Sc,0.02,Y,0.02
Predict_227,0.4064673876562842,K,0.12,Sc,0.01,Y,0.03
Predict_228,0.3936788343062931,K,0.12,Sc,0.03,Zr,0.01
Predict_229,0.4377615105537058,K,0.12,Sc,0.02,Zr,0.02
Predict_230,0.4860835705834352,K,0.12,Sc,0.01,Zr,0.03
Predict_231,0.4599548790113158,K,0.12,Nb,0.01,Sc,0.03
Predict_232,0.5460776420509855,K,0.12,Nb,0.02,Sc,0.02
Predict_233,0.6907541039134675,K,0.12,Nb,0.03,Sc,0.01
Predict_234,0.4348702911076688,K,0.12,Mo,0.01,Sc,0.03
Predict_235,0.5592800634601527,K,0.12,Mo,0.02,Sc,0.02
Predict_236,0.6923877997386263,K,0.12,Mo,0.03,Sc,0.01
Predict_237,0.4682767689647851,K,0.12,Ru,0.01,Sc,0.03
Predict_238,0.6760586005059299,K,0.12,Ru,0.02,Sc,0.02
Predict_239,0.823611129886225,K,0.12,Ru,0.03,Sc,0.01
Predict_240,0.28244957789581665,K,0.12,Rh,0.01,Sc,0.03
Predict_241,0.3606055912407651,K,0.12,Rh,0.02,Sc,0.02
Predict_242,0.4194207969654925,K,0.12,Rh,0.03,Sc,0.01
Predict_243,0.19964562482710835,K,0.12,Pd,0.01,Sc,0.03
Predict_244,0.2047601503739937,K,0.12,Pd,0.02,Sc,0.02
Predict_245,0.20196522417391907,K,0.12,Pd,0.03,Sc,0.01
Predict_246,0.19454382758771255,Ag,0.01,K,0.12,Sc,0.03
Predict_247,0.18997958972180415,Ag,0.02,K,0.12,Sc,0.02
Predict_248,0.2063996374485994,Ag,0.03,K,0.12,Sc,0.01
Predict_249,0.21770597031014075,Cd,0.01,K,0.12,Sc,0.03
Predict_250,0.21934815202969649,Cd,0.02,K,0.12,Sc,0.02
Predict_251,0.2242160048622231,Cd,0.03,K,0.12,Sc,0.01
Predict_252,0.22480838904729566,In,0.01,K,0.12,Sc,0.03
Predict_253,0.23188945088409024,In,0.02,K,0.12,Sc,0.02
Predict_254,0.2384835898497076,In,0.03,K,0.12,Sc,0.01
Predict_255,0.26893572216035944,K,0.12,Sc,0.03,Sn,0.01
Predict_256,0.2883492929955531,K,0.12,Sc,0.02,Sn,0.02
Predict_257,0.3303400885439613,K,0.12,Sc,0.01,Sn,0.03
Predict_258,0.4002377235436038,Ba,0.01,K,0.12,Sc,0.03
Predict_259,0.41172114142345456,Ba,0.02,K,0.12,Sc,0.02
Predict_260,0.4114679392456542,Ba,0.03,K,0.12,Sc,0.01
Predict_261,0.4970034747486117,Hf,0.01,K,0.12,Sc,0.03
Predict_262,0.6266933994073293,Hf,0.02,K,0.12,Sc,0.02
Predict_263,0.6709598883430185,Hf,0.03,K,0.12,Sc,0.01
Predict_264,0.5414530883567014,K,0.12,Sc,0.03,W,0.01
Predict_265,0.6390728387414929,K,0.12,Sc,0.02,W,0.02
Predict_266,0.66924629658087,K,0.12,Sc,0.01,W,0.03
Predict_267,0.5277147435920688,K,0.12,Re,0.01,Sc,0.03
Predict_268,0.5721665910412371,K,0.12,Re,0.02,Sc,0.02
Predict_269,0.5602269366779075,K,0.12,Re,0.03,Sc,0.01
Predict_270,0.5784831806884099,K,0.12,Os,0.01,Sc,0.03
Predict_271,0.6570956382183717,K,0.12,Os,0.02,Sc,0.02
Predict_272,0.6685056755917084,K,0.12,Os,0.03,Sc,0.01
Predict_273,0.5937631792709606,Ir,0.01,K,0.12,Sc,0.03
Predict_274,0.6772151386642757,Ir,0.02,K,0.12,Sc,0.02
Predict_275,0.6964442630609642,Ir,0.03,K,0.12,Sc,0.01
Predict_276,0.4414198645139826,K,0.12,Pt,0.01,Sc,0.03
Predict_277,0.4627963333665885,K,0.12,Pt,0.02,Sc,0.02
Predict_278,0.4954248162834862,K,0.12,Pt,0.03,Sc,0.01
Predict_279,0.34543345578621343,Au,0.01,K,0.12,Sc,0.03
Predict_280,0.3543167246571711,Au,0.02,K,0.12,Sc,0.02
Predict_281,0.35964770028195003,Au,0.03,K,0.12,Sc,0.01
Predict_282,0.2630545877826418,K,0.12,Pb,0.01,Sc,0.03
Predict_283,0.2677634878266181,K,0.12,Pb,0.02,Sc,0.02
Predict_284,0.2852980448431293,K,0.12,Pb,0.03,Sc,0.01
Predict_285,0.2421521930592801,Bi,0.01,K,0.12,Sc,0.03
Predict_286,0.2765575923835305,Bi,0.02,K,0.12,Sc,0.02
Predict_287,0.2973734215699963,Bi,0.03,K,0.12,Sc,0.01
Predict_288,0.2991748303729543,K,0.12,Ti,0.03,V,0.01
Predict_289,0.31308885397927905,K,0.12,Ti,0.02,V,0.02
Predict_290,0.3313794217689665,K,0.12,Ti,0.01,V,0.03
Predict_291,0.2499073485856317,Cr,0.01,K,0.12,Ti,0.03
Predict_292,0.259196754415326,Cr,0.02,K,0.12,Ti,0.02
Predict_293,0.28418024565547123,Cr,0.03,K,0.12,Ti,0.01
Predict_294,0.28059908087157,K,0.12,Mn,0.01,Ti,0.03
Predict_295,0.2858741527299449,K,0.12,Mn,0.02,Ti,0.02
Predict_296,0.2950573444619275,K,0.12,Mn,0.03,Ti,0.01
Predict_297,0.2323879726299097,Fe,0.01,K,0.12,Ti,0.03
Predict_298,0.228867162422451,Fe,0.02,K,0.12,Ti,0.02
Predict_299,0.2344346846949361,Fe,0.03,K,0.12,Ti,0.01
Predict_300,0.22523988389771876,Co,0.01,K,0.12,Ti,0.03
Predict_301,0.22512001462889356,Co,0.02,K,0.12,Ti,0.02
Predict_302,0.2278303925453307,Co,0.03,K,0.12,Ti,0.01
Predict_303,0.222865294787758,K,0.12,Ni,0.01,Ti,0.03
Predict_304,0.2273490499115565,K,0.12,Ni,0.02,Ti,0.02
Predict_305,0.22722485520725755,K,0.12,Ni,0.03,Ti,0.01
Predict_306,0.17401023326650422,Cu,0.01,K,0.12,Ti,0.03
Predict_307,0.17415508841136013,Cu,0.02,K,0.12,Ti,0.02
Predict_308,0.18765550919280524,Cu,0.03,K,0.12,Ti,0.01
Predict_309,0.2006883344647377,K,0.12,Ti,0.03,Zn,0.01
Predict_310,0.18176333576739925,K,0.12,Ti,0.02,Zn,0.02
Predict_311,0.18490960922315214,K,0.12,Ti,0.01,Zn,0.03
Predict_312,0.4154248354694823,K,0.12,Sr,0.01,Ti,0.03
Predict_313,0.4072636106316554,K,0.12,Sr,0.02,Ti,0.02
Predict_314,0.4038444794378881,K,0.12,Sr,0.03,Ti,0.01
Predict_315,0.4022491897894856,K,0.12,Ti,0.03,Y,0.01
Predict_316,0.398008717899402,K,0.12,Ti,0.02,Y,0.02
Predict_317,0.4092684376883511,K,0.12,Ti,0.01,Y,0.03
Predict_318,0.43908710639996973,K,0.12,Ti,0.03,Zr,0.01
Predict_319,0.4645744960093859,K,0.12,Ti,0.02,Zr,0.02
Predict_320,0.5479358218423488,K,0.12,Ti,0.01,Zr,0.03
Predict_321,0.3436686037832317,K,0.12,Nb,0.01,Ti,0.03
Predict_322,0.420817998866207,K,0.12,Nb,0.02,Ti,0.02
Predict_323,0.4834250698307075,K,0.12,Nb,0.03,Ti,0.01
Predict_324,0.25724075711325084,K,0.12,Mo,0.01,Ti,0.03
Predict_325,0.2879397656613394,K,0.12,Mo,0.02,Ti,0.02
Predict_326,0.32551817219228724,K,0.12,Mo,0.03,Ti,0.01
Predict_327,0.2414983107809309,K,0.12,Ru,0.01,Ti,0.03
Predict_328,0.2788747188934687,K,0.12,Ru,0.02,Ti,0.02
Predict_329,0.34755587184323633,K,0.12,Ru,0.03,Ti,0.01
Predict_330,0.23634871255380255,K,0.12,Rh,0.01,Ti,0.03
Predict_331,0.27581343471216624,K,0.12,Rh,0.02,Ti,0.02
Predict_332,0.2979733772925752,K,0.12,Rh,0.03,Ti,0.01
Predict_333,0.15815272363903532,K,0.12,Pd,0.01,Ti,0.03
Predict_334,0.15548790434984613,K,0.12,Pd,0.02,Ti,0.02
Predict_335,0.15017078896208114,K,0.12,Pd,0.03,Ti,0.01
Predict_336,0.1630232163024697,Ag,0.01,K,0.12,Ti,0.03
Predict_337,0.15773826221727688,Ag,0.02,K,0.12,Ti,0.02
Predict_338,0.16253796008614874,Ag,0.03,K,0.12,Ti,0.01
Predict_339,0.19905258765593525,Cd,0.01,K,0.12,Ti,0.03
Predict_340,0.18690563647927586,Cd,0.02,K,0.12,Ti,0.02
Predict_341,0.19172118160861448,Cd,0.03,K,0.12,Ti,0.01
Predict_342,0.14293124785742412,In,0.01,K,0.12,Ti,0.03
Predict_343,0.13649281489290674,In,0.02,K,0.12,Ti,0.02
Predict_344,0.14768389502340745,In,0.03,K,0.12,Ti,0.01
Predict_345,0.25007853946861186,K,0.12,Sn,0.01,Ti,0.03
Predict_346,0.29828005623138604,K,0.12,Sn,0.02,Ti,0.02
Predict_347,0.31327564612276315,K,0.12,Sn,0.03,Ti,0.01
Predict_348,0.4280361438059663,Ba,0.01,K,0.12,Ti,0.03
Predict_349,0.4292871734192085,Ba,0.02,K,0.12,Ti,0.02
Predict_350,0.4396123353269229,Ba,0.03,K,0.12,Ti,0.01
Predict_351,0.5338107048520763,Hf,0.01,K,0.12,Ti,0.03
Predict_352,0.5904218740185655,Hf,0.02,K,0.12,Ti,0.02
Predict_353,0.6160933277652063,Hf,0.03,K,0.12,Ti,0.01
Predict_354,0.3702232225967289,K,0.12,Ti,0.03,W,0.01
Predict_355,0.3785141179209209,K,0.12,Ti,0.02,W,0.02
Predict_356,0.4045367979616429,K,0.12,Ti,0.01,W,0.03
Predict_357,0.3279728275776849,K,0.12,Re,0.01,Ti,0.03
Predict_358,0.3000443612482264,K,0.12,Re,0.02,Ti,0.02
Predict_359,0.2955461872831301,K,0.12,Re,0.03,Ti,0.01
Predict_360,0.3177085205915301,K,0.12,Os,0.01,Ti,0.03
Predict_361,0.34136508186841696,K,0.12,Os,0.02,Ti,0.02
Predict_362,0.3316615167280376,K,0.12,Os,0.03,Ti,0.01
Predict_363,0.3598446667365903,Ir,0.01,K,0.12,Ti,0.03
Predict_364,0.3482579478681127,Ir,0.02,K,0.12,Ti,0.02
Predict_365,0.3590913785837017,Ir,0.03,K,0.12,Ti,0.01
Predict_366,0.22604938968860025,K,0.12,Pt,0.01,Ti,0.03
Predict_367,0.20367374809312835,K,0.12,Pt,0.02,Ti,0.02
Predict_368,0.2139111825175641,K,0.12,Pt,0.03,Ti,0.01
Predict_369,0.1825796087070403,Au,0.01,K,0.12,Ti,0.03
Predict_370,0.17196566186780834,Au,0.02,K,0.12,Ti,0.02
Predict_371,0.17558225761414384,Au,0.03,K,0.12,Ti,0.01
Predict_372,0.2674761395970659,K,0.12,Pb,0.01,Ti,0.03
Predict_373,0.2512932990723704,K,0.12,Pb,0.02,Ti,0.02
Predict_374,0.2574330084290102,K,0.12,Pb,0.03,Ti,0.01
Predict_375,0.16763549473923992,Bi,0.01,K,0.12,Ti,0.03
Predict_376,0.13209702859322195,Bi,0.02,K,0.12,Ti,0.02
Predict_377,0.1347520593668037,Bi,0.03,K,0.12,Ti,0.01
Predict_378,0.2340508165183455,Cr,0.01,K,0.12,V,0.03
Predict_379,0.23560756296775864,Cr,0.02,K,0.12,V,0.02
Predict_380,0.233222474358889,Cr,0.03,K,0.12,V,0.01
Predict_381,0.23018990691204386,K,0.12,Mn,0.01,V,0.03
Predict_382,0.22959201445075705,K,0.12,Mn,0.02,V,0.02
Predict_383,0.2066529652841754,K,0.12,Mn,0.03,V,0.01
Predict_384,0.2227614269734551,Fe,0.01,K,0.12,V,0.03
Predict_385,0.2235821003501224,Fe,0.02,K,0.12,V,0.02
Predict_386,0.2224042099794216,Fe,0.03,K,0.12,V,0.01
Predict_387,0.22294121912442336,Co,0.01,K,0.12,V,0.03
Predict_388,0.2221028090894488,Co,0.02,K,0.12,V,0.02
Predict_389,0.22367682037120107,Co,0.03,K,0.12,V,0.01
Predict_390,0.17451201344664116,K,0.12,Ni,0.01,V,0.03
Predict_391,0.17583021071877275,K,0.12,Ni,0.02,V,0.02
Predict_392,0.18082907825676664,K,0.12,Ni,0.03,V,0.01
Predict_393,0.17431347875123127,Cu,0.01,K,0.12,V,0.03
Predict_394,0.1785461108581308,Cu,0.02,K,0.12,V,0.02
Predict_395,0.1430442152601276,Cu,0.03,K,0.12,V,0.01
Predict_396,0.1622403622006602,K,0.12,V,0.03,Zn,0.01
Predict_397,0.15317316826212085,K,0.12,V,0.02,Zn,0.02
Predict_398,0.15796162343742953,K,0.12,V,0.01,Zn,0.03
Predict_399,0.4582966604732501,K,0.12,Sr,0.01,V,0.03
Predict_400,0.4187410912151174,K,0.12,Sr,0.02,V,0.02
Predict_401,0.4150296541192791,K,0.12,Sr,0.03,V,0.01
Predict_402,0.44025726070949583,K,0.12,V,0.03,Y,0.01
Predict_403,0.3979234183343403,K,0.12,V,0.02,Y,0.02
Predict_404,0.3876416113104631,K,0.12,V,0.01,Y,0.03
Predict_405,0.3883892316673638,K,0.12,V,0.03,Zr,0.01
Predict_406,0.3918612926666177,K,0.12,V,0.02,Zr,0.02
Predict_407,0.4280002089887681,K,0.12,V,0.01,Zr,0.03
Predict_408,0.3927668157997217,K,0.12,Nb,0.01,V,0.03
Predict_409,0.4259997866047017,K,0.12,Nb,0.02,V,0.02
Predict_410,0.45131648315533796,K,0.12,Nb,0.03,V,0.01
Predict_411,0.2401346502548629,K,0.12,Mo,0.01,V,0.03
Predict_412,0.2468699511632041,K,0.12,Mo,0.02,V,0.02
Predict_413,0.2579717303048255,K,0.12,Mo,0.03,V,0.01
Predict_414,0.2365320226342585,K,0.12,Ru,0.01,V,0.03
Predict_415,0.2759392373582843,K,0.12,Ru,0.02,V,0.02
Predict_416,0.3273911084084953,K,0.12,Ru,0.03,V,0.01
Predict_417,0.195055440474396,K,0.12,Rh,0.01,V,0.03
Predict_418,0.2573936210983169,K,0.12,Rh,0.02,V,0.02
Predict_419,0.27403386479572645,K,0.12,Rh,0.03,V,0.01
Predict_420,0.15440872661073451,K,0.12,Pd,0.01,V,0.03
Predict_421,0.15751856330233605,K,0.12,Pd,0.02,V,0.02
Predict_422,0.1369108830977286,K,0.12,Pd,0.03,V,0.01
Predict_423,0.16349860959626827,Ag,0.01,K,0.12,V,0.03
Predict_424,0.16107864069624653,Ag,0.02,K,0.12,V,0.02
Predict_425,0.1639523044643278,Ag,0.03,K,0.12,V,0.01
Predict_426,0.19967382172151832,Cd,0.01,K,0.12,V,0.03
Predict_427,0.1920018070666413,Cd,0.02,K,0.12,V,0.02
Predict_428,0.19739427344405194,Cd,0.03,K,0.12,V,0.01
Predict_429,0.125425822925717,In,0.01,K,0.12,V,0.03
Predict_430,0.1278942874197403,In,0.02,K,0.12,V,0.02
Predict_431,0.14019089792621955,In,0.03,K,0.12,V,0.01
Predict_432,0.28375442357035674,K,0.12,Sn,0.01,V,0.03
Predict_433,0.2982270597021682,K,0.12,Sn,0.02,V,0.02
Predict_434,0.3023559793610681,K,0.12,Sn,0.03,V,0.01
Predict_435,0.4694256904111049,Ba,0.01,K,0.12,V,0.03
Predict_436,0.4291343354029522,Ba,0.02,K,0.12,V,0.02
Predict_437,0.4363118541478477,Ba,0.03,K,0.12,V,0.01
Predict_438,0.4091349926610465,Hf,0.01,K,0.12,V,0.03
Predict_439,0.4047281458019125,Hf,0.02,K,0.12,V,0.02
Predict_440,0.4132635228041452,Hf,0.03,K,0.12,V,0.01
Predict_441,0.2408945521076099,K,0.12,V,0.03,W,0.01
Predict_442,0.1907951592886256,K,0.12,V,0.02,W,0.02
Predict_443,0.19228519873480251,K,0.12,V,0.01,W,0.03
Predict_444,0.3192351499853785,K,0.12,Re,0.01,V,0.03
Predict_445,0.2791159043133019,K,0.12,Re,0.02,V,0.02
Predict_446,0.27517151314390376,K,0.12,Re,0.03,V,0.01
Predict_447,0.3455207199325345,K,0.12,Os,0.01,V,0.03
Predict_448,0.3198617663341153,K,0.12,Os,0.02,V,0.02
Predict_449,0.3207397989877383,K,0.12,Os,0.03,V,0.01
Predict_450,0.33950718840174715,Ir,0.01,K,0.12,V,0.03
Predict_451,0.3327005702541729,Ir,0.02,K,0.12,V,0.02
Predict_452,0.330388231956084,Ir,0.03,K,0.12,V,0.01
Predict_453,0.14211256883328294,K,0.12,Pt,0.01,V,0.03
Predict_454,0.12696108201954753,K,0.12,Pt,0.02,V,0.02
Predict_455,0.10600095853709676,K,0.12,Pt,0.03,V,0.01
Predict_456,0.14390111514672962,Au,0.01,K,0.12,V,0.03
Predict_457,0.1366934019285509,Au,0.02,K,0.12,V,0.02
Predict_458,0.11699480961396212,Au,0.03,K,0.12,V,0.01
Predict_459,0.27782315906713034,K,0.12,Pb,0.01,V,0.03
Predict_460,0.2411491237972697,K,0.12,Pb,0.02,V,0.02
Predict_461,0.2424476701872293,K,0.12,Pb,0.03,V,0.01
Predict_462,0.17481329785082333,Bi,0.01,K,0.12,V,0.03
Predict_463,0.12415818788615915,Bi,0.02,K,0.12,V,0.02
Predict_464,0.12503140363080387,Bi,0.03,K,0.12,V,0.01
Predict_465,0.19242117053487914,Cr,0.03,K,0.12,Mn,0.01
Predict_466,0.1902229583265306,Cr,0.02,K,0.12,Mn,0.02
Predict_467,0.18098478840241275,Cr,0.01,K,0.12,Mn,0.03
Predict_468,0.1883140434252727,Cr,0.03,Fe,0.01,K,0.12
Predict_469,0.188321392212525,Cr,0.02,Fe,0.02,K,0.12
Predict_470,0.19142843489088687,Cr,0.01,Fe,0.03,K,0.12
Predict_471,0.16060173243670914,Co,0.01,Cr,0.03,K,0.12
Predict_472,0.16222232328310487,Co,0.02,Cr,0.02,K,0.12
Predict_473,0.1621830925057138,Co,0.03,Cr,0.01,K,0.12
Predict_474,0.15878340821235085,Cr,0.03,K,0.12,Ni,0.01
Predict_475,0.16723731762745364,Cr,0.02,K,0.12,Ni,0.02
Predict_476,0.1379046836232224,Cr,0.01,K,0.12,Ni,0.03
Predict_477,0.1775027539306036,Cr,0.03,Cu,0.01,K,0.12
Predict_478,0.1830395242055795,Cr,0.02,Cu,0.02,K,0.12
Predict_479,0.15218373412797634,Cr,0.01,Cu,0.03,K,0.12
Predict_480,0.15359565257430288,Cr,0.03,K,0.12,Zn,0.01
Predict_481,0.15298550946096426,Cr,0.02,K,0.12,Zn,0.02
Predict_482,0.14532103340879468,Cr,0.01,K,0.12,Zn,0.03
Predict_483,0.5361343376592983,Cr,0.03,K,0.12,Sr,0.01
Predict_484,0.4169556498889986,Cr,0.02,K,0.12,Sr,0.02
Predict_485,0.4006080838931873,Cr,0.01,K,0.12,Sr,0.03
Predict_486,0.5403976866514529,Cr,0.03,K,0.12,Y,0.01
Predict_487,0.4601265649896905,Cr,0.02,K,0.12,Y,0.02
Predict_488,0.4258808596901175,Cr,0.01,K,0.12,Y,0.03
Predict_489,0.3747210353728656,Cr,0.03,K,0.12,Zr,0.01
Predict_490,0.3950041714220369,Cr,0.02,K,0.12,Zr,0.02
Predict_491,0.4119280379645733,Cr,0.01,K,0.12,Zr,0.03
Predict_492,0.30940665808461365,Cr,0.03,K,0.12,Nb,0.01
Predict_493,0.31679881988310743,Cr,0.02,K,0.12,Nb,0.02
Predict_494,0.3383451130969283,Cr,0.01,K,0.12,Nb,0.03
Predict_495,0.18666515088309926,Cr,0.03,K,0.12,Mo,0.01
Predict_496,0.21556888258879486,Cr,0.02,K,0.12,Mo,0.02
Predict_497,0.2162020425255648,Cr,0.01,K,0.12,Mo,0.03
Predict_498,0.20202268396937728,Cr,0.03,K,0.12,Ru,0.01
Predict_499,0.2390703106500678,Cr,0.02,K,0.12,Ru,0.02
Predict_500,0.30379771984279536,Cr,0.01,K,0.12,Ru,0.03
Predict_501,0.16726373953572346,Cr,0.03,K,0.12,Rh,0.01
Predict_502,0.2306693592574211,Cr,0.02,K,0.12,Rh,0.02
Predict_503,0.25149888042123264,Cr,0.01,K,0.12,Rh,0.03
Predict_504,0.17239142847905836,Cr,0.03,K,0.12,Pd,0.01
Predict_505,0.1744912569145388,Cr,0.02,K,0.12,Pd,0.02
Predict_506,0.1513824976653223,Cr,0.01,K,0.12,Pd,0.03
Predict_507,0.18410279045358235,Ag,0.01,Cr,0.03,K,0.12
Predict_508,0.17594330016540558,Ag,0.02,Cr,0.02,K,0.12
Predict_509,0.16584279844692382,Ag,0.03,Cr,0.01,K,0.12
Predict_510,0.16464213942867287,Cd,0.01,Cr,0.03,K,0.12
Predict_511,0.17007064283005374,Cd,0.02,Cr,0.02,K,0.12
Predict_512,0.16979808186517262,Cd,0.03,Cr,0.01,K,0.12
Predict_513,0.13393963424127844,Cr,0.03,In,0.01,K,0.12
Predict_514,0.13914789830026175,Cr,0.02,In,0.02,K,0.12
Predict_515,0.14170131801012129,Cr,0.01,In,0.03,K,0.12
Predict_516,0.18393940864506392,Cr,0.03,K,0.12,Sn,0.01
Predict_517,0.184250397863672,Cr,0.02,K,0.12,Sn,0.02
Predict_518,0.18672859663089084,Cr,0.01,K,0.12,Sn,0.03
Predict_519,0.5552782218828958,Ba,0.01,Cr,0.03,K,0.12
Predict_520,0.4418956300933701,Ba,0.02,Cr,0.02,K,0.12
Predict_521,0.436546113357281,Ba,0.03,Cr,0.01,K,0.12
Predict_522,0.458217965896675,Cr,0.03,Hf,0.01,K,0.12
Predict_523,0.43626656976859457,Cr,0.02,Hf,0.02,K,0.12
Predict_524,0.4416715750338922,Cr,0.01,Hf,0.03,K,0.12
Predict_525,0.20619966479065893,Cr,0.03,K,0.12,W,0.01
Predict_526,0.15603545143700912,Cr,0.02,K,0.12,W,0.02
Predict_527,0.14363290927431285,Cr,0.01,K,0.12,W,0.03
Predict_528,0.3628833624779528,Cr,0.03,K,0.12,Re,0.01
Predict_529,0.3263854629572046,Cr,0.02,K,0.12,Re,0.02
Predict_530,0.28852703703066945,Cr,0.01,K,0.12,Re,0.03
Predict_531,0.35974062431898424,Cr,0.03,K,0.12,Os,0.01
Predict_532,0.33949222921160066,Cr,0.02,K,0.12,Os,0.02
Predict_533,0.34553372542774474,Cr,0.01,K,0.12,Os,0.03
Predict_534,0.36041390931740336,Cr,0.03,Ir,0.01,K,0.12
Predict_535,0.35613557305114424,Cr,0.02,Ir,0.02,K,0.12
Predict_536,0.3538185264378908,Cr,0.01,Ir,0.03,K,0.12
Predict_537,0.16601915891513155,Cr,0.03,K,0.12,Pt,0.01
Predict_538,0.14991790983917844,Cr,0.02,K,0.12,Pt,0.02
Predict_539,0.1111254619755042,Cr,0.01,K,0.12,Pt,0.03
Predict_540,0.1798254513305796,Au,0.01,Cr,0.03,K,0.12
Predict_541,0.1522910862616483,Au,0.02,Cr,0.02,K,0.12
Predict_542,0.12502868870801792,Au,0.03,Cr,0.01,K,0.12
Predict_543,0.17618316835453193,Cr,0.03,K,0.12,Pb,0.01
Predict_544,0.1658051751775625,Cr,0.02,K,0.12,Pb,0.02
Predict_545,0.14721850255098926,Cr,0.01,K,0.12,Pb,0.03
Predict_546,0.1393266997690377,Bi,0.01,Cr,0.03,K,0.12
Predict_547,0.10204153832238166,Bi,0.02,Cr,0.02,K,0.12
Predict_548,0.10171486204151912,Bi,0.03,Cr,0.01,K,0.12
Predict_549,0.19695761956536853,Fe,0.01,K,0.12,Mn,0.03
Predict_550,0.19695761956536853,Fe,0.02,K,0.12,Mn,0.02
Predict_551,0.20359829017359296,Fe,0.03,K,0.12,Mn,0.01
Predict_552,0.16314873429791546,Co,0.01,K,0.12,Mn,0.03
Predict_553,0.1662950077536684,Co,0.02,K,0.12,Mn,0.02
Predict_554,0.1475678324776055,Co,0.03,K,0.12,Mn,0.01
Predict_555,0.16115010411305453,K,0.12,Mn,0.03,Ni,0.01
Predict_556,0.14115832399779374,K,0.12,Mn,0.02,Ni,0.02
Predict_557,0.1393798917476398,K,0.12,Mn,0.01,Ni,0.03
Predict_558,0.17199832870852955,Cu,0.01,K,0.12,Mn,0.03
Predict_559,0.15320563727495026,Cu,0.02,K,0.12,Mn,0.02
Predict_560,0.1586905314548572,Cu,0.03,K,0.12,Mn,0.01
Predict_561,0.15110512407386348,K,0.12,Mn,0.03,Zn,0.01
Predict_562,0.1531677286457733,K,0.12,Mn,0.02,Zn,0.02
Predict_563,0.1456899752031348,K,0.12,Mn,0.01,Zn,0.03
Predict_564,0.4525805415433565,K,0.12,Mn,0.03,Sr,0.01
Predict_565,0.40958238325636975,K,0.12,Mn,0.02,Sr,0.02
Predict_566,0.3997328124713165,K,0.12,Mn,0.01,Sr,0.03
Predict_567,0.3043069069274393,K,0.12,Mn,0.03,Y,0.01
Predict_568,0.3199056535023279,K,0.12,Mn,0.02,Y,0.02
Predict_569,0.2923607251768597,K,0.12,Mn,0.01,Y,0.03
Predict_570,0.3296958780431904,K,0.12,Mn,0.03,Zr,0.01
Predict_571,0.3417876112003742,K,0.12,Mn,0.02,Zr,0.02
Predict_572,0.3703335469708513,K,0.12,Mn,0.01,Zr,0.03
Predict_573,0.3221011909134664,K,0.12,Mn,0.03,Nb,0.01
Predict_574,0.3339453225399997,K,0.12,Mn,0.02,Nb,0.02
Predict_575,0.3943076527077208,K,0.12,Mn,0.01,Nb,0.03
Predict_576,0.22068446569996536,K,0.12,Mn,0.03,Mo,0.01
Predict_577,0.23050481503976356,K,0.12,Mn,0.02,Mo,0.02
Predict_578,0.25458721687021346,K,0.12,Mn,0.01,Mo,0.03
Predict_579,0.16252324444713878,K,0.12,Mn,0.03,Ru,0.01
Predict_580,0.1932747253708693,K,0.12,Mn,0.02,Ru,0.02
Predict_581,0.22273343138926416,K,0.12,Mn,0.01,Ru,0.03
Predict_582,0.15361153495800356,K,0.12,Mn,0.03,Rh,0.01
Predict_583,0.22315277012547172,K,0.12,Mn,0.02,Rh,0.02
Predict_584,0.2274129396460111,K,0.12,Mn,0.01,Rh,0.03
Predict_585,0.1648675406811186,K,0.12,Mn,0.03,Pd,0.01
Predict_586,0.1566653247438528,K,0.12,Mn,0.02,Pd,0.02
Predict_587,0.15026314097536642,K,0.12,Mn,0.01,Pd,0.03
Predict_588,0.18043467532876356,Ag,0.01,K,0.12,Mn,0.03
Predict_589,0.1703242105043726,Ag,0.02,K,0.12,Mn,0.02
Predict_590,0.15812243438654966,Ag,0.03,K,0.12,Mn,0.01
Predict_591,0.15634054158909552,Cd,0.01,K,0.12,Mn,0.03
Predict_592,0.15936034633386326,Cd,0.02,K,0.12,Mn,0.02
Predict_593,0.1407371277783077,Cd,0.03,K,0.12,Mn,0.01
Predict_594,0.14276068871868686,In,0.01,K,0.12,Mn,0.03
Predict_595,0.1449329702148611,In,0.02,K,0.12,Mn,0.02
Predict_596,0.14864198706999893,In,0.03,K,0.12,Mn,0.01
Predict_597,0.18028286165902696,K,0.12,Mn,0.03,Sn,0.01
Predict_598,0.1826798183232205,K,0.12,Mn,0.02,Sn,0.02
Predict_599,0.17082341771834025,K,0.12,Mn,0.01,Sn,0.03
Predict_600,0.4720151320674554,Ba,0.01,K,0.12,Mn,0.03
Predict_601,0.4168910706162644,Ba,0.02,K,0.12,Mn,0.02
Predict_602,0.4171183642794544,Ba,0.03,K,0.12,Mn,0.01
Predict_603,0.2468407912175432,Hf,0.01,K,0.12,Mn,0.03
Predict_604,0.2532926181729041,Hf,0.02,K,0.12,Mn,0.02
Predict_605,0.2772817661548065,Hf,0.03,K,0.12,Mn,0.01
Predict_606,0.2191582009901612,K,0.12,Mn,0.03,W,0.01
Predict_607,0.20057319581027053,K,0.12,Mn,0.02,W,0.02
Predict_608,0.19285644155202875,K,0.12,Mn,0.01,W,0.03
Predict_609,0.3018828791267165,K,0.12,Mn,0.03,Re,0.01
Predict_610,0.31034996228491546,K,0.12,Mn,0.02,Re,0.02
Predict_611,0.28061471868465104,K,0.12,Mn,0.01,Re,0.03
Predict_612,0.2945150228213516,K,0.12,Mn,0.03,Os,0.01
Predict_613,0.3243108332579219,K,0.12,Mn,0.02,Os,0.02
Predict_614,0.3243329887605112,K,0.12,Mn,0.01,Os,0.03
Predict_615,0.294004869208459,Ir,0.01,K,0.12,Mn,0.03
Predict_616,0.3175520142125337,Ir,0.02,K,0.12,Mn,0.02
Predict_617,0.3069862520350187,Ir,0.03,K,0.12,Mn,0.01
Predict_618,0.1599239565061958,K,0.12,Mn,0.03,Pt,0.01
Predict_619,0.1245211739678625,K,0.12,Mn,0.02,Pt,0.02
Predict_620,0.1174673417533172,K,0.12,Mn,0.01,Pt,0.03
Predict_621,0.16891021846901388,Au,0.01,K,0.12,Mn,0.03
Predict_622,0.12589777326547627,Au,0.02,K,0.12,Mn,0.02
Predict_623,0.12522914306168784,Au,0.03,K,0.12,Mn,0.01
Predict_624,0.1792037446987244,K,0.12,Mn,0.03,Pb,0.01
Predict_625,0.16081385681982305,K,0.12,Mn,0.02,Pb,0.02
Predict_626,0.1478671632562096,K,0.12,Mn,0.01,Pb,0.03
Predict_627,0.12751236223377874,Bi,0.01,K,0.12,Mn,0.03
Predict_628,0.11166713398041384,Bi,0.02,K,0.12,Mn,0.02
Predict_629,0.11249245150331827,Bi,0.03,K,0.12,Mn,0.01
Predict_630,0.15048321953110044,Co,0.01,Fe,0.03,K,0.12
Predict_631,0.13294856213117467,Co,0.02,Fe,0.02,K,0.12
Predict_632,0.13342071024596194,Co,0.03,Fe,0.01,K,0.12
Predict_633,0.13372736322864942,Fe,0.03,K,0.12,Ni,0.01
Predict_634,0.13372736322864942,Fe,0.02,K,0.12,Ni,0.02
Predict_635,0.13657736284498176,Fe,0.01,K,0.12,Ni,0.03
Predict_636,0.1426670435802833,Cu,0.01,Fe,0.03,K,0.12
Predict_637,0.14204370383301015,Cu,0.02,Fe,0.02,K,0.12
Predict_638,0.14367712419349332,Cu,0.03,Fe,0.01,K,0.12
Predict_639,0.1358829841548811,Fe,0.03,K,0.12,Zn,0.01
Predict_640,0.1428185311923205,Fe,0.02,K,0.12,Zn,0.02
Predict_641,0.1351400162761607,Fe,0.01,K,0.12,Zn,0.03
Predict_642,0.32292107453384306,Fe,0.03,K,0.12,Sr,0.01
Predict_643,0.2937947338265786,Fe,0.02,K,0.12,Sr,0.02
Predict_644,0.2951535771127853,Fe,0.01,K,0.12,Sr,0.03
Predict_645,0.3278899966563409,Fe,0.03,K,0.12,Y,0.01
Predict_646,0.3390224965272509,Fe,0.02,K,0.12,Y,0.02
Predict_647,0.3089567960045713,Fe,0.01,K,0.12,Y,0.03
Predict_648,0.33189426146709977,Fe,0.03,K,0.12,Zr,0.01
Predict_649,0.351614110863928,Fe,0.02,K,0.12,Zr,0.02
Predict_650,0.36097044499937697,Fe,0.01,K,0.12,Zr,0.03
Predict_651,0.22449513889798126,Fe,0.03,K,0.12,Nb,0.01
Predict_652,0.22686088668008855,Fe,0.02,K,0.12,Nb,0.02
Predict_653,0.2621396696872417,Fe,0.01,K,0.12,Nb,0.03
Predict_654,0.17722027033551535,Fe,0.03,K,0.12,Mo,0.01
Predict_655,0.19383699673958088,Fe,0.02,K,0.12,Mo,0.02
Predict_656,0.18301433178131904,Fe,0.01,K,0.12,Mo,0.03
Predict_657,0.14623871938007182,Fe,0.03,K,0.12,Ru,0.01
Predict_658,0.1681934861575719,Fe,0.02,K,0.12,Ru,0.02
Predict_659,0.2298080341469093,Fe,0.01,K,0.12,Ru,0.03
Predict_660,0.1563076708237056,Fe,0.03,K,0.12,Rh,0.01
Predict_661,0.20689465613429828,Fe,0.02,K,0.12,Rh,0.02
Predict_662,0.22433394311731092,Fe,0.01,K,0.12,Rh,0.03
Predict_663,0.1331052759694672,Fe,0.03,K,0.12,Pd,0.01
Predict_664,0.13952980976791954,Fe,0.02,K,0.12,Pd,0.02
Predict_665,0.13161341949891844,Fe,0.01,K,0.12,Pd,0.03
Predict_666,0.13326746114618404,Ag,0.01,Fe,0.03,K,0.12
Predict_667,0.1229748293918295,Ag,0.02,Fe,0.02,K,0.12
Predict_668,0.12181116329702504,Ag,0.03,Fe,0.01,K,0.12
Predict_669,0.124737040829428,Cd,0.01,Fe,0.03,K,0.12
Predict_670,0.11647725954714724,Cd,0.02,Fe,0.02,K,0.12
Predict_671,0.11647725954714724,Cd,0.03,Fe,0.01,K,0.12
Predict_672,0.12261754281762632,Fe,0.03,In,0.01,K,0.12
Predict_673,0.11773744724757468,Fe,0.02,In,0.02,K,0.12
Predict_674,0.1195406811843145,Fe,0.01,In,0.03,K,0.12
Predict_675,0.15753168595798428,Fe,0.03,K,0.12,Sn,0.01
Predict_676,0.15763001905719576,Fe,0.02,K,0.12,Sn,0.02
Predict_677,0.1509651822875709,Fe,0.01,K,0.12,Sn,0.03
Predict_678,0.4425668471885488,Ba,0.01,Fe,0.03,K,0.12
Predict_679,0.3868237840573864,Ba,0.02,Fe,0.02,K,0.12
Predict_680,0.3862200756469628,Ba,0.03,Fe,0.01,K,0.12
Predict_681,0.2561740896618957,Fe,0.03,Hf,0.01,K,0.12
Predict_682,0.2299099327917912,Fe,0.02,Hf,0.02,K,0.12
Predict_683,0.2396691570590848,Fe,0.01,Hf,0.03,K,0.12
Predict_684,0.16906290186989448,Fe,0.03,K,0.12,W,0.01
Predict_685,0.16016044973053606,Fe,0.02,K,0.12,W,0.02
Predict_686,0.12953346084486733,Fe,0.01,K,0.12,W,0.03
Predict_687,0.2919715860630719,Fe,0.03,K,0.12,Re,0.01
Predict_688,0.2890324448632979,Fe,0.02,K,0.12,Re,0.02
Predict_689,0.2681299246761968,Fe,0.01,K,0.12,Re,0.03
Predict_690,0.289185080186519,Fe,0.03,K,0.12,Os,0.01
Predict_691,0.29704267619553165,Fe,0.02,K,0.12,Os,0.02
Predict_692,0.2931592042310615,Fe,0.01,K,0.12,Os,0.03
Predict_693,0.31685521466069244,Fe,0.03,Ir,0.01,K,0.12
Predict_694,0.2940207816267125,Fe,0.02,Ir,0.02,K,0.12
Predict_695,0.29436733963930783,Fe,0.01,Ir,0.03,K,0.12
Predict_696,0.11161561573053563,Fe,0.03,K,0.12,Pt,0.01
Predict_697,0.0960133934232773,Fe,0.02,K,0.12,Pt,0.02
Predict_698,0.08634976434379002,Fe,0.01,K,0.12,Pt,0.03
Predict_699,0.12616603495569484,Au,0.01,Fe,0.03,K,0.12
Predict_700,0.11061653927126372,Au,0.02,Fe,0.02,K,0.12
Predict_701,0.10742868721410093,Au,0.03,Fe,0.01,K,0.12
Predict_702,0.14516020493825635,Fe,0.03,K,0.12,Pb,0.01
Predict_703,0.12917019578620798,Fe,0.02,K,0.12,Pb,0.02
Predict_704,0.13011057620370853,Fe,0.01,K,0.12,Pb,0.03
Predict_705,0.09870649192259276,Bi,0.01,Fe,0.03,K,0.12
Predict_706,0.08441718231491346,Bi,0.02,Fe,0.02,K,0.12
Predict_707,0.08276307025468096,Bi,0.03,Fe,0.01,K,0.12
Predict_708,0.1362153424281201,Co,0.03,K,0.12,Ni,0.01
Predict_709,0.13859319392966518,Co,0.02,K,0.12,Ni,0.02
Predict_710,0.137415845451207,Co,0.01,K,0.12,Ni,0.03
Predict_711,0.14415027496721658,Co,0.03,Cu,0.01,K,0.12
Predict_712,0.14600205163304136,Co,0.02,Cu,0.02,K,0.12
Predict_713,0.14597709048030189,Co,0.01,Cu,0.03,K,0.12
Predict_714,0.14011719708878764,Co,0.03,K,0.12,Zn,0.01
Predict_715,0.14433032965140066,Co,0.02,K,0.12,Zn,0.02
Predict_716,0.1423802542012041,Co,0.01,K,0.12,Zn,0.03
Predict_717,0.3664019354778677,Co,0.03,K,0.12,Sr,0.01
Predict_718,0.3070322442646884,Co,0.02,K,0.12,Sr,0.02
Predict_719,0.2987823584176519,Co,0.01,K,0.12,Sr,0.03
Predict_720,0.35726833258942586,Co,0.03,K,0.12,Y,0.01
Predict_721,0.34989613680757264,Co,0.02,K,0.12,Y,0.02
Predict_722,0.2900323839622001,Co,0.01,K,0.12,Y,0.03
Predict_723,0.27898614275804634,Co,0.03,K,0.12,Zr,0.01
Predict_724,0.29733990180080005,Co,0.02,K,0.12,Zr,0.02
Predict_725,0.3007811010075823,Co,0.01,K,0.12,Zr,0.03
Predict_726,0.2379900886339467,Co,0.03,K,0.12,Nb,0.01
Predict_727,0.2344260885073391,Co,0.02,K,0.12,Nb,0.02
Predict_728,0.25522194379903473,Co,0.01,K,0.12,Nb,0.03
Predict_729,0.142510158099607,Co,0.03,K,0.12,Mo,0.01
Predict_730,0.1550811911890224,Co,0.02,K,0.12,Mo,0.02
Predict_731,0.15274604407918166,Co,0.01,K,0.12,Mo,0.03
Predict_732,0.13357142484945125,Co,0.03,K,0.12,Ru,0.01
Predict_733,0.18354617778609994,Co,0.02,K,0.12,Ru,0.02
Predict_734,0.2540543848650594,Co,0.01,K,0.12,Ru,0.03
Predict_735,0.1319973421112407,Co,0.03,K,0.12,Rh,0.01
Predict_736,0.1877035763490761,Co,0.02,K,0.12,Rh,0.02
Predict_737,0.2323678969395149,Co,0.01,K,0.12,Rh,0.03
Predict_738,0.11486705167156475,Co,0.03,K,0.12,Pd,0.01
Predict_739,0.1175116037700618,Co,0.02,K,0.12,Pd,0.02
Predict_740,0.11684413309762146,Co,0.01,K,0.12,Pd,0.03
Predict_741,0.12637924227691225,Ag,0.01,Co,0.03,K,0.12
Predict_742,0.12294358087725805,Ag,0.02,Co,0.02,K,0.12
Predict_743,0.1210115388533355,Ag,0.03,Co,0.01,K,0.12
Predict_744,0.12379621381399165,Cd,0.01,Co,0.03,K,0.12
Predict_745,0.11834884997536045,Cd,0.02,Co,0.02,K,0.12
Predict_746,0.11520257651960755,Cd,0.03,Co,0.01,K,0.12
Predict_747,0.1083259752465516,Co,0.03,In,0.01,K,0.12
Predict_748,0.12596138278578586,Co,0.02,In,0.02,K,0.12
Predict_749,0.1268420359350563,Co,0.01,In,0.03,K,0.12
Predict_750,0.1505336142162679,Co,0.03,K,0.12,Sn,0.01
Predict_751,0.15111271214806452,Co,0.02,K,0.12,Sn,0.02
Predict_752,0.14062886642506764,Co,0.01,K,0.12,Sn,0.03
Predict_753,0.5249497219475432,Ba,0.01,Co,0.03,K,0.12
Predict_754,0.4389572521277242,Ba,0.02,Co,0.02,K,0.12
Predict_755,0.3853983743152832,Ba,0.03,Co,0.01,K,0.12
Predict_756,0.24276383591451964,Co,0.03,Hf,0.01,K,0.12
Predict_757,0.20962717931731528,Co,0.02,Hf,0.02,K,0.12
Predict_758,0.2137097162714145,Co,0.01,Hf,0.03,K,0.12
Predict_759,0.16078055561593976,Co,0.03,K,0.12,W,0.01
Predict_760,0.14828665685697287,Co,0.02,K,0.12,W,0.02
Predict_761,0.11671006918215653,Co,0.01,K,0.12,W,0.03
Predict_762,0.16610427641050174,Co,0.03,K,0.12,Re,0.01
Predict_763,0.16159200772981666,Co,0.02,K,0.12,Re,0.02
Predict_764,0.16056821971967494,Co,0.01,K,0.12,Re,0.03
Predict_765,0.17442859405926664,Co,0.03,K,0.12,Os,0.01
Predict_766,0.15216317496786325,Co,0.02,K,0.12,Os,0.02
Predict_767,0.1668730481981988,Co,0.01,K,0.12,Os,0.03
Predict_768,0.16619349799682348,Co,0.03,Ir,0.01,K,0.12
Predict_769,0.15572472163952866,Co,0.02,Ir,0.02,K,0.12
Predict_770,0.15328326378096707,Co,0.01,Ir,0.03,K,0.12
Predict_771,0.1319258493506232,Co,0.03,K,0.12,Pt,0.01
Predict_772,0.11434598287881648,Co,0.02,K,0.12,Pt,0.02
Predict_773,0.10569817158165716,Co,0.01,K,0.12,Pt,0.03
Predict_774,0.16380790919980093,Au,0.01,Co,0.03,K,0.12
Predict_775,0.12536650705853108,Au,0.02,Co,0.02,K,0.12
Predict_776,0.12335600347982645,Au,0.03,Co,0.01,K,0.12
Predict_777,0.11045163834457147,Co,0.03,K,0.12,Pb,0.01
Predict_778,0.09314402682492233,Co,0.02,K,0.12,Pb,0.02
Predict_779,0.094668473468423,Co,0.01,K,0.12,Pb,0.03
Predict_780,0.09997851722964456,Bi,0.01,Co,0.03,K,0.12
Predict_781,0.0822779346487297,Bi,0.02,Co,0.02,K,0.12
Predict_782,0.08126940749033912,Bi,0.03,Co,0.01,K,0.12
Predict_783,0.1409453867231562,Cu,0.01,K,0.12,Ni,0.03
Predict_784,0.1409453867231562,Cu,0.02,K,0.12,Ni,0.02
Predict_785,0.1409453867231562,Cu,0.03,K,0.12,Ni,0.01
Predict_786,0.13501941736012996,K,0.12,Ni,0.03,Zn,0.01
Predict_787,0.13949561568102928,K,0.12,Ni,0.02,Zn,0.02
Predict_788,0.13862440938695827,K,0.12,Ni,0.01,Zn,0.03
Predict_789,0.5715032773116762,K,0.12,Ni,0.03,Sr,0.01
Predict_790,0.4767397726805057,K,0.12,Ni,0.02,Sr,0.02
Predict_791,0.42340269578009865,K,0.12,Ni,0.01,Sr,0.03
Predict_792,0.29589856555086225,K,0.12,Ni,0.03,Y,0.01
Predict_793,0.29950522058095536,K,0.12,Ni,0.02,Y,0.02
Predict_794,0.30100339979915464,K,0.12,Ni,0.01,Y,0.03
Predict_795,0.24270071412066996,K,0.12,Ni,0.03,Zr,0.01
Predict_796,0.2446399281202469,K,0.12,Ni,0.02,Zr,0.02
Predict_797,0.26150791683938285,K,0.12,Ni,0.01,Zr,0.03
Predict_798,0.17941294347693545,K,0.12,Nb,0.01,Ni,0.03
Predict_799,0.17135451637242305,K,0.12,Nb,0.02,Ni,0.02
Predict_800,0.1872464091222212,K,0.12,Nb,0.03,Ni,0.01
Predict_801,0.15867364061051445,K,0.12,Mo,0.01,Ni,0.03
Predict_802,0.17515740133028412,K,0.12,Mo,0.02,Ni,0.02
Predict_803,0.15470005365461956,K,0.12,Mo,0.03,Ni,0.01
Predict_804,0.13315051459526794,K,0.12,Ni,0.03,Ru,0.01
Predict_805,0.19158788030733234,K,0.12,Ni,0.02,Ru,0.02
Predict_806,0.2642704038969106,K,0.12,Ni,0.01,Ru,0.03
Predict_807,0.11918190257005445,K,0.12,Ni,0.03,Rh,0.01
Predict_808,0.16854136725999574,K,0.12,Ni,0.02,Rh,0.02
Predict_809,0.19110925423691197,K,0.12,Ni,0.01,Rh,0.03
Predict_810,0.12155520619472247,K,0.12,Ni,0.03,Pd,0.01
Predict_811,0.12404958022062193,K,0.12,Ni,0.02,Pd,0.02
Predict_812,0.1265255830824283,K,0.12,Ni,0.01,Pd,0.03
Predict_813,0.12524611260160312,Ag,0.01,K,0.12,Ni,0.03
Predict_814,0.12702656194446452,Ag,0.02,K,0.12,Ni,0.02
Predict_815,0.12171037111194775,Ag,0.03,K,0.12,Ni,0.01
Predict_816,0.12581462371027666,Cd,0.01,K,0.12,Ni,0.03
Predict_817,0.1201654923888342,Cd,0.02,K,0.12,Ni,0.02
Predict_818,0.11740742681753286,Cd,0.03,K,0.12,Ni,0.01
Predict_819,0.1118039693569993,In,0.01,K,0.12,Ni,0.03
Predict_820,0.12412149403773914,In,0.02,K,0.12,Ni,0.02
Predict_821,0.1301482830209701,In,0.03,K,0.12,Ni,0.01
Predict_822,0.10834428225740124,K,0.12,Ni,0.03,Sn,0.01
Predict_823,0.10919180550599472,K,0.12,Ni,0.02,Sn,0.02
Predict_824,0.10767075217833602,K,0.12,Ni,0.01,Sn,0.03
Predict_825,0.5878249983492609,Ba,0.01,K,0.12,Ni,0.03
Predict_826,0.5396299768194545,Ba,0.02,K,0.12,Ni,0.02
Predict_827,0.4401508308500682,Ba,0.03,K,0.12,Ni,0.01
Predict_828,0.2008511979679069,Hf,0.01,K,0.12,Ni,0.03
Predict_829,0.17176999991229394,Hf,0.02,K,0.12,Ni,0.02
Predict_830,0.17499738998899098,Hf,0.03,K,0.12,Ni,0.01
Predict_831,0.13153853792395226,K,0.12,Ni,0.03,W,0.01
Predict_832,0.14665846088299173,K,0.12,Ni,0.02,W,0.02
Predict_833,0.11032628564589507,K,0.12,Ni,0.01,W,0.03
Predict_834,0.12690679467771165,K,0.12,Ni,0.03,Re,0.01
Predict_835,0.1295288091312064,K,0.12,Ni,0.02,Re,0.02
Predict_836,0.1403840002189118,K,0.12,Ni,0.01,Re,0.03
Predict_837,0.14122096216268687,K,0.12,Ni,0.03,Os,0.01
Predict_838,0.12380845251394162,K,0.12,Ni,0.02,Os,0.02
Predict_839,0.12189935652927344,K,0.12,Ni,0.01,Os,0.03
Predict_840,0.1401507562616964,Ir,0.01,K,0.12,Ni,0.03
Predict_841,0.13215014094568034,Ir,0.02,K,0.12,Ni,0.02
Predict_842,0.14117080829395906,Ir,0.03,K,0.12,Ni,0.01
Predict_843,0.13718301048736067,K,0.12,Ni,0.03,Pt,0.01
Predict_844,0.1167807374783058,K,0.12,Ni,0.02,Pt,0.02
Predict_845,0.11232833425050012,K,0.12,Ni,0.01,Pt,0.03
Predict_846,0.22891084592872205,Au,0.01,K,0.12,Ni,0.03
Predict_847,0.18820643338968254,Au,0.02,K,0.12,Ni,0.02
Predict_848,0.18205893067122672,Au,0.03,K,0.12,Ni,0.01
Predict_849,0.1027506485375162,K,0.12,Ni,0.03,Pb,0.01
Predict_850,0.09059930028129948,K,0.12,Ni,0.02,Pb,0.02
Predict_851,0.08737456527076448,K,0.12,Ni,0.01,Pb,0.03
Predict_852,0.10111147300568547,Bi,0.01,K,0.12,Ni,0.03
Predict_853,0.08410139484489954,Bi,0.02,K,0.12,Ni,0.02
Predict_854,0.08402293329011744,Bi,0.03,K,0.12,Ni,0.01
Predict_855,0.14181146476956674,Cu,0.03,K,0.12,Zn,0.01
Predict_856,0.14640839108285214,Cu,0.02,K,0.12,Zn,0.02
Predict_857,0.14253451038592424,Cu,0.01,K,0.12,Zn,0.03
Predict_858,0.3078552879495389,Cu,0.03,K,0.12,Sr,0.01
Predict_859,0.29062420666602834,Cu,0.02,K,0.12,Sr,0.02
Predict_860,0.2751740207022898,Cu,0.01,K,0.12,Sr,0.03
Predict_861,0.2647113125740145,Cu,0.03,K,0.12,Y,0.01
Predict_862,0.2521929297488772,Cu,0.02,K,0.12,Y,0.02
Predict_863,0.24782626102159816,Cu,0.01,K,0.12,Y,0.03
Predict_864,0.17507892691907476,Cu,0.03,K,0.12,Zr,0.01
Predict_865,0.18356695858885685,Cu,0.02,K,0.12,Zr,0.02
Predict_866,0.1946229102525848,Cu,0.01,K,0.12,Zr,0.03
Predict_867,0.18390501606513607,Cu,0.03,K,0.12,Nb,0.01
Predict_868,0.1672376899641839,Cu,0.02,K,0.12,Nb,0.02
Predict_869,0.1862891068896511,Cu,0.01,K,0.12,Nb,0.03
Predict_870,0.14548629155302406,Cu,0.03,K,0.12,Mo,0.01
Predict_871,0.1724614067774078,Cu,0.02,K,0.12,Mo,0.02
Predict_872,0.16228799800651636,Cu,0.01,K,0.12,Mo,0.03
Predict_873,0.11245015799778743,Cu,0.03,K,0.12,Ru,0.01
Predict_874,0.12343852108758314,Cu,0.02,K,0.12,Ru,0.02
Predict_875,0.20068810399701015,Cu,0.01,K,0.12,Ru,0.03
Predict_876,0.12028606863324105,Cu,0.03,K,0.12,Rh,0.01
Predict_877,0.17134496348065525,Cu,0.02,K,0.12,Rh,0.02
Predict_878,0.18786434128887047,Cu,0.01,K,0.12,Rh,0.03
Predict_879,0.13457767752948965,Cu,0.03,K,0.12,Pd,0.01
Predict_880,0.13747761930690092,Cu,0.02,K,0.12,Pd,0.02
Predict_881,0.13153216440476925,Cu,0.01,K,0.12,Pd,0.03
Predict_882,0.12447737157922907,Ag,0.01,Cu,0.03,K,0.12
Predict_883,0.11687080756640295,Ag,0.02,Cu,0.02,K,0.12
Predict_884,0.11687080756640295,Ag,0.03,Cu,0.01,K,0.12
Predict_885,0.12704983273928888,Cd,0.01,Cu,0.03,K,0.12
Predict_886,0.1241540253267005,Cd,0.02,Cu,0.02,K,0.12
Predict_887,0.12454223321115207,Cd,0.03,Cu,0.01,K,0.12
Predict_888,0.12325926859648673,Cu,0.03,In,0.01,K,0.12
Predict_889,0.12127666123553825,Cu,0.02,In,0.02,K,0.12
Predict_890,0.14164887767488796,Cu,0.01,In,0.03,K,0.12
Predict_891,0.1185519312304322,Cu,0.03,K,0.12,Sn,0.01
Predict_892,0.11516778242183795,Cu,0.02,K,0.12,Sn,0.02
Predict_893,0.10368280345287532,Cu,0.01,K,0.12,Sn,0.03
Predict_894,0.4877646477819909,Ba,0.01,Cu,0.03,K,0.12
Predict_895,0.4295630223533432,Ba,0.02,Cu,0.02,K,0.12
Predict_896,0.3609351169923194,Ba,0.03,Cu,0.01,K,0.12
Predict_897,0.16420745247529606,Cu,0.03,Hf,0.01,K,0.12
Predict_898,0.16106104654684392,Cu,0.02,Hf,0.02,K,0.12
Predict_899,0.16828973763792845,Cu,0.01,Hf,0.03,K,0.12
Predict_900,0.134996447130755,Cu,0.03,K,0.12,W,0.01
Predict_901,0.14955268472120312,Cu,0.02,K,0.12,W,0.02
Predict_902,0.12343553519198655,Cu,0.01,K,0.12,W,0.03
Predict_903,0.13274302015987596,Cu,0.03,K,0.12,Re,0.01
Predict_904,0.12784985139994276,Cu,0.02,K,0.12,Re,0.02
Predict_905,0.13665616337366684,Cu,0.01,K,0.12,Re,0.03
Predict_906,0.13003613794345198,Cu,0.03,K,0.12,Os,0.01
Predict_907,0.1216565194203668,Cu,0.02,K,0.12,Os,0.02
Predict_908,0.12550845001835298,Cu,0.01,K,0.12,Os,0.03
Predict_909,0.134938378333678,Cu,0.03,Ir,0.01,K,0.12
Predict_910,0.13049695153360422,Cu,0.02,Ir,0.02,K,0.12
Predict_911,0.13981553025429164,Cu,0.01,Ir,0.03,K,0.12
Predict_912,0.13571416575454925,Cu,0.03,K,0.12,Pt,0.01
Predict_913,0.12309498220281488,Cu,0.02,K,0.12,Pt,0.02
Predict_914,0.11525246703461403,Cu,0.01,K,0.12,Pt,0.03
Predict_915,0.22726083330874305,Au,0.01,Cu,0.03,K,0.12
Predict_916,0.18612280823551205,Au,0.02,Cu,0.02,K,0.12
Predict_917,0.17997530551705626,Au,0.03,Cu,0.01,K,0.12
Predict_918,0.11578895180917174,Cu,0.03,K,0.12,Pb,0.01
Predict_919,0.10345853142593857,Cu,0.02,K,0.12,Pb,0.02
Predict_920,0.10571275601084112,Cu,0.01,K,0.12,Pb,0.03
Predict_921,0.11964102350772335,Bi,0.01,Cu,0.03,K,0.12
Predict_922,0.10721871669941123,Bi,0.02,Cu,0.02,K,0.12
Predict_923,0.10925112758472587,Bi,0.03,Cu,0.01,K,0.12
Predict_924,0.3076466024434275,K,0.12,Sr,0.01,Zn,0.03
Predict_925,0.29634014214179777,K,0.12,Sr,0.02,Zn,0.02
Predict_926,0.2987142107936983,K,0.12,Sr,0.03,Zn,0.01
Predict_927,0.21169308055746008,K,0.12,Y,0.01,Zn,0.03
Predict_928,0.2210666805058039,K,0.12,Y,0.02,Zn,0.02
Predict_929,0.23705826536407734,K,0.12,Y,0.03,Zn,0.01
Predict_930,0.22792014501310875,K,0.12,Zn,0.03,Zr,0.01
Predict_931,0.22175888500208094,K,0.12,Zn,0.02,Zr,0.02
Predict_932,0.2497457551686781,K,0.12,Zn,0.01,Zr,0.03
Predict_933,0.1861881273499996,K,0.12,Nb,0.01,Zn,0.03
Predict_934,0.1889470984358257,K,0.12,Nb,0.02,Zn,0.02
Predict_935,0.2244156395877449,K,0.12,Nb,0.03,Zn,0.01
Predict_936,0.1328349422640964,K,0.12,Mo,0.01,Zn,0.03
Predict_937,0.13381968086530746,K,0.12,Mo,0.02,Zn,0.02
Predict_938,0.15472286609071348,K,0.12,Mo,0.03,Zn,0.01
Predict_939,0.11905947860513955,K,0.12,Ru,0.01,Zn,0.03
Predict_940,0.12191855174217375,K,0.12,Ru,0.02,Zn,0.02
Predict_941,0.17025457858932985,K,0.12,Ru,0.03,Zn,0.01
Predict_942,0.13220394854742448,K,0.12,Rh,0.01,Zn,0.03
Predict_943,0.18050117711520072,K,0.12,Rh,0.02,Zn,0.02
Predict_944,0.18433492837728974,K,0.12,Rh,0.03,Zn,0.01
Predict_945,0.11739733494254714,K,0.12,Pd,0.01,Zn,0.03
Predict_946,0.11738954320681662,K,0.12,Pd,0.02,Zn,0.02
Predict_947,0.11814648856440735,K,0.12,Pd,0.03,Zn,0.01
Predict_948,0.13556153114239694,Ag,0.01,K,0.12,Zn,0.03
Predict_949,0.13564547137273264,Ag,0.02,K,0.12,Zn,0.02
Predict_950,0.13171680707177186,Ag,0.03,K,0.12,Zn,0.01
Predict_951,0.1260434682717593,Cd,0.01,K,0.12,Zn,0.03
Predict_952,0.12451043687514972,Cd,0.02,K,0.12,Zn,0.02
Predict_953,0.1213641634193968,Cd,0.03,K,0.12,Zn,0.01
Predict_954,0.11961624337505852,In,0.01,K,0.12,Zn,0.03
Predict_955,0.11961624337505852,In,0.02,K,0.12,Zn,0.02
Predict_956,0.11646996991930555,In,0.03,K,0.12,Zn,0.01
Predict_957,0.13391693021796525,K,0.12,Sn,0.01,Zn,0.03
Predict_958,0.13352872233351368,K,0.12,Sn,0.02,Zn,0.02
Predict_959,0.11605166935420301,K,0.12,Sn,0.03,Zn,0.01
Predict_960,0.3394462097898741,Ba,0.01,K,0.12,Zn,0.03
Predict_961,0.3090076489802765,Ba,0.02,K,0.12,Zn,0.02
Predict_962,0.2842682633320541,Ba,0.03,K,0.12,Zn,0.01
Predict_963,0.15162035981156172,Hf,0.01,K,0.12,Zn,0.03
Predict_964,0.12538119065605388,Hf,0.02,K,0.12,Zn,0.02
Predict_965,0.16022455082717124,Hf,0.03,K,0.12,Zn,0.01
Predict_966,0.1263401088956768,K,0.12,W,0.01,Zn,0.03
Predict_967,0.1141439899505012,K,0.12,W,0.02,Zn,0.02
Predict_968,0.09495870583481672,K,0.12,W,0.03,Zn,0.01
Predict_969,0.12595534359202898,K,0.12,Re,0.01,Zn,0.03
Predict_970,0.11098597696785367,K,0.12,Re,0.02,Zn,0.02
Predict_971,0.116703841520476,K,0.12,Re,0.03,Zn,0.01
Predict_972,0.12173299224648422,K,0.12,Os,0.01,Zn,0.03
Predict_973,0.11751023491550265,K,0.12,Os,0.02,Zn,0.02
Predict_974,0.11868462607699502,K,0.12,Os,0.03,Zn,0.01
Predict_975,0.12857183097020158,Ir,0.01,K,0.12,Zn,0.03
Predict_976,0.1177676743380983,Ir,0.02,K,0.12,Zn,0.02
Predict_977,0.12236474721402504,Ir,0.03,K,0.12,Zn,0.01
Predict_978,0.11747974589046298,K,0.12,Pt,0.01,Zn,0.03
Predict_979,0.10322669889931854,K,0.12,Pt,0.02,Zn,0.02
Predict_980,0.10248473883152673,K,0.12,Pt,0.03,Zn,0.01
Predict_981,0.13360031314814674,Au,0.01,K,0.12,Zn,0.03
Predict_982,0.12138285810282905,Au,0.02,K,0.12,Zn,0.02
Predict_983,0.12060913320637395,Au,0.03,K,0.12,Zn,0.01
Predict_984,0.12041372095720128,K,0.12,Pb,0.01,Zn,0.03
Predict_985,0.10703246913129556,K,0.12,Pb,0.02,Zn,0.02
Predict_986,0.10495288736280288,K,0.12,Pb,0.03,Zn,0.01
Predict_987,0.1197210545313414,Bi,0.01,K,0.12,Zn,0.03
Predict_988,0.10572151120387337,Bi,0.02,K,0.12,Zn,0.02
Predict_989,0.1029689243081256,Bi,0.03,K,0.12,Zn,0.01
Predict_990,0.4129142872731126,K,0.12,Sr,0.03,Y,0.01
Predict_991,0.4112721055535568,K,0.12,Sr,0.02,Y,0.02
Predict_992,0.4151576542164435,K,0.12,Sr,0.01,Y,0.03
Predict_993,0.42773983603316856,K,0.12,Sr,0.03,Zr,0.01
Predict_994,0.4363449099883765,K,0.12,Sr,0.02,Zr,0.02
Predict_995,0.5142416240800258,K,0.12,Sr,0.01,Zr,0.03
Predict_996,0.42607694331982776,K,0.12,Nb,0.01,Sr,0.03
Predict_997,0.539770980074292,K,0.12,Nb,0.02,Sr,0.02
Predict_998,0.7094171517274773,K,0.12,Nb,0.03,Sr,0.01
Predict_999,0.417582786026128,K,0.12,Mo,0.01,Sr,0.03
Predict_1000,0.6148467965092933,K,0.12,Mo,0.02,Sr,0.02
Predict_1001,0.7513786085588247,K,0.12,Mo,0.03,Sr,0.01
Predict_1002,0.4629325483352125,K,0.12,Ru,0.01,Sr,0.03
Predict_1003,0.8073199487235825,K,0.12,Ru,0.02,Sr,0.02
Predict_1004,0.8734953751458481,K,0.12,Ru,0.03,Sr,0.01
Predict_1005,0.440466301390124,K,0.12,Rh,0.01,Sr,0.03
Predict_1006,0.6214514869471174,K,0.12,Rh,0.02,Sr,0.02
Predict_1007,0.7590714640819598,K,0.12,Rh,0.03,Sr,0.01
Predict_1008,0.3972632776198412,K,0.12,Pd,0.01,Sr,0.03
Predict_1009,0.4655784593189732,K,0.12,Pd,0.02,Sr,0.02
Predict_1010,0.4786665665231944,K,0.12,Pd,0.03,Sr,0.01
Predict_1011,0.339186270150247,Ag,0.01,K,0.12,Sr,0.03
Predict_1012,0.4279055989214893,Ag,0.02,K,0.12,Sr,0.02
Predict_1013,0.4754558867548293,Ag,0.03,K,0.12,Sr,0.01
Predict_1014,0.4295777476109576,Cd,0.01,K,0.12,Sr,0.03
Predict_1015,0.4592561261518117,Cd,0.02,K,0.12,Sr,0.02
Predict_1016,0.4974810808031653,Cd,0.03,K,0.12,Sr,0.01
Predict_1017,0.21655991616758,In,0.01,K,0.12,Sr,0.03
Predict_1018,0.2207674680560692,In,0.02,K,0.12,Sr,0.02
Predict_1019,0.20693822326797867,In,0.03,K,0.12,Sr,0.01
Predict_1020,0.28449547961414634,K,0.12,Sn,0.01,Sr,0.03
Predict_1021,0.3459012932823692,K,0.12,Sn,0.02,Sr,0.02
Predict_1022,0.34841078422088145,K,0.12,Sn,0.03,Sr,0.01
Predict_1023,0.4282437143151897,Ba,0.01,K,0.12,Sr,0.03
Predict_1024,0.4195121094253389,Ba,0.02,K,0.12,Sr,0.02
Predict_1025,0.4195121094253389,Ba,0.03,K,0.12,Sr,0.01
Predict_1026,0.4483340700244599,Hf,0.01,K,0.12,Sr,0.03
Predict_1027,0.5686191985553869,Hf,0.02,K,0.12,Sr,0.02
Predict_1028,0.6602236423744094,Hf,0.03,K,0.12,Sr,0.01
Predict_1029,0.5245392849533842,K,0.12,Sr,0.03,W,0.01
Predict_1030,0.6630796083491355,K,0.12,Sr,0.02,W,0.02
Predict_1031,0.7112281972122447,K,0.12,Sr,0.01,W,0.03
Predict_1032,0.4814142086146033,K,0.12,Re,0.01,Sr,0.03
Predict_1033,0.6036469222705141,K,0.12,Re,0.02,Sr,0.02
Predict_1034,0.6165636645051479,K,0.12,Re,0.03,Sr,0.01
Predict_1035,0.5494585177783206,K,0.12,Os,0.01,Sr,0.03
Predict_1036,0.6901009174590004,K,0.12,Os,0.02,Sr,0.02
Predict_1037,0.7218666416302446,K,0.12,Os,0.03,Sr,0.01
Predict_1038,0.5271692553618524,Ir,0.01,K,0.12,Sr,0.03
Predict_1039,0.7062195310090108,Ir,0.02,K,0.12,Sr,0.02
Predict_1040,0.7272715784441667,Ir,0.03,K,0.12,Sr,0.01
Predict_1041,0.5207161504684635,K,0.12,Pt,0.01,Sr,0.03
Predict_1042,0.5724845880600938,K,0.12,Pt,0.02,Sr,0.02
Predict_1043,0.5906510451493889,K,0.12,Pt,0.03,Sr,0.01
Predict_1044,0.4346838470989707,Au,0.01,K,0.12,Sr,0.03
Predict_1045,0.4983184208808944,Au,0.02,K,0.12,Sr,0.02
Predict_1046,0.4908532859494121,Au,0.03,K,0.12,Sr,0.01
Predict_1047,0.3194838938806908,K,0.12,Pb,0.01,Sr,0.03
Predict_1048,0.3580939726720671,K,0.12,Pb,0.02,Sr,0.02
Predict_1049,0.381168193330842,K,0.12,Pb,0.03,Sr,0.01
Predict_1050,0.2763076381089553,Bi,0.01,K,0.12,Sr,0.03
Predict_1051,0.3548734286766401,Bi,0.02,K,0.12,Sr,0.02
Predict_1052,0.3669394762339765,Bi,0.03,K,0.12,Sr,0.01
Predict_1053,0.42976578722603415,K,0.12,Y,0.03,Zr,0.01
Predict_1054,0.4471752156590108,K,0.12,Y,0.02,Zr,0.02
Predict_1055,0.5433711841239045,K,0.12,Y,0.01,Zr,0.03
Predict_1056,0.4844446814544448,K,0.12,Nb,0.01,Y,0.03
Predict_1057,0.6108011390300947,K,0.12,Nb,0.02,Y,0.02
Predict_1058,0.6927806775008801,K,0.12,Nb,0.03,Y,0.01
Predict_1059,0.5436873139367784,K,0.12,Mo,0.01,Y,0.03
Predict_1060,0.6796768357989598,K,0.12,Mo,0.02,Y,0.02
Predict_1061,0.7161953505671568,K,0.12,Mo,0.03,Y,0.01
Predict_1062,0.6401053918109351,K,0.12,Ru,0.01,Y,0.03
Predict_1063,0.8261776447916818,K,0.12,Ru,0.02,Y,0.02
Predict_1064,0.8605387228234642,K,0.12,Ru,0.03,Y,0.01
Predict_1065,0.4740478157292449,K,0.12,Rh,0.01,Y,0.03
Predict_1066,0.5818448667230064,K,0.12,Rh,0.02,Y,0.02
Predict_1067,0.6191197059377513,K,0.12,Rh,0.03,Y,0.01
Predict_1068,0.388708616920444,K,0.12,Pd,0.01,Y,0.03
Predict_1069,0.4168080521163333,K,0.12,Pd,0.02,Y,0.02
Predict_1070,0.439415734359806,K,0.12,Pd,0.03,Y,0.01
Predict_1071,0.23739597852823102,Ag,0.01,K,0.12,Y,0.03
Predict_1072,0.2494607168962895,Ag,0.02,K,0.12,Y,0.02
Predict_1073,0.2521264288196415,Ag,0.03,K,0.12,Y,0.01
Predict_1074,0.2818947978118169,Cd,0.01,K,0.12,Y,0.03
Predict_1075,0.31416272564859793,Cd,0.02,K,0.12,Y,0.02
Predict_1076,0.33114658297513394,Cd,0.03,K,0.12,Y,0.01
Predict_1077,0.24506898170386876,In,0.01,K,0.12,Y,0.03
Predict_1078,0.2520192486426319,In,0.02,K,0.12,Y,0.02
Predict_1079,0.2367745550747729,In,0.03,K,0.12,Y,0.01
Predict_1080,0.33542784803815445,K,0.12,Sn,0.01,Y,0.03
Predict_1081,0.3751128511407124,K,0.12,Sn,0.02,Y,0.02
Predict_1082,0.36599623563338185,K,0.12,Sn,0.03,Y,0.01
Predict_1083,0.4302459971589305,Ba,0.01,K,0.12,Y,0.03
Predict_1084,0.4182848192915928,Ba,0.02,K,0.12,Y,0.02
Predict_1085,0.42043579085063015,Ba,0.03,K,0.12,Y,0.01
Predict_1086,0.5319803758198971,Hf,0.01,K,0.12,Y,0.03
Predict_1087,0.6094609018543771,Hf,0.02,K,0.12,Y,0.02
Predict_1088,0.6472862161841569,Hf,0.03,K,0.12,Y,0.01
Predict_1089,0.5970239063131183,K,0.12,W,0.01,Y,0.03
Predict_1090,0.653230569851425,K,0.12,W,0.02,Y,0.02
Predict_1091,0.6586269034845716,K,0.12,W,0.03,Y,0.01
Predict_1092,0.4954550441545058,K,0.12,Re,0.01,Y,0.03
Predict_1093,0.5619258490109794,K,0.12,Re,0.02,Y,0.02
Predict_1094,0.5518525420809571,K,0.12,Re,0.03,Y,0.01
Predict_1095,0.6275551301075208,K,0.12,Os,0.01,Y,0.03
Predict_1096,0.6774396265300803,K,0.12,Os,0.02,Y,0.02
Predict_1097,0.6721336171981287,K,0.12,Os,0.03,Y,0.01
Predict_1098,0.6144124094705796,Ir,0.01,K,0.12,Y,0.03
Predict_1099,0.6873880816410971,Ir,0.02,K,0.12,Y,0.02
Predict_1100,0.6902704652582368,Ir,0.03,K,0.12,Y,0.01
Predict_1101,0.4984845165923155,K,0.12,Pt,0.01,Y,0.03
Predict_1102,0.5179987784279888,K,0.12,Pt,0.02,Y,0.02
Predict_1103,0.5359607127774006,K,0.12,Pt,0.03,Y,0.01
Predict_1104,0.4542133131132358,Au,0.01,K,0.12,Y,0.03
Predict_1105,0.4719329313732765,Au,0.02,K,0.12,Y,0.02
Predict_1106,0.4685978801088986,Au,0.03,K,0.12,Y,0.01
Predict_1107,0.3154768923000076,K,0.12,Pb,0.01,Y,0.03
Predict_1108,0.3330202137851769,K,0.12,Pb,0.02,Y,0.02
Predict_1109,0.33537321327152403,K,0.12,Pb,0.03,Y,0.01
Predict_1110,0.29470969278804154,Bi,0.01,K,0.12,Y,0.03
Predict_1111,0.30610715586469595,Bi,0.02,K,0.12,Y,0.02
Predict_1112,0.3256825168989874,Bi,0.03,K,0.12,Y,0.01
Predict_1113,0.6539429348530287,K,0.12,Nb,0.01,Zr,0.03
Predict_1114,0.6946196825891192,K,0.12,Nb,0.02,Zr,0.02
Predict_1115,0.7075762956596562,K,0.12,Nb,0.03,Zr,0.01
Predict_1116,0.6643282668211059,K,0.12,Mo,0.01,Zr,0.03
Predict_1117,0.6918780217331221,K,0.12,Mo,0.02,Zr,0.02
Predict_1118,0.7065546406071743,K,0.12,Mo,0.03,Zr,0.01
Predict_1119,0.6240280559778573,K,0.12,Ru,0.01,Zr,0.03
Predict_1120,0.6803913083355105,K,0.12,Ru,0.02,Zr,0.02
Predict_1121,0.6983812564006432,K,0.12,Ru,0.03,Zr,0.01
Predict_1122,0.3792981985579008,K,0.12,Rh,0.01,Zr,0.03
Predict_1123,0.41467304800204735,K,0.12,Rh,0.02,Zr,0.02
Predict_1124,0.4079301428157507,K,0.12,Rh,0.03,Zr,0.01
Predict_1125,0.18072291809865654,K,0.12,Pd,0.01,Zr,0.03
Predict_1126,0.17428448513413922,K,0.12,Pd,0.02,Zr,0.02
Predict_1127,0.1457134664242217,K,0.12,Pd,0.03,Zr,0.01
Predict_1128,0.18044864922714332,Ag,0.01,K,0.12,Zr,0.03
Predict_1129,0.1499171868346633,Ag,0.02,K,0.12,Zr,0.02
Predict_1130,0.14918394011458727,Ag,0.03,K,0.12,Zr,0.01
Predict_1131,0.22208019603522133,Cd,0.01,K,0.12,Zr,0.03
Predict_1132,0.1993501731374356,Cd,0.02,K,0.12,Zr,0.02
Predict_1133,0.17905837647714873,Cd,0.03,K,0.12,Zr,0.01
Predict_1134,0.2395559714560712,In,0.01,K,0.12,Zr,0.03
Predict_1135,0.2323625240346491,In,0.02,K,0.12,Zr,0.02
Predict_1136,0.20774817288177055,In,0.03,K,0.12,Zr,0.01
Predict_1137,0.3136539264402469,K,0.12,Sn,0.01,Zr,0.03
Predict_1138,0.29470325163727024,K,0.12,Sn,0.02,Zr,0.02
Predict_1139,0.28248881568741085,K,0.12,Sn,0.03,Zr,0.01
Predict_1140,0.5130326008098791,Ba,0.01,K,0.12,Zr,0.03
Predict_1141,0.4343548212077005,Ba,0.02,K,0.12,Zr,0.02
Predict_1142,0.4297903732732051,Ba,0.03,K,0.12,Zr,0.01
Predict_1143,0.6176881710038901,Hf,0.01,K,0.12,Zr,0.03
Predict_1144,0.6215177510624358,Hf,0.02,K,0.12,Zr,0.02
Predict_1145,0.6240483167574793,Hf,0.03,K,0.12,Zr,0.01
Predict_1146,0.6389649826182321,K,0.12,W,0.01,Zr,0.03
Predict_1147,0.6447713995960713,K,0.12,W,0.02,Zr,0.02
Predict_1148,0.6549219866129268,K,0.12,W,0.03,Zr,0.01
Predict_1149,0.5621070832275749,K,0.12,Re,0.01,Zr,0.03
Predict_1150,0.5632525525228964,K,0.12,Re,0.02,Zr,0.02
Predict_1151,0.55030537878276,K,0.12,Re,0.03,Zr,0.01
Predict_1152,0.6442858877415739,K,0.12,Os,0.01,Zr,0.03
Predict_1153,0.6499190795546673,K,0.12,Os,0.02,Zr,0.02
Predict_1154,0.6461218182641258,K,0.12,Os,0.03,Zr,0.01
Predict_1155,0.6577712156342298,Ir,0.01,K,0.12,Zr,0.03
Predict_1156,0.6686654328211381,Ir,0.02,K,0.12,Zr,0.02
Predict_1157,0.6548544246146695,Ir,0.03,K,0.12,Zr,0.01
Predict_1158,0.4937610915956985,K,0.12,Pt,0.01,Zr,0.03
Predict_1159,0.4870970726716445,K,0.12,Pt,0.02,Zr,0.02
Predict_1160,0.5006199367999105,K,0.12,Pt,0.03,Zr,0.01
Predict_1161,0.4293497141865077,Au,0.01,K,0.12,Zr,0.03
Predict_1162,0.4110616384049085,Au,0.02,K,0.12,Zr,0.02
Predict_1163,0.41219523682507453,Au,0.03,K,0.12,Zr,0.01
Predict_1164,0.2748846936066148,K,0.12,Pb,0.01,Zr,0.03
Predict_1165,0.2732351159055896,K,0.12,Pb,0.02,Zr,0.02
Predict_1166,0.2674007116134208,K,0.12,Pb,0.03,Zr,0.01
Predict_1167,0.21994750859944456,Bi,0.01,K,0.12,Zr,0.03
Predict_1168,0.20086946663149252,Bi,0.02,K,0.12,Zr,0.02
Predict_1169,0.1860150503399881,Bi,0.03,K,0.12,Zr,0.01
Predict_1170,0.5763697530041508,K,0.12,Mo,0.01,Nb,0.03
Predict_1171,0.5747724662498562,K,0.12,Mo,0.02,Nb,0.02
Predict_1172,0.5746972988965248,K,0.12,Mo,0.03,Nb,0.01
Predict_1173,0.5229478142764408,K,0.12,Nb,0.03,Ru,0.01
Predict_1174,0.5675503830166464,K,0.12,Nb,0.02,Ru,0.02
Predict_1175,0.5756906383714407,K,0.12,Nb,0.01,Ru,0.03
Predict_1176,0.22250996907134535,K,0.12,Nb,0.03,Rh,0.01
Predict_1177,0.2566899866987186,K,0.12,Nb,0.02,Rh,0.02
Predict_1178,0.2636064693671945,K,0.12,Nb,0.01,Rh,0.03
Predict_1179,0.16955715367591787,K,0.12,Nb,0.03,Pd,0.01
Predict_1180,0.15294784810561932,K,0.12,Nb,0.02,Pd,0.02
Predict_1181,0.1443167741693025,K,0.12,Nb,0.01,Pd,0.03
Predict_1182,0.19285001706419488,Ag,0.01,K,0.12,Nb,0.03
Predict_1183,0.18145217187879464,Ag,0.02,K,0.12,Nb,0.02
Predict_1184,0.13998813274296584,Ag,0.03,K,0.12,Nb,0.01
Predict_1185,0.24255398983299406,Cd,0.01,K,0.12,Nb,0.03
Predict_1186,0.21112702896386307,Cd,0.02,K,0.12,Nb,0.02
Predict_1187,0.17318857265895166,Cd,0.03,K,0.12,Nb,0.01
Predict_1188,0.19912246429277086,In,0.01,K,0.12,Nb,0.03
Predict_1189,0.16788199597874864,In,0.02,K,0.12,Nb,0.02
Predict_1190,0.13278116553497366,In,0.03,K,0.12,Nb,0.01
Predict_1191,0.3410550147541396,K,0.12,Nb,0.03,Sn,0.01
Predict_1192,0.3004703851302356,K,0.12,Nb,0.02,Sn,0.02
Predict_1193,0.30101311570576256,K,0.12,Nb,0.01,Sn,0.03
Predict_1194,0.7232682319805319,Ba,0.01,K,0.12,Nb,0.03
Predict_1195,0.6189351360895989,Ba,0.02,K,0.12,Nb,0.02
Predict_1196,0.4511069009327,Ba,0.03,K,0.12,Nb,0.01
Predict_1197,0.7179825537081076,Hf,0.01,K,0.12,Nb,0.03
Predict_1198,0.6677230760430071,Hf,0.02,K,0.12,Nb,0.02
Predict_1199,0.6450863630100289,Hf,0.03,K,0.12,Nb,0.01
Predict_1200,0.5666871326963908,K,0.12,Nb,0.03,W,0.01
Predict_1201,0.5657577778938382,K,0.12,Nb,0.02,W,0.02
Predict_1202,0.5564991964508667,K,0.12,Nb,0.01,W,0.03
Predict_1203,0.6272152338975547,K,0.12,Nb,0.03,Re,0.01
Predict_1204,0.6055509298523559,K,0.12,Nb,0.02,Re,0.02
Predict_1205,0.5441536793422016,K,0.12,Nb,0.01,Re,0.03
Predict_1206,0.5865392760588428,K,0.12,Nb,0.03,Os,0.01
Predict_1207,0.5754636689117357,K,0.12,Nb,0.02,Os,0.02
Predict_1208,0.5727468013360286,K,0.12,Nb,0.01,Os,0.03
Predict_1209,0.5847847289508941,Ir,0.01,K,0.12,Nb,0.03
Predict_1210,0.5704363440447553,Ir,0.02,K,0.12,Nb,0.02
Predict_1211,0.5709478195392098,Ir,0.03,K,0.12,Nb,0.01
Predict_1212,0.4206502556792791,K,0.12,Nb,0.03,Pt,0.01
Predict_1213,0.4069691514853816,K,0.12,Nb,0.02,Pt,0.02
Predict_1214,0.4039235345075553,K,0.12,Nb,0.01,Pt,0.03
Predict_1215,0.33200780102703625,Au,0.01,K,0.12,Nb,0.03
Predict_1216,0.3124148027491707,Au,0.02,K,0.12,Nb,0.02
Predict_1217,0.30826420253110604,Au,0.03,K,0.12,Nb,0.01
Predict_1218,0.3135766274804632,K,0.12,Nb,0.03,Pb,0.01
Predict_1219,0.2977280810825162,K,0.12,Nb,0.02,Pb,0.02
Predict_1220,0.2839433534332097,K,0.12,Nb,0.01,Pb,0.03
Predict_1221,0.21979232555030145,Bi,0.01,K,0.12,Nb,0.03
Predict_1222,0.19371934018116604,Bi,0.02,K,0.12,Nb,0.02
Predict_1223,0.17973704499298468,Bi,0.03,K,0.12,Nb,0.01
Predict_1224,0.10149469651811037,K,0.12,Mo,0.03,Ru,0.01
Predict_1225,0.10291311867447613,K,0.12,Mo,0.02,Ru,0.02
Predict_1226,0.1699614031483574,K,0.12,Mo,0.01,Ru,0.03
Predict_1227,0.22863552477610605,K,0.12,Mo,0.03,Rh,0.01
Predict_1228,0.3032195318431549,K,0.12,Mo,0.02,Rh,0.02
Predict_1229,0.3314358681881546,K,0.12,Mo,0.01,Rh,0.03
Predict_1230,0.15639717259056266,K,0.12,Mo,0.03,Pd,0.01
Predict_1231,0.1598826875428361,K,0.12,Mo,0.02,Pd,0.02
Predict_1232,0.11128886849512584,K,0.12,Mo,0.01,Pd,0.03
Predict_1233,0.15226675386639546,Ag,0.01,K,0.12,Mo,0.03
Predict_1234,0.1481316212768078,Ag,0.02,K,0.12,Mo,0.02
Predict_1235,0.1268667624468372,Ag,0.03,K,0.12,Mo,0.01
Predict_1236,0.14307961549492673,Cd,0.01,K,0.12,Mo,0.03
Predict_1237,0.11503005565508632,Cd,0.02,K,0.12,Mo,0.02
Predict_1238,0.11543994586178805,Cd,0.03,K,0.12,Mo,0.01
Predict_1239,0.12293985524900515,In,0.01,K,0.12,Mo,0.03
Predict_1240,0.09365748141983042,In,0.02,K,0.12,Mo,0.02
Predict_1241,0.09897828385919523,In,0.03,K,0.12,Mo,0.01
Predict_1242,0.18365262136872176,K,0.12,Mo,0.03,Sn,0.01
Predict_1243,0.17459774758040136,K,0.12,Mo,0.02,Sn,0.02
Predict_1244,0.1633639540120938,K,0.12,Mo,0.01,Sn,0.03
Predict_1245,0.7236283948025037,Ba,0.01,K,0.12,Mo,0.03
Predict_1246,0.6132906244108948,Ba,0.02,K,0.12,Mo,0.02
Predict_1247,0.4471977442368904,Ba,0.03,K,0.12,Mo,0.01
Predict_1248,0.554748319891503,Hf,0.01,K,0.12,Mo,0.03
Predict_1249,0.522086146202839,Hf,0.02,K,0.12,Mo,0.02
Predict_1250,0.5192410033401498,Hf,0.03,K,0.12,Mo,0.01
Predict_1251,0.44485866787403705,K,0.12,Mo,0.03,W,0.01
Predict_1252,0.44056256367948143,K,0.12,Mo,0.02,W,0.02
Predict_1253,0.4458023188269519,K,0.12,Mo,0.01,W,0.03
Predict_1254,0.5329148432094087,K,0.12,Mo,0.03,Re,0.01
Predict_1255,0.4967653110246206,K,0.12,Mo,0.02,Re,0.02
Predict_1256,0.4825736839678722,K,0.12,Mo,0.01,Re,0.03
Predict_1257,0.4547190112687246,K,0.12,Mo,0.03,Os,0.01
Predict_1258,0.451946862996333,K,0.12,Mo,0.02,Os,0.02
Predict_1259,0.4583478764828486,K,0.12,Mo,0.01,Os,0.03
Predict_1260,0.4535554630722279,Ir,0.01,K,0.12,Mo,0.03
Predict_1261,0.4544787693493375,Ir,0.02,K,0.12,Mo,0.02
Predict_1262,0.4612366179955004,Ir,0.03,K,0.12,Mo,0.01
Predict_1263,0.3436342211156605,K,0.12,Mo,0.03,Pt,0.01
Predict_1264,0.3408696270632393,K,0.12,Mo,0.02,Pt,0.02
Predict_1265,0.33099951544340883,K,0.12,Mo,0.01,Pt,0.03
Predict_1266,0.34389074542836423,Au,0.01,K,0.12,Mo,0.03
Predict_1267,0.3408651292674155,Au,0.02,K,0.12,Mo,0.02
Predict_1268,0.32472110845401586,Au,0.03,K,0.12,Mo,0.01
Predict_1269,0.22650364067876025,K,0.12,Mo,0.03,Pb,0.01
Predict_1270,0.22126880666401064,K,0.12,Mo,0.02,Pb,0.02
Predict_1271,0.20177250501465732,K,0.12,Mo,0.01,Pb,0.03
Predict_1272,0.11068435000460164,Bi,0.01,K,0.12,Mo,0.03
Predict_1273,0.07945725853051944,Bi,0.02,K,0.12,Mo,0.02
Predict_1274,0.07819150080690003,Bi,0.03,K,0.12,Mo,0.01
Predict_1275,0.4491237016904995,K,0.12,Rh,0.01,Ru,0.03
Predict_1276,0.483584825933203,K,0.12,Rh,0.02,Ru,0.02
Predict_1277,0.4496362592397343,K,0.12,Rh,0.03,Ru,0.01
Predict_1278,0.35345364850278344,K,0.12,Pd,0.01,Ru,0.03
Predict_1279,0.20473576380400607,K,0.12,Pd,0.02,Ru,0.02
Predict_1280,0.14634895062052206,K,0.12,Pd,0.03,Ru,0.01
Predict_1281,0.24803124895751946,Ag,0.01,K,0.12,Ru,0.03
Predict_1282,0.16487576370888746,Ag,0.02,K,0.12,Ru,0.02
Predict_1283,0.12210226961032125,Ag,0.03,K,0.12,Ru,0.01
Predict_1284,0.2173174487257527,Cd,0.01,K,0.12,Ru,0.03
Predict_1285,0.13518581178197644,Cd,0.02,K,0.12,Ru,0.02
Predict_1286,0.110704796732043,Cd,0.03,K,0.12,Ru,0.01
Predict_1287,0.13124534640133212,In,0.01,K,0.12,Ru,0.03
Predict_1288,0.08554761522837179,In,0.02,K,0.12,Ru,0.02
Predict_1289,0.08580343582959138,In,0.03,K,0.12,Ru,0.01
Predict_1290,0.22707082320875135,K,0.12,Ru,0.03,Sn,0.01
Predict_1291,0.17036394050362705,K,0.12,Ru,0.02,Sn,0.02
Predict_1292,0.13070023203137285,K,0.12,Ru,0.01,Sn,0.03
Predict_1293,0.7901309682483719,Ba,0.01,K,0.12,Ru,0.03
Predict_1294,0.6898085251644992,Ba,0.02,K,0.12,Ru,0.02
Predict_1295,0.42327765212318624,Ba,0.03,K,0.12,Ru,0.01
Predict_1296,0.699574675460051,Hf,0.01,K,0.12,Ru,0.03
Predict_1297,0.6760442991573218,Hf,0.02,K,0.12,Ru,0.02
Predict_1298,0.5922533808912476,Hf,0.03,K,0.12,Ru,0.01
Predict_1299,0.3266601252572066,K,0.12,Ru,0.03,W,0.01
Predict_1300,0.2704356774168765,K,0.12,Ru,0.02,W,0.02
Predict_1301,0.2370110032583931,K,0.12,Ru,0.01,W,0.03
Predict_1302,0.2328569668718967,K,0.12,Re,0.01,Ru,0.03
Predict_1303,0.2021805648866511,K,0.12,Re,0.02,Ru,0.02
Predict_1304,0.1428661859770143,K,0.12,Re,0.03,Ru,0.01
Predict_1305,0.332862058834089,K,0.12,Os,0.01,Ru,0.03
Predict_1306,0.312383422570757,K,0.12,Os,0.02,Ru,0.02
Predict_1307,0.25999161126685644,K,0.12,Os,0.03,Ru,0.01
Predict_1308,0.3486267986961659,Ir,0.01,K,0.12,Ru,0.03
Predict_1309,0.30846463536074376,Ir,0.02,K,0.12,Ru,0.02
Predict_1310,0.21346971400777734,Ir,0.03,K,0.12,Ru,0.01
Predict_1311,0.3065968909356064,K,0.12,Pt,0.01,Ru,0.03
Predict_1312,0.22066748226408925,K,0.12,Pt,0.02,Ru,0.02
Predict_1313,0.19912680806522245,K,0.12,Pt,0.03,Ru,0.01
Predict_1314,0.27672153584982473,Au,0.01,K,0.12,Ru,0.03
Predict_1315,0.2096409877074483,Au,0.02,K,0.12,Ru,0.02
Predict_1316,0.19068052649391892,Au,0.03,K,0.12,Ru,0.01
Predict_1317,0.27918641264595245,K,0.12,Pb,0.01,Ru,0.03
Predict_1318,0.2429187141327686,K,0.12,Pb,0.02,Ru,0.02
Predict_1319,0.1938255071900634,K,0.12,Pb,0.03,Ru,0.01
Predict_1320,0.10345184871883396,Bi,0.01,K,0.12,Ru,0.03
Predict_1321,0.06612341993140113,Bi,0.02,K,0.12,Ru,0.02
Predict_1322,0.04880110855863125,Bi,0.03,K,0.12,Ru,0.01
Predict_1323,0.2941133519550926,K,0.12,Pd,0.01,Rh,0.03
Predict_1324,0.2717207312409204,K,0.12,Pd,0.02,Rh,0.02
Predict_1325,0.21315368373764645,K,0.12,Pd,0.03,Rh,0.01
Predict_1326,0.21362322320944827,Ag,0.01,K,0.12,Rh,0.03
Predict_1327,0.17529359842260522,Ag,0.02,K,0.12,Rh,0.02
Predict_1328,0.12368163139933268,Ag,0.03,K,0.12,Rh,0.01
Predict_1329,0.19061179376930826,Cd,0.01,K,0.12,Rh,0.03
Predict_1330,0.16721685823218355,Cd,0.02,K,0.12,Rh,0.02
Predict_1331,0.1150725958023585,Cd,0.03,K,0.12,Rh,0.01
Predict_1332,0.17222427595646686,In,0.01,K,0.12,Rh,0.03
Predict_1333,0.16720524490521754,In,0.02,K,0.12,Rh,0.02
Predict_1334,0.10993670398137977,In,0.03,K,0.12,Rh,0.01
Predict_1335,0.1743069355657777,K,0.12,Rh,0.03,Sn,0.01
Predict_1336,0.14980809261579406,K,0.12,Rh,0.02,Sn,0.02
Predict_1337,0.09904901845101766,K,0.12,Rh,0.01,Sn,0.03
Predict_1338,0.6942320175045854,Ba,0.01,K,0.12,Rh,0.03
Predict_1339,0.5593232847741603,Ba,0.02,K,0.12,Rh,0.02
Predict_1340,0.43132940295492606,Ba,0.03,K,0.12,Rh,0.01
Predict_1341,0.4501135259704893,Hf,0.01,K,0.12,Rh,0.03
Predict_1342,0.4346750297658566,Hf,0.02,K,0.12,Rh,0.02
Predict_1343,0.3864974703814774,Hf,0.03,K,0.12,Rh,0.01
Predict_1344,0.288412507912542,K,0.12,Rh,0.03,W,0.01
Predict_1345,0.2609834523941048,K,0.12,Rh,0.02,W,0.02
Predict_1346,0.18623438703173495,K,0.12,Rh,0.01,W,0.03
Predict_1347,0.20376863918464885,K,0.12,Re,0.01,Rh,0.03
Predict_1348,0.20379823160368174,K,0.12,Re,0.02,Rh,0.02
Predict_1349,0.12556535993476095,K,0.12,Re,0.03,Rh,0.01
Predict_1350,0.3395601001018511,K,0.12,Os,0.01,Rh,0.03
Predict_1351,0.32476597782957817,K,0.12,Os,0.02,Rh,0.02
Predict_1352,0.2870929673938528,K,0.12,Os,0.03,Rh,0.01
Predict_1353,0.3532489799847241,Ir,0.01,K,0.12,Rh,0.03
Predict_1354,0.30878450927230383,Ir,0.02,K,0.12,Rh,0.02
Predict_1355,0.25690045929045313,Ir,0.03,K,0.12,Rh,0.01
Predict_1356,0.2597603516315294,K,0.12,Pt,0.01,Rh,0.03
Predict_1357,0.2488349642639681,K,0.12,Pt,0.02,Rh,0.02
Predict_1358,0.19347439217263124,K,0.12,Pt,0.03,Rh,0.01
Predict_1359,0.25607366258928965,Au,0.01,K,0.12,Rh,0.03
Predict_1360,0.2478993092481568,Au,0.02,K,0.12,Rh,0.02
Predict_1361,0.19197631187016925,Au,0.03,K,0.12,Rh,0.01
Predict_1362,0.2439376260251712,K,0.12,Pb,0.01,Rh,0.03
Predict_1363,0.2205535718876636,K,0.12,Pb,0.02,Rh,0.02
Predict_1364,0.16212261737836445,K,0.12,Pb,0.03,Rh,0.01
Predict_1365,0.1405324773531483,Bi,0.01,K,0.12,Rh,0.03
Predict_1366,0.13516646030310991,Bi,0.02,K,0.12,Rh,0.02
Predict_1367,0.07055979158662005,Bi,0.03,K,0.12,Rh,0.01
Predict_1368,0.13226349975033286,Ag,0.01,K,0.12,Pd,0.03
Predict_1369,0.1317231734028015,Ag,0.02,K,0.12,Pd,0.02
Predict_1370,0.1300078115217351,Ag,0.03,K,0.12,Pd,0.01
Predict_1371,0.10770827312414852,Cd,0.01,K,0.12,Pd,0.03
Predict_1372,0.10770189616004047,Cd,0.02,K,0.12,Pd,0.02
Predict_1373,0.10638111912753366,Cd,0.03,K,0.12,Pd,0.01
Predict_1374,0.09189112918621864,In,0.01,K,0.12,Pd,0.03
Predict_1375,0.09306847766467684,In,0.02,K,0.12,Pd,0.02
Predict_1376,0.1121928210314758,In,0.03,K,0.12,Pd,0.01
Predict_1377,0.09533585497465742,K,0.12,Pd,0.03,Sn,0.01
Predict_1378,0.0946453505545285,K,0.12,Pd,0.02,Sn,0.02
Predict_1379,0.0936353794064068,K,0.12,Pd,0.01,Sn,0.03
Predict_1380,0.5614024490755744,Ba,0.01,K,0.12,Pd,0.03
Predict_1381,0.4828733782126935,Ba,0.02,K,0.12,Pd,0.02
Predict_1382,0.4115000934671798,Ba,0.03,K,0.12,Pd,0.01
Predict_1383,0.2461926358533497,Hf,0.01,K,0.12,Pd,0.03
Predict_1384,0.268529951669797,Hf,0.02,K,0.12,Pd,0.02
Predict_1385,0.2773695598804544,Hf,0.03,K,0.12,Pd,0.01
Predict_1386,0.19469120999337156,K,0.12,Pd,0.03,W,0.01
Predict_1387,0.18769526299510936,K,0.12,Pd,0.02,W,0.02
Predict_1388,0.2093523542138217,K,0.12,Pd,0.01,W,0.03
Predict_1389,0.12491366689260007,K,0.12,Pd,0.03,Re,0.01
Predict_1390,0.1303463463926842,K,0.12,Pd,0.02,Re,0.02
Predict_1391,0.1245793846545226,K,0.12,Pd,0.01,Re,0.03
Predict_1392,0.14703157276072648,K,0.12,Os,0.01,Pd,0.03
Predict_1393,0.15933576199096489,K,0.12,Os,0.02,Pd,0.02
Predict_1394,0.154673990146829,K,0.12,Os,0.03,Pd,0.01
Predict_1395,0.14289987139251745,Ir,0.01,K,0.12,Pd,0.03
Predict_1396,0.15929056528763386,Ir,0.02,K,0.12,Pd,0.02
Predict_1397,0.1670736909908832,Ir,0.03,K,0.12,Pd,0.01
Predict_1398,0.20231656340124396,K,0.12,Pd,0.03,Pt,0.01
Predict_1399,0.19817956426149272,K,0.12,Pd,0.02,Pt,0.02
Predict_1400,0.19817956426149272,K,0.12,Pd,0.01,Pt,0.03
Predict_1401,0.2084487800250758,Au,0.01,K,0.12,Pd,0.03
Predict_1402,0.20426768460443515,Au,0.02,K,0.12,Pd,0.02
Predict_1403,0.20426768460443515,Au,0.03,K,0.12,Pd,0.01
Predict_1404,0.17482157538481094,K,0.12,Pb,0.01,Pd,0.03
Predict_1405,0.17474311383002888,K,0.12,Pb,0.02,Pd,0.02
Predict_1406,0.17549140003577168,K,0.12,Pb,0.03,Pd,0.01
Predict_1407,0.09538225862578928,Bi,0.01,K,0.12,Pd,0.03
Predict_1408,0.09193344449511796,Bi,0.02,K,0.12,Pd,0.02
Predict_1409,0.09320660095697733,Bi,0.03,K,0.12,Pd,0.01
Predict_1410,0.13082714717938826,Ag,0.03,Cd,0.01,K,0.12
Predict_1411,0.1313674735269196,Ag,0.02,Cd,0.02,K,0.12
Predict_1412,0.13199774590904767,Ag,0.01,Cd,0.03,K,0.12
Predict_1413,0.10695373772003727,Ag,0.03,In,0.01,K,0.12
Predict_1414,0.1279611531037154,Ag,0.02,In,0.02,K,0.12
Predict_1415,0.12982169112861278,Ag,0.01,In,0.03,K,0.12
Predict_1416,0.10375410224495446,Ag,0.03,K,0.12,Sn,0.01
Predict_1417,0.10725152995516236,Ag,0.02,K,0.12,Sn,0.02
Predict_1418,0.1067793818403751,Ag,0.01,K,0.12,Sn,0.03
Predict_1419,0.4753796443857865,Ag,0.03,Ba,0.01,K,0.12
Predict_1420,0.4129297596517816,Ag,0.02,Ba,0.02,K,0.12
Predict_1421,0.3516403914297788,Ag,0.01,Ba,0.03,K,0.12
Predict_1422,0.14833099692541718,Ag,0.03,Hf,0.01,K,0.12
Predict_1423,0.1632204689638216,Ag,0.02,Hf,0.02,K,0.12
Predict_1424,0.17404572091497425,Ag,0.01,Hf,0.03,K,0.12
Predict_1425,0.12221270924007033,Ag,0.03,K,0.12,W,0.01
Predict_1426,0.15479187657264698,Ag,0.02,K,0.12,W,0.02
Predict_1427,0.15025706397314845,Ag,0.01,K,0.12,W,0.03
Predict_1428,0.12447917478701745,Ag,0.03,K,0.12,Re,0.01
Predict_1429,0.128670407947413,Ag,0.02,K,0.12,Re,0.02
Predict_1430,0.1321537074230975,Ag,0.01,K,0.12,Re,0.03
Predict_1431,0.12583786649405002,Ag,0.03,K,0.12,Os,0.01
Predict_1432,0.13511627681861,Ag,0.02,K,0.12,Os,0.02
Predict_1433,0.13498834153992104,Ag,0.01,K,0.12,Os,0.03
Predict_1434,0.12989833461950545,Ag,0.03,Ir,0.01,K,0.12
Predict_1435,0.129795601933015,Ag,0.02,Ir,0.02,K,0.12
Predict_1436,0.13871923374154144,Ag,0.01,Ir,0.03,K,0.12
Predict_1437,0.12549927846007222,Ag,0.03,K,0.12,Pt,0.01
Predict_1438,0.1261173262021783,Ag,0.02,K,0.12,Pt,0.02
Predict_1439,0.12630749018327378,Ag,0.01,K,0.12,Pt,0.03
Predict_1440,0.19331944625158773,Ag,0.03,Au,0.01,K,0.12
Predict_1441,0.19460099250670346,Ag,0.02,Au,0.02,K,0.12
Predict_1442,0.1911543912051269,Ag,0.01,Au,0.03,K,0.12
Predict_1443,0.1004823879003676,Ag,0.03,K,0.12,Pb,0.01
Predict_1444,0.10025374827298794,Ag,0.02,K,0.12,Pb,0.02
Predict_1445,0.10094425269311684,Ag,0.01,K,0.12,Pb,0.03
Predict_1446,0.10921903772289923,Ag,0.03,Bi,0.01,K,0.12
Predict_1447,0.10420077582677148,Ag,0.02,Bi,0.02,K,0.12
Predict_1448,0.09303833034450992,Ag,0.01,Bi,0.03,K,0.12
Predict_1449,0.0980097877959454,Cd,0.03,In,0.01,K,0.12
Predict_1450,0.11792802242515815,Cd,0.02,In,0.02,K,0.12
Predict_1451,0.1211833856376896,Cd,0.01,In,0.03,K,0.12
Predict_1452,0.13770153834231838,Cd,0.03,K,0.12,Sn,0.01
Predict_1453,0.1453741125895604,Cd,0.02,K,0.12,Sn,0.02
Predict_1454,0.14304142644987575,Cd,0.01,K,0.12,Sn,0.03
Predict_1455,0.4991907117143882,Ba,0.01,Cd,0.03,K,0.12
Predict_1456,0.4440031321118767,Ba,0.02,Cd,0.02,K,0.12
Predict_1457,0.3959656414205663,Ba,0.03,Cd,0.01,K,0.12
Predict_1458,0.18587068734361128,Cd,0.03,Hf,0.01,K,0.12
Predict_1459,0.18782859714009412,Cd,0.02,Hf,0.02,K,0.12
Predict_1460,0.2196524314945297,Cd,0.01,Hf,0.03,K,0.12
Predict_1461,0.12126943350618367,Cd,0.03,K,0.12,W,0.01
Predict_1462,0.13272462351635242,Cd,0.02,K,0.12,W,0.02
Predict_1463,0.13501224669027034,Cd,0.01,K,0.12,W,0.03
Predict_1464,0.14507859203478385,Cd,0.03,K,0.12,Re,0.01
Predict_1465,0.14111149719817986,Cd,0.02,K,0.12,Re,0.02
Predict_1466,0.15552642690291812,Cd,0.01,K,0.12,Re,0.03
Predict_1467,0.1447570971635549,Cd,0.03,K,0.12,Os,0.01
Predict_1468,0.15879437941332686,Cd,0.02,K,0.12,Os,0.02
Predict_1469,0.17147890686867293,Cd,0.01,K,0.12,Os,0.03
Predict_1470,0.1438573383523864,Cd,0.03,Ir,0.01,K,0.12
Predict_1471,0.15047071310528035,Cd,0.02,Ir,0.02,K,0.12
Predict_1472,0.15405938426605775,Cd,0.01,Ir,0.03,K,0.12
Predict_1473,0.10553138619962528,Cd,0.03,K,0.12,Pt,0.01
Predict_1474,0.10288364577002723,Cd,0.02,K,0.12,Pt,0.02
Predict_1475,0.10222014725701747,Cd,0.01,K,0.12,Pt,0.03
Predict_1476,0.12341366056024665,Au,0.01,Cd,0.03,K,0.12
Predict_1477,0.12283410343532425,Au,0.02,Cd,0.02,K,0.12
Predict_1478,0.12213884009365125,Au,0.03,Cd,0.01,K,0.12
Predict_1479,0.13947771296559153,Cd,0.03,K,0.12,Pb,0.01
Predict_1480,0.13977007215126994,Cd,0.02,K,0.12,Pb,0.02
Predict_1481,0.13977007215126994,Cd,0.01,K,0.12,Pb,0.03
Predict_1482,0.10108745075581263,Bi,0.01,Cd,0.03,K,0.12
Predict_1483,0.09850212519439812,Bi,0.02,Cd,0.02,K,0.12
Predict_1484,0.09333599608896426,Bi,0.03,Cd,0.01,K,0.12
Predict_1485,0.09963237714232827,In,0.03,K,0.12,Sn,0.01
Predict_1486,0.09963237714232827,In,0.02,K,0.12,Sn,0.02
Predict_1487,0.08134609673874793,In,0.01,K,0.12,Sn,0.03
Predict_1488,0.44639062738496266,Ba,0.01,In,0.03,K,0.12
Predict_1489,0.3769127742599184,Ba,0.02,In,0.02,K,0.12
Predict_1490,0.373141613164561,Ba,0.03,In,0.01,K,0.12
Predict_1491,0.1647414989391276,Hf,0.01,In,0.03,K,0.12
Predict_1492,0.1755645269834579,Hf,0.02,In,0.02,K,0.12
Predict_1493,0.1977407314279744,Hf,0.03,In,0.01,K,0.12
Predict_1494,0.14259332365285482,In,0.03,K,0.12,W,0.01
Predict_1495,0.14326099950070748,In,0.02,K,0.12,W,0.02
Predict_1496,0.14698482550804506,In,0.01,K,0.12,W,0.03
Predict_1497,0.14570832026231784,In,0.03,K,0.12,Re,0.01
Predict_1498,0.1549086658976077,In,0.02,K,0.12,Re,0.02
Predict_1499,0.14934886898056884,In,0.01,K,0.12,Re,0.03
Predict_1500,0.14361356293952407,In,0.03,K,0.12,Os,0.01
Predict_1501,0.14701780230758546,In,0.02,K,0.12,Os,0.02
Predict_1502,0.15497964206024692,In,0.01,K,0.12,Os,0.03
Predict_1503,0.15089480468222585,In,0.03,Ir,0.01,K,0.12
Predict_1504,0.15685286341096774,In,0.02,Ir,0.02,K,0.12
Predict_1505,0.15045469510018925,In,0.01,Ir,0.03,K,0.12
Predict_1506,0.1470322204691882,In,0.03,K,0.12,Pt,0.01
Predict_1507,0.13573473062082902,In,0.02,K,0.12,Pt,0.02
Predict_1508,0.13193774670165484,In,0.01,K,0.12,Pt,0.03
Predict_1509,0.16796476679023425,Au,0.01,In,0.03,K,0.12
Predict_1510,0.15313028687207705,Au,0.02,In,0.02,K,0.12
Predict_1511,0.15250694712480398,Au,0.03,In,0.01,K,0.12
Predict_1512,0.10761846597175173,In,0.03,K,0.12,Pb,0.01
Predict_1513,0.1077700880340804,In,0.02,K,0.12,Pb,0.02
Predict_1514,0.0859117418281814,In,0.01,K,0.12,Pb,0.03
Predict_1515,0.0839290366877335,Bi,0.01,In,0.03,K,0.12
Predict_1516,0.08209018208186727,Bi,0.02,In,0.02,K,0.12
Predict_1517,0.07692726651363585,Bi,0.03,In,0.01,K,0.12
Predict_1518,0.34732297930221273,Ba,0.01,K,0.12,Sn,0.03
Predict_1519,0.30581820861907144,Ba,0.02,K,0.12,Sn,0.02
Predict_1520,0.2700443590473064,Ba,0.03,K,0.12,Sn,0.01
Predict_1521,0.28777474983115314,Hf,0.01,K,0.12,Sn,0.03
Predict_1522,0.2973202472213708,Hf,0.02,K,0.12,Sn,0.02
Predict_1523,0.28332582504571124,Hf,0.03,K,0.12,Sn,0.01
Predict_1524,0.1532036638931245,K,0.12,Sn,0.03,W,0.01
Predict_1525,0.1685646229187107,K,0.12,Sn,0.02,W,0.02
Predict_1526,0.16474136544587584,K,0.12,Sn,0.01,W,0.03
Predict_1527,0.2679214981962389,K,0.12,Re,0.01,Sn,0.03
Predict_1528,0.2882824000673947,K,0.12,Re,0.02,Sn,0.02
Predict_1529,0.2533478723675281,K,0.12,Re,0.03,Sn,0.01
Predict_1530,0.2716877312627717,K,0.12,Os,0.01,Sn,0.03
Predict_1531,0.2764860495854965,K,0.12,Os,0.02,Sn,0.02
Predict_1532,0.2738390105797129,K,0.12,Os,0.03,Sn,0.01
Predict_1533,0.2694473027163713,Ir,0.01,K,0.12,Sn,0.03
Predict_1534,0.2776212071910318,Ir,0.02,K,0.12,Sn,0.02
Predict_1535,0.2829415118002865,Ir,0.03,K,0.12,Sn,0.01
Predict_1536,0.08291064088664099,K,0.12,Pt,0.01,Sn,0.03
Predict_1537,0.08256326566740879,K,0.12,Pt,0.02,Sn,0.02
Predict_1538,0.08256326566740879,K,0.12,Pt,0.03,Sn,0.01
Predict_1539,0.1703323747338454,Au,0.01,K,0.12,Sn,0.03
Predict_1540,0.17064849802762294,Au,0.02,K,0.12,Sn,0.02
Predict_1541,0.16720189672604632,Au,0.03,K,0.12,Sn,0.01
Predict_1542,0.2639889448785224,K,0.12,Pb,0.01,Sn,0.03
Predict_1543,0.2653674504045833,K,0.12,Pb,0.02,Sn,0.02
Predict_1544,0.26343470504631306,K,0.12,Pb,0.03,Sn,0.01
Predict_1545,0.12932487352033242,Bi,0.01,K,0.12,Sn,0.03
Predict_1546,0.12931206454506533,Bi,0.02,K,0.12,Sn,0.02
Predict_1547,0.12968288528552582,Bi,0.03,K,0.12,Sn,0.01
Predict_1548,0.4881628847106073,Ba,0.03,Hf,0.01,K,0.12
Predict_1549,0.5611411956659308,Ba,0.02,Hf,0.02,K,0.12
Predict_1550,0.6323192180643668,Ba,0.01,Hf,0.03,K,0.12
Predict_1551,0.5219250996417952,Ba,0.03,K,0.12,W,0.01
Predict_1552,0.6475641997786519,Ba,0.02,K,0.12,W,0.02
Predict_1553,0.6691428015186441,Ba,0.01,K,0.12,W,0.03
Predict_1554,0.4960122502146776,Ba,0.03,K,0.12,Re,0.01
Predict_1555,0.5715636275893963,Ba,0.02,K,0.12,Re,0.02
Predict_1556,0.6026478785986706,Ba,0.01,K,0.12,Re,0.03
Predict_1557,0.5471249732671272,Ba,0.03,K,0.12,Os,0.01
Predict_1558,0.6560390877129774,Ba,0.02,K,0.12,Os,0.02
Predict_1559,0.6974705456245688,Ba,0.01,K,0.12,Os,0.03
Predict_1560,0.5463813879597836,Ba,0.03,Ir,0.01,K,0.12
Predict_1561,0.6627219846251043,Ba,0.02,Ir,0.02,K,0.12
Predict_1562,0.7076637675195383,Ba,0.01,Ir,0.03,K,0.12
Predict_1563,0.4954986788123903,Ba,0.03,K,0.12,Pt,0.01
Predict_1564,0.5339249643826265,Ba,0.02,K,0.12,Pt,0.02
Predict_1565,0.5749210453304454,Ba,0.01,K,0.12,Pt,0.03
Predict_1566,0.4283363897753018,Au,0.01,Ba,0.03,K,0.12
Predict_1567,0.44311590863250266,Au,0.02,Ba,0.02,K,0.12
Predict_1568,0.4639339316244835,Au,0.03,Ba,0.01,K,0.12
Predict_1569,0.3968115769195885,Ba,0.03,K,0.12,Pb,0.01
Predict_1570,0.4689101443653458,Ba,0.02,K,0.12,Pb,0.02
Predict_1571,0.4953845875735925,Ba,0.01,K,0.12,Pb,0.03
Predict_1572,0.3308683326869257,Ba,0.03,Bi,0.01,K,0.12
Predict_1573,0.4292835542623257,Ba,0.02,Bi,0.02,K,0.12
Predict_1574,0.4669143586624338,Ba,0.01,Bi,0.03,K,0.12
Predict_1575,0.5388346798658089,Hf,0.03,K,0.12,W,0.01
Predict_1576,0.5489801827276533,Hf,0.02,K,0.12,W,0.02
Predict_1577,0.5664957840212619,Hf,0.01,K,0.12,W,0.03
Predict_1578,0.5733743702580069,Hf,0.03,K,0.12,Re,0.01
Predict_1579,0.5774656444711723,Hf,0.02,K,0.12,Re,0.02
Predict_1580,0.5659832587064969,Hf,0.01,K,0.12,Re,0.03
Predict_1581,0.5331262727871322,Hf,0.03,K,0.12,Os,0.01
Predict_1582,0.5824243247229149,Hf,0.02,K,0.12,Os,0.02
Predict_1583,0.5909895923793115,Hf,0.01,K,0.12,Os,0.03
Predict_1584,0.5435838378196817,Hf,0.03,Ir,0.01,K,0.12
Predict_1585,0.5911676204203418,Hf,0.02,Ir,0.02,K,0.12
Predict_1586,0.6057158635878548,Hf,0.01,Ir,0.03,K,0.12
Predict_1587,0.4127785949048537,Hf,0.03,K,0.12,Pt,0.01
Predict_1588,0.42729841475723856,Hf,0.02,K,0.12,Pt,0.02
Predict_1589,0.4326546222162913,Hf,0.01,K,0.12,Pt,0.03
Predict_1590,0.42350957510433657,Au,0.01,Hf,0.03,K,0.12
Predict_1591,0.4191042219661876,Au,0.02,Hf,0.02,K,0.12
Predict_1592,0.4072645684454913,Au,0.03,Hf,0.01,K,0.12
Predict_1593,0.183232966571005,Hf,0.03,K,0.12,Pb,0.01
Predict_1594,0.16474214643609028,Hf,0.02,K,0.12,Pb,0.02
Predict_1595,0.15984535536564254,Hf,0.01,K,0.12,Pb,0.03
Predict_1596,0.2136485928460609,Bi,0.01,Hf,0.03,K,0.12
Predict_1597,0.2093347467090108,Bi,0.02,Hf,0.02,K,0.12
Predict_1598,0.1870964223760697,Bi,0.03,Hf,0.01,K,0.12
Predict_1599,0.4958977074302661,K,0.12,Re,0.01,W,0.03
Predict_1600,0.4876501543070077,K,0.12,Re,0.02,W,0.02
Predict_1601,0.4499450734804704,K,0.12,Re,0.03,W,0.01
Predict_1602,0.5315424429317102,K,0.12,Os,0.01,W,0.03
Predict_1603,0.5356274859434845,K,0.12,Os,0.02,W,0.02
Predict_1604,0.5365787489885883,K,0.12,Os,0.03,W,0.01
Predict_1605,0.5366312157231924,Ir,0.01,K,0.12,W,0.03
Predict_1606,0.5358403461405279,Ir,0.02,K,0.12,W,0.02
Predict_1607,0.5359435320854775,Ir,0.03,K,0.12,W,0.01
Predict_1608,0.3202946070465662,K,0.12,Pt,0.01,W,0.03
Predict_1609,0.3114801723313019,K,0.12,Pt,0.02,W,0.02
Predict_1610,0.30513384199424154,K,0.12,Pt,0.03,W,0.01
Predict_1611,0.32248986558322223,Au,0.01,K,0.12,W,0.03
Predict_1612,0.314608953060491,Au,0.02,K,0.12,W,0.02
Predict_1613,0.3012173945107854,Au,0.03,K,0.12,W,0.01
Predict_1614,0.23308361721083634,K,0.12,Pb,0.01,W,0.03
Predict_1615,0.22237597066449152,K,0.12,Pb,0.02,W,0.02
Predict_1616,0.1981892633398486,K,0.12,Pb,0.03,W,0.01
Predict_1617,0.1589844794414186,Bi,0.01,K,0.12,W,0.03
Predict_1618,0.14840807717744756,Bi,0.02,K,0.12,W,0.02
Predict_1619,0.13988175174878845,Bi,0.03,K,0.12,W,0.01
Predict_1620,0.15194044826668116,K,0.12,Os,0.01,Re,0.03
Predict_1621,0.16007946169259146,K,0.12,Os,0.02,Re,0.02
Predict_1622,0.17253375290382678,K,0.12,Os,0.03,Re,0.01
Predict_1623,0.1455100875052502,Ir,0.01,K,0.12,Re,0.03
Predict_1624,0.16301076442487195,Ir,0.02,K,0.12,Re,0.02
Predict_1625,0.16290046173369935,Ir,0.03,K,0.12,Re,0.01
Predict_1626,0.25042337124805025,K,0.12,Pt,0.01,Re,0.03
Predict_1627,0.2583814363990761,K,0.12,Pt,0.02,Re,0.02
Predict_1628,0.2560560539328367,K,0.12,Pt,0.03,Re,0.01
Predict_1629,0.21783880138489625,Au,0.01,K,0.12,Re,0.03
Predict_1630,0.21950678296775067,Au,0.02,K,0.12,Re,0.02
Predict_1631,0.2104291219219948,Au,0.03,K,0.12,Re,0.01
Predict_1632,0.2466878753652505,K,0.12,Pb,0.01,Re,0.03
Predict_1633,0.249503956823818,K,0.12,Pb,0.02,Re,0.02
Predict_1634,0.2333599867746285,K,0.12,Pb,0.03,Re,0.01
Predict_1635,0.23695082563052675,Bi,0.01,K,0.12,Re,0.03
Predict_1636,0.27405499900859503,Bi,0.02,K,0.12,Re,0.02
Predict_1637,0.26685172199165963,Bi,0.03,K,0.12,Re,0.01
Predict_1638,0.22228353119364505,Ir,0.01,K,0.12,Os,0.03
Predict_1639,0.20612397791672016,Ir,0.02,K,0.12,Os,0.02
Predict_1640,0.20612397791672016,Ir,0.03,K,0.12,Os,0.01
Predict_1641,0.3104636263293673,K,0.12,Os,0.03,Pt,0.01
Predict_1642,0.3144307814029672,K,0.12,Os,0.02,Pt,0.02
Predict_1643,0.3011319644038575,K,0.12,Os,0.01,Pt,0.03
Predict_1644,0.2004279634314816,Au,0.01,K,0.12,Os,0.03
Predict_1645,0.20249836215470868,Au,0.02,K,0.12,Os,0.02
Predict_1646,0.18975118451664333,Au,0.03,K,0.12,Os,0.01
Predict_1647,0.3294896454792016,K,0.12,Os,0.03,Pb,0.01
Predict_1648,0.3260258727253956,K,0.12,Os,0.02,Pb,0.02
Predict_1649,0.3186888791096834,K,0.12,Os,0.01,Pb,0.03
Predict_1650,0.2933911083713687,Bi,0.01,K,0.12,Os,0.03
Predict_1651,0.29206761717074764,Bi,0.02,K,0.12,Os,0.02
Predict_1652,0.2841603266426717,Bi,0.03,K,0.12,Os,0.01
Predict_1653,0.21006849682403675,Ir,0.03,K,0.12,Pt,0.01
Predict_1654,0.2075235574324468,Ir,0.02,K,0.12,Pt,0.02
Predict_1655,0.19717884592675675,Ir,0.01,K,0.12,Pt,0.03
Predict_1656,0.21283240330148506,Au,0.01,Ir,0.03,K,0.12
Predict_1657,0.20260283736731044,Au,0.02,Ir,0.02,K,0.12
Predict_1658,0.1959069852994371,Au,0.03,Ir,0.01,K,0.12
Predict_1659,0.32666673698299364,Ir,0.03,K,0.12,Pb,0.01
Predict_1660,0.3204587450998229,Ir,0.02,K,0.12,Pb,0.02
Predict_1661,0.3185264851287362,Ir,0.01,K,0.12,Pb,0.03
Predict_1662,0.29371539962553084,Bi,0.01,Ir,0.03,K,0.12
Predict_1663,0.2890158826637954,Bi,0.02,Ir,0.02,K,0.12
Predict_1664,0.27737639033315503,Bi,0.03,Ir,0.01,K,0.12
Predict_1665,0.2995405555719545,Au,0.01,K,0.12,Pt,0.03
Predict_1666,0.2960223782675238,Au,0.02,K,0.12,Pt,0.02
Predict_1667,0.2937212029743104,Au,0.03,K,0.12,Pt,0.01
Predict_1668,0.1666488141502806,K,0.12,Pb,0.01,Pt,0.03
Predict_1669,0.16915619182966074,K,0.12,Pb,0.02,Pt,0.02
Predict_1670,0.17040691293491864,K,0.12,Pb,0.03,Pt,0.01
Predict_1671,0.13630282644359215,Bi,0.01,K,0.12,Pt,0.03
Predict_1672,0.13696632495660188,Bi,0.02,K,0.12,Pt,0.02
Predict_1673,0.13223016417818811,Bi,0.03,K,0.12,Pt,0.01
Predict_1674,0.17432160524347864,Au,0.03,K,0.12,Pb,0.01
Predict_1675,0.17432160524347864,Au,0.02,K,0.12,Pb,0.02
Predict_1676,0.1750579286015993,Au,0.01,K,0.12,Pb,0.03
Predict_1677,0.2221682254102896,Au,0.03,Bi,0.01,K,0.12
Predict_1678,0.2256148267118661,Au,0.02,Bi,0.02,K,0.12
Predict_1679,0.22432312438132296,Au,0.01,Bi,0.03,K,0.12
Predict_1680,0.12767088768367268,Bi,0.01,K,0.12,Pb,0.03
Predict_1681,0.12737374546665575,Bi,0.02,K,0.12,Pb,0.02
Predict_1682,0.11077096017049827,Bi,0.03,K,0.12,Pb,0.01
