,ID,Ele1,Wt1,Ele2,Wt2,Ele3,Wt3,Reactor,NH3,Space Velocity,Temperature,Concentration,Standard Error,nAveraged,Groups
0,15,Ru,3.0,Cu,1.0,K,12.0,0.0,1.005633802816901,2092.910447761194,250,0.09766241731651418,0.007114199941608583,8,29.0
8,15,Ru,3.0,Cu,1.0,K,12.0,0.0,1.005633802816901,2092.910447761194,300,0.3032333694034347,0.06458326213819217,6,29.0
14,15,Ru,3.0,Cu,1.0,K,12.0,0.0,1.005633802816901,2092.910447761194,350,0.4231853380125899,0.006544445381977586,6,29.0
20,15,Ru,3.0,Cu,1.0,K,12.0,0.0,1.005633802816901,2092.910447761194,400,0.9615262880724038,0.0036759798617730047,3,29.0
23,15,Ru,3.0,Cu,1.0,K,12.0,0.0,1.005633802816901,2092.910447761194,450,0.9856241663406208,0.005548124561289146,3,29.0
26,16,Ru,2.0,Cu,2.0,K,12.0,1.0,1.0499092558983671,2176.4500000000007,250,0.13377329859088916,0.0067310584720088875,8,29.0
34,16,Ru,2.0,Cu,2.0,K,12.0,1.0,1.0499092558983671,2176.4500000000007,300,0.2123667412658962,0.03654750466555117,6,29.0
40,16,Ru,2.0,Cu,2.0,K,12.0,1.0,1.0499092558983671,2176.4500000000007,350,0.27286448132671814,0.00816542703269509,6,29.0
46,16,Ru,2.0,Cu,2.0,K,12.0,1.0,1.0499092558983671,2176.4500000000007,400,0.617249341895345,0.008836422021733166,3,29.0
49,16,Ru,2.0,Cu,2.0,K,12.0,1.0,1.0499092558983671,2176.4500000000007,450,0.9781655267776914,0.014353457854142684,3,29.0
52,17,Ru,1.0,Cu,3.0,K,12.0,3.0,1.0151006711409405,2354.2000000000007,250,0.04389862404386964,0.007463193801697911,8,29.0
60,17,Ru,1.0,Cu,3.0,K,12.0,3.0,1.0151006711409405,2354.2000000000007,300,0.11075924705823438,0.02446718800237909,6,29.0
66,17,Ru,1.0,Cu,3.0,K,12.0,3.0,1.0151006711409405,2354.2000000000007,350,0.1547167485030769,0.0057188861452696065,6,29.0
72,17,Ru,1.0,Cu,3.0,K,12.0,3.0,1.0151006711409405,2354.2000000000007,400,0.4000561091573356,0.012459747334812464,3,29.0
75,17,Ru,1.0,Cu,3.0,K,12.0,3.0,1.0151006711409405,2354.2000000000007,450,0.829905967724828,0.007500879015500761,3,29.0
527,25,Ru,4.0,-,0.0,--,0.0,9.0,0.9572139303482592,1975.0,150,0.1421094641824149,0.007311546590563048,3,
530,25,Ru,4.0,-,0.0,--,0.0,9.0,0.9572139303482592,1975.0,250,0.2057892064097622,0.008489782183879939,7,
78,25,Ru,4.0,-,0.0,--,0.0,4.0,1.053333333333333,1925.625,250,0.11981231655345836,0.006105770389870674,8,
533,25,Ru,4.0,-,0.0,--,0.0,9.0,0.9572139303482592,1975.0,300,0.3901518235858158,0.023392044137918504,5,
86,25,Ru,4.0,-,0.0,--,0.0,4.0,1.053333333333333,1925.625,300,0.37620774259177386,0.01893274151336502,6,
535,25,Ru,4.0,-,0.0,--,0.0,9.0,0.9572139303482592,1975.0,350,0.8971233898061274,0.00673476584147703,6,
92,25,Ru,4.0,-,0.0,--,0.0,4.0,1.053333333333333,1925.625,350,0.917768902865569,0.010147772319938632,6,
538,25,Ru,4.0,-,0.0,--,0.0,9.0,0.9572139303482592,1975.0,400,0.9958655514468134,0.0020842941727479214,6,
98,25,Ru,4.0,-,0.0,--,0.0,4.0,1.053333333333333,1925.625,400,1.0,0.0,3,
554,25,Ru,4.0,-,0.0,--,0.0,9.0,0.9572139303482592,1975.0,450,0.9955030102921428,0.002203101115498956,3,
101,25,Ru,4.0,-,0.0,--,0.0,4.0,1.053333333333333,1925.625,450,0.9927977522823711,0.007202247717628859,3,
1350,27,Ru,4.0,-,0.0,--,0.0,0.0,0.86,2308.775,250,0.019387304738855218,0.00939511156620046,4,
1354,27,Ru,4.0,-,0.0,--,0.0,0.0,0.86,2308.775,300,0.1654681244482523,0.0043617850875081465,2,
1356,27,Ru,4.0,-,0.0,--,0.0,0.0,0.86,2308.775,350,0.8276896342925985,0.010044637824331456,3,
1515,27,Ru,4.0,-,0.0,--,0.0,0.0,5.0,846.0,350,0.7312896970930928,0.009881739339299443,3,
1518,27,Ru,4.0,-,0.0,--,0.0,0.0,5.0,1410.0,350,0.5936641504780833,0.00479862043281575,3,
1521,27,Ru,4.0,-,0.0,--,0.0,0.0,5.0,1975.0,350,0.480455135818834,0.006735563799925619,3,
1524,27,Ru,4.0,-,0.0,--,0.0,0.0,5.0,2539.0,350,0.44429509642112297,0.006339218384595029,2,
1359,27,Ru,4.0,-,0.0,--,0.0,0.0,0.86,2308.775,400,1.0,0.0,3,
1362,27,Ru,4.0,-,0.0,--,0.0,0.0,0.86,2308.775,450,1.0,0.0,3,
1365,28,Ru,4.0,-,0.0,--,0.0,1.0,0.9,2431.225,250,0.0509075200774189,0.006199895264824496,4,
1369,28,Ru,4.0,-,0.0,--,0.0,1.0,0.9,2431.225,300,0.19875468145152336,0.0004054972811221996,2,
1371,28,Ru,4.0,-,0.0,--,0.0,1.0,0.9,2431.225,350,0.86568797994056,0.004064904471111185,3,
1526,28,Ru,4.0,-,0.0,--,0.0,1.0,5.0,846.0,350,0.715461852817326,0.00824524708995141,3,
1529,28,Ru,4.0,-,0.0,--,0.0,1.0,5.0,1410.0,350,0.5879723059564098,0.009877554632710485,3,
1532,28,Ru,4.0,-,0.0,--,0.0,1.0,5.0,1975.0,350,0.48856281343399005,0.01292268864323531,3,
1535,28,Ru,4.0,-,0.0,--,0.0,1.0,5.0,2539.0,350,0.38030289776342496,0.0028932693260670106,2,
1374,28,Ru,4.0,-,0.0,--,0.0,1.0,0.9,2431.225,400,0.9995778603863258,0.0004221396136741366,3,
1377,28,Ru,4.0,-,0.0,--,0.0,1.0,0.9,2431.225,450,1.0,0.0,3,
104,29,Ru,3.0,Y,1.0,K,12.0,5.0,1.156300703082747,1825.8875,250,0.5228012977795499,0.016773548136865518,8,39.0
112,29,Ru,3.0,Y,1.0,K,12.0,5.0,1.156300703082747,1825.8875,300,0.9524203071824157,0.0057395817177115,6,39.0
118,29,Ru,3.0,Y,1.0,K,12.0,5.0,1.156300703082747,1825.8875,350,0.959141107111496,0.007319688644545091,6,39.0
124,29,Ru,3.0,Y,1.0,K,12.0,5.0,1.156300703082747,1825.8875,400,0.978571659873101,0.01082068386846813,3,39.0
127,29,Ru,3.0,Y,1.0,K,12.0,5.0,1.156300703082747,1825.8875,450,0.967365123661759,0.017069720882754394,3,39.0
130,30,Ru,2.0,Y,2.0,K,12.0,6.0,1.7944630872483225,2366.030150753769,250,0.6390338195504257,0.00996234195055133,8,39.0
138,30,Ru,2.0,Y,2.0,K,12.0,6.0,1.7944630872483225,2366.030150753769,300,0.9393617188044501,0.006155976352608136,6,39.0
144,30,Ru,2.0,Y,2.0,K,12.0,6.0,1.7944630872483225,2366.030150753769,350,0.9961859703401009,0.0031032822678679485,6,39.0
150,30,Ru,2.0,Y,2.0,K,12.0,6.0,1.7944630872483225,2366.030150753769,400,1.0,0.0,3,39.0
153,30,Ru,2.0,Y,2.0,K,12.0,6.0,1.7944630872483225,2366.030150753769,450,0.9953964898441958,0.004603510155804143,3,39.0
557,31,Ru,1.0,Y,3.0,K,12.0,10.0,1.0481809242871185,2008.575,150,0.27248907906104686,0.0031048242962877534,3,39.0
560,31,Ru,1.0,Y,3.0,K,12.0,10.0,1.0481809242871185,2008.575,250,0.3963143638884284,0.008468969368020506,7,39.0
156,31,Ru,1.0,Y,3.0,K,12.0,7.0,1.6530815109343937,1986.85,250,0.5909036443111161,0.006930684721215204,8,39.0
563,31,Ru,1.0,Y,3.0,K,12.0,10.0,1.0481809242871185,2008.575,300,0.8505184021881449,0.028151119190553874,5,39.0
164,31,Ru,1.0,Y,3.0,K,12.0,7.0,1.6530815109343937,1986.85,300,0.8869534833357139,0.005935273066387812,6,39.0
565,31,Ru,1.0,Y,3.0,K,12.0,10.0,1.0481809242871185,2008.575,350,0.9983401334386777,0.0016598665613223318,6,39.0
170,31,Ru,1.0,Y,3.0,K,12.0,7.0,1.6530815109343937,1986.85,350,1.0,0.0,6,39.0
568,31,Ru,1.0,Y,3.0,K,12.0,10.0,1.0481809242871185,2008.575,400,1.0,0.0,6,39.0
176,31,Ru,1.0,Y,3.0,K,12.0,7.0,1.6530815109343937,1986.85,400,1.0,0.0,3,39.0
584,31,Ru,1.0,Y,3.0,K,12.0,10.0,1.0481809242871185,2008.575,450,1.0,0.0,3,39.0
179,31,Ru,1.0,Y,3.0,K,12.0,7.0,1.6530815109343937,1986.85,450,1.0,0.0,3,39.0
208,32,Ru,4.0,Y,0.5,K,12.0,10.0,1.4957825679475174,2107.3250000000007,250,0.688269702692525,0.007356723873122982,3,39.0
211,32,Ru,4.0,Y,0.5,K,12.0,10.0,1.4957825679475174,2107.3250000000007,300,0.9574928582255678,0.00636038248843383,6,39.0
217,32,Ru,4.0,Y,0.5,K,12.0,10.0,1.4957825679475174,2107.3250000000007,350,0.9687965965361195,0.006863591210920951,6,39.0
223,32,Ru,4.0,Y,0.5,K,12.0,10.0,1.4957825679475174,2107.3250000000007,400,0.9813679669114829,0.007980056138341605,3,39.0
226,32,Ru,4.0,Y,0.5,K,12.0,10.0,1.4957825679475174,2107.3250000000007,450,0.9565526341715843,0.01822528985506497,3,39.0
587,33,Ru,3.0,Mg,1.0,K,12.0,11.0,0.9613804437140512,2368.0541871921178,150,0.09389195687980582,0.016932906616622178,3,12.0
590,33,Ru,3.0,Mg,1.0,K,12.0,11.0,0.9613804437140512,2368.0541871921178,250,0.3382937818210406,0.016174028766807073,7,12.0
182,33,Ru,3.0,Mg,1.0,K,12.0,9.0,1.048951048951049,2259.4,250,0.49457181608285494,0.020788680855293513,8,12.0
593,33,Ru,3.0,Mg,1.0,K,12.0,11.0,0.9613804437140512,2368.0541871921178,300,0.8140625579480336,0.025140636387794544,5,12.0
190,33,Ru,3.0,Mg,1.0,K,12.0,9.0,1.048951048951049,2259.4,300,0.9668549939148722,0.005196434166960007,6,12.0
595,33,Ru,3.0,Mg,1.0,K,12.0,11.0,0.9613804437140512,2368.0541871921178,350,0.9470939440664603,0.005724754374508084,6,12.0
196,33,Ru,3.0,Mg,1.0,K,12.0,9.0,1.048951048951049,2259.4,350,1.0,0.0,6,12.0
598,33,Ru,3.0,Mg,1.0,K,12.0,11.0,0.9613804437140512,2368.0541871921178,400,0.9423378205243907,0.011038188035436705,6,12.0
202,33,Ru,3.0,Mg,1.0,K,12.0,9.0,1.048951048951049,2259.4,400,1.0,0.0,3,12.0
614,33,Ru,3.0,Mg,1.0,K,12.0,11.0,0.9613804437140512,2368.0541871921178,450,0.9503583253531831,0.006839115965882678,3,12.0
205,33,Ru,3.0,Mg,1.0,K,12.0,9.0,1.048951048951049,2259.4,450,1.0,0.0,3,12.0
229,34,Ru,2.0,Mg,2.0,K,12.0,11.0,1.0539845758354751,2304.8250000000007,250,0.22357452157296537,0.010039195545068326,8,12.0
237,34,Ru,2.0,Mg,2.0,K,12.0,11.0,1.0539845758354751,2304.8250000000007,300,0.40446978753913404,0.01331379523020032,6,12.0
243,34,Ru,2.0,Mg,2.0,K,12.0,11.0,1.0539845758354751,2304.8250000000007,350,0.9159837194018374,0.01650258795294973,6,12.0
249,34,Ru,2.0,Mg,2.0,K,12.0,11.0,1.0539845758354751,2304.8250000000007,400,0.9935140315100458,0.004564843120940064,3,12.0
252,34,Ru,2.0,Mg,2.0,K,12.0,11.0,1.0539845758354751,2304.8250000000007,450,0.9968887381429572,0.0029498822373974463,3,12.0
255,35,Ru,1.0,Mg,3.0,K,12.0,12.0,1.381125226860254,2187.386934673367,250,0.2992334912892539,0.004787352305386469,8,12.0
263,35,Ru,1.0,Mg,3.0,K,12.0,12.0,1.381125226860254,2187.386934673367,300,0.374982429272486,0.006030341452501818,6,12.0
269,35,Ru,1.0,Mg,3.0,K,12.0,12.0,1.381125226860254,2187.386934673367,350,0.6211756680810154,0.007028267896500984,6,12.0
275,35,Ru,1.0,Mg,3.0,K,12.0,12.0,1.381125226860254,2187.386934673367,400,0.8880045466733351,0.002887690956686747,3,12.0
278,35,Ru,1.0,Mg,3.0,K,12.0,12.0,1.381125226860254,2187.386934673367,450,0.947249734248805,0.016793660922844816,3,12.0
281,36,K,12.0,-,0.0,--,0.0,13.0,1.022823330515638,2336.425,250,0.10291346651093537,0.009490689209137683,8,
289,36,K,12.0,-,0.0,--,0.0,13.0,1.022823330515638,2336.425,300,0.10002537074665259,0.005619396734705943,6,
295,36,K,12.0,-,0.0,--,0.0,13.0,1.022823330515638,2336.425,350,0.1173882612052554,0.014206217302404175,6,
301,36,K,12.0,-,0.0,--,0.0,13.0,1.022823330515638,2336.425,400,0.15186435206561524,0.01542397114707994,3,
304,36,K,12.0,-,0.0,--,0.0,13.0,1.022823330515638,2336.425,450,0.20529086658119824,0.06893718379261374,3,
307,37,Ru,3.0,Mn,1.0,K,12.0,14.0,0.9691417550626804,2048.0750000000007,250,0.01769112212270621,0.006893098702207801,8,25.0
315,37,Ru,3.0,Mn,1.0,K,12.0,14.0,0.9691417550626804,2048.0750000000007,300,0.36601792059233346,0.031951098108959845,6,25.0
321,37,Ru,3.0,Mn,1.0,K,12.0,14.0,0.9691417550626804,2048.0750000000007,350,0.9107474210036783,0.010926751373753927,6,25.0
327,37,Ru,3.0,Mn,1.0,K,12.0,14.0,0.9691417550626804,2048.0750000000007,400,0.9134323149028362,0.0338357075969096,3,25.0
330,37,Ru,3.0,Mn,1.0,K,12.0,14.0,0.9691417550626804,2048.0750000000007,450,0.9083326034151762,0.06531946891988281,3,25.0
1380,38,Ru,2.0,Mn,2.0,K,12.0,2.0,1.01,2665.7537688442208,250,0.15611651191583042,0.010885711477942895,4,25.0
333,38,Ru,2.0,Mn,2.0,K,12.0,0.0,1.1427212178877253,2055.1732673267325,250,0.22800970268433166,0.0030408638524295076,3,25.0
1384,38,Ru,2.0,Mn,2.0,K,12.0,2.0,1.01,2665.7537688442208,300,0.3488944899142594,0.013927012262046483,2,25.0
336,38,Ru,2.0,Mn,2.0,K,12.0,0.0,1.1427212178877253,2055.1732673267325,300,0.4687923468556841,0.01129878543953225,3,25.0
1386,38,Ru,2.0,Mn,2.0,K,12.0,2.0,1.01,2665.7537688442208,350,0.900421727107128,0.007191865598511535,3,25.0
339,38,Ru,2.0,Mn,2.0,K,12.0,0.0,1.1427212178877253,2055.1732673267325,350,0.9722799938629577,0.009322338216253202,3,25.0
1537,38,Ru,2.0,Mn,2.0,K,12.0,2.0,5.0,846.0,350,0.7821211436097634,0.013951539543176739,3,25.0
1540,38,Ru,2.0,Mn,2.0,K,12.0,2.0,5.0,1410.0,350,0.5906045913782979,0.002452081257222936,3,25.0
1543,38,Ru,2.0,Mn,2.0,K,12.0,2.0,5.0,1975.0,350,0.44544731871619003,0.007270094104222545,3,25.0
1546,38,Ru,2.0,Mn,2.0,K,12.0,2.0,5.0,2539.0,350,0.42721011481236804,0.0053896870448200684,2,25.0
1389,38,Ru,2.0,Mn,2.0,K,12.0,2.0,1.01,2665.7537688442208,400,0.9664602447962051,0.006206522263399616,3,25.0
342,38,Ru,2.0,Mn,2.0,K,12.0,0.0,1.1427212178877253,2055.1732673267325,400,0.9846573025395443,0.00272986016688577,3,25.0
1392,38,Ru,2.0,Mn,2.0,K,12.0,2.0,1.01,2665.7537688442208,450,0.9506512758203933,0.0007240906893172817,3,25.0
345,38,Ru,2.0,Mn,2.0,K,12.0,0.0,1.1427212178877253,2055.1732673267325,450,0.9996868639878128,0.0002769856378235836,3,25.0
348,39,Ru,1.0,Mn,3.0,K,12.0,1.0,1.0687732342007437,2083.43137254902,250,0.1689670620496785,0.003192674280875134,3,25.0
351,39,Ru,1.0,Mn,3.0,K,12.0,1.0,1.0687732342007437,2083.43137254902,300,0.27447878331669545,0.018088359142672546,3,25.0
354,39,Ru,1.0,Mn,3.0,K,12.0,1.0,1.0687732342007437,2083.43137254902,350,0.560211176226134,0.029246913384407085,3,25.0
357,39,Ru,1.0,Mn,3.0,K,12.0,1.0,1.0687732342007437,2083.43137254902,400,0.9977808507986152,0.0022191492013847367,3,25.0
360,39,Ru,1.0,Mn,3.0,K,12.0,1.0,1.0687732342007437,2083.43137254902,450,1.0,0.0,3,25.0
617,40,Ru,3.0,Ni,1.0,K,12.0,12.0,1.0102707749766568,2115.225,150,0.1643060208595495,0.007063506615439898,3,28.0
620,40,Ru,3.0,Ni,1.0,K,12.0,12.0,1.0102707749766568,2115.225,250,0.2503767539557052,0.004280462961911975,7,28.0
363,40,Ru,3.0,Ni,1.0,K,12.0,3.0,1.0116086235489212,2393.8190954773872,250,0.18777273807397396,0.017223473739666536,3,28.0
623,40,Ru,3.0,Ni,1.0,K,12.0,12.0,1.0102707749766568,2115.225,300,0.5557722063861633,0.04966564188874411,5,28.0
366,40,Ru,3.0,Ni,1.0,K,12.0,3.0,1.0116086235489212,2393.8190954773872,300,0.5379320849891834,0.01892594165545093,3,28.0
625,40,Ru,3.0,Ni,1.0,K,12.0,12.0,1.0102707749766568,2115.225,350,0.9710058904756855,0.009338418100672674,6,28.0
369,40,Ru,3.0,Ni,1.0,K,12.0,3.0,1.0116086235489212,2393.8190954773872,350,0.9725243912307123,0.004927471187914771,3,28.0
628,40,Ru,3.0,Ni,1.0,K,12.0,12.0,1.0102707749766568,2115.225,400,1.0,0.0,6,28.0
372,40,Ru,3.0,Ni,1.0,K,12.0,3.0,1.0116086235489212,2393.8190954773872,400,0.9920479349364052,0.0032622280979417544,3,28.0
644,40,Ru,3.0,Ni,1.0,K,12.0,12.0,1.0102707749766568,2115.225,450,1.0,0.0,3,28.0
375,40,Ru,3.0,Ni,1.0,K,12.0,3.0,1.0116086235489212,2393.8190954773872,450,0.9997907309709008,0.00020926902909919795,3,28.0
647,41,Ru,2.0,Ni,2.0,K,12.0,13.0,1.0462074978204012,2276.708542713568,150,0.1650461769557706,0.019857295619207755,3,28.0
650,41,Ru,2.0,Ni,2.0,K,12.0,13.0,1.0462074978204012,2276.708542713568,250,0.22008193750435562,0.008972864344886665,7,28.0
653,41,Ru,2.0,Ni,2.0,K,12.0,13.0,1.0462074978204012,2276.708542713568,300,0.3974574375529717,0.026677706282520267,5,28.0
655,41,Ru,2.0,Ni,2.0,K,12.0,13.0,1.0462074978204012,2276.708542713568,350,0.7401104785291093,0.027980333968190083,6,28.0
658,41,Ru,2.0,Ni,2.0,K,12.0,13.0,1.0462074978204012,2276.708542713568,400,0.9719295929027932,0.006068696812747203,6,28.0
674,41,Ru,2.0,Ni,2.0,K,12.0,13.0,1.0462074978204012,2276.708542713568,450,0.9547616375575722,0.003945644444950711,3,28.0
677,42,Ru,1.0,Ni,3.0,K,12.0,14.0,1.074331020812686,1992.775,150,0.12448443929555515,0.015601061442229136,3,28.0
680,42,Ru,1.0,Ni,3.0,K,12.0,14.0,1.074331020812686,1992.775,250,0.10292033800299775,0.00942257021847226,7,28.0
683,42,Ru,1.0,Ni,3.0,K,12.0,14.0,1.074331020812686,1992.775,300,0.19801764972385608,0.0266914988175118,5,28.0
685,42,Ru,1.0,Ni,3.0,K,12.0,14.0,1.074331020812686,1992.775,350,0.5318734120616155,0.026248317305257902,6,28.0
688,42,Ru,1.0,Ni,3.0,K,12.0,14.0,1.074331020812686,1992.775,400,1.0,0.0,6,28.0
704,42,Ru,1.0,Ni,3.0,K,12.0,14.0,1.074331020812686,1992.775,450,1.0,0.0,3,28.0
467,43,Ru,3.0,Cr,1.0,K,12.0,5.0,0.9921841076856276,1828.5125628140704,150,0.0022013129102846233,0.0,3,24.0
470,43,Ru,3.0,Cr,1.0,K,12.0,5.0,0.9921841076856276,1828.5125628140704,250,0.238630183961588,0.02871790714147026,7,24.0
473,43,Ru,3.0,Cr,1.0,K,12.0,5.0,0.9921841076856276,1828.5125628140704,300,0.5538515344692592,0.025160832542732468,5,24.0
475,43,Ru,3.0,Cr,1.0,K,12.0,5.0,0.9921841076856276,1828.5125628140704,350,0.8304113615929491,0.012420878540674037,6,24.0
478,43,Ru,3.0,Cr,1.0,K,12.0,5.0,0.9921841076856276,1828.5125628140704,400,0.8319570519604378,0.004402810297019363,6,24.0
494,43,Ru,3.0,Cr,1.0,K,12.0,5.0,0.9921841076856276,1828.5125628140704,450,0.8466552609636504,0.004300902606576607,3,24.0
497,44,Ru,2.0,Cr,2.0,K,12.0,6.0,1.007525870178739,2109.974874371859,150,0.20593205048580468,0.005354077351417243,3,24.0
500,44,Ru,2.0,Cr,2.0,K,12.0,6.0,1.007525870178739,2109.974874371859,250,0.24042816571299655,0.00430918552158726,7,24.0
503,44,Ru,2.0,Cr,2.0,K,12.0,6.0,1.007525870178739,2109.974874371859,300,0.3520005747227376,0.011695390054626147,5,24.0
505,44,Ru,2.0,Cr,2.0,K,12.0,6.0,1.007525870178739,2109.974874371859,350,0.7395186200849366,0.01832876047497721,6,24.0
508,44,Ru,2.0,Cr,2.0,K,12.0,6.0,1.007525870178739,2109.974874371859,400,1.0,0.0,6,24.0
524,44,Ru,2.0,Cr,2.0,K,12.0,6.0,1.007525870178739,2109.974874371859,450,1.0,0.0,3,24.0
378,45,Ru,1.0,Cr,3.0,K,12.0,9.0,0.9649280575539572,2153.137254901961,250,0.1014863676865468,0.007195661736864042,3,24.0
381,45,Ru,1.0,Cr,3.0,K,12.0,9.0,0.9649280575539572,2153.137254901961,300,0.24414354166180385,0.01585714631869983,3,24.0
384,45,Ru,1.0,Cr,3.0,K,12.0,9.0,0.9649280575539572,2153.137254901961,350,0.5305379605939112,0.014253718687381334,3,24.0
387,45,Ru,1.0,Cr,3.0,K,12.0,9.0,0.9649280575539572,2153.137254901961,400,0.9606225358494228,0.011009082664868637,3,24.0
390,45,Ru,1.0,Cr,3.0,K,12.0,9.0,0.9649280575539572,2153.137254901961,450,1.0,0.0,3,24.0
393,49,Ru,3.0,W,1.0,K,12.0,10.0,1.1480038948393383,2038.5175879396984,250,0.2971454206115378,0.00832473609567073,3,74.0
396,49,Ru,3.0,W,1.0,K,12.0,10.0,1.1480038948393383,2038.5175879396984,300,0.5667163695855216,0.012122561740337195,3,74.0
399,49,Ru,3.0,W,1.0,K,12.0,10.0,1.1480038948393383,2038.5175879396984,350,0.9533346862061705,0.022335455735881755,3,74.0
402,49,Ru,3.0,W,1.0,K,12.0,10.0,1.1480038948393383,2038.5175879396984,400,1.0,0.0,3,74.0
405,49,Ru,3.0,W,1.0,K,12.0,10.0,1.1480038948393383,2038.5175879396984,450,0.9936919217334169,0.0031566607736434036,3,74.0
408,50,Ru,2.0,W,2.0,K,12.0,11.0,1.0540069686411146,2233.7931034482763,250,0.20270248228159102,0.0021470848085497303,3,74.0
411,50,Ru,2.0,W,2.0,K,12.0,11.0,1.0540069686411146,2233.7931034482763,300,0.3829282099712125,0.020450405022192336,3,74.0
414,50,Ru,2.0,W,2.0,K,12.0,11.0,1.0540069686411146,2233.7931034482763,350,0.5430785246072548,0.008724730293089792,3,74.0
417,50,Ru,2.0,W,2.0,K,12.0,11.0,1.0540069686411146,2233.7931034482763,400,0.8576418927850863,0.00338155864603705,3,74.0
420,50,Ru,2.0,W,2.0,K,12.0,11.0,1.0540069686411146,2233.7931034482763,450,0.9809431947759691,0.005282335654456943,3,74.0
423,51,Ru,1.0,W,3.0,K,12.0,12.0,1.2126592855650722,1909.9646464646466,250,0.23438570986055443,0.0032909330179055345,3,74.0
426,51,Ru,1.0,W,3.0,K,12.0,12.0,1.2126592855650722,1909.9646464646466,300,0.2889398227961242,0.01228935304667692,3,74.0
429,51,Ru,1.0,W,3.0,K,12.0,12.0,1.2126592855650722,1909.9646464646466,350,0.37033040229401104,0.030009386502189022,3,74.0
432,51,Ru,1.0,W,3.0,K,12.0,12.0,1.2126592855650722,1909.9646464646466,400,0.4448230031552329,0.013155528010369708,3,74.0
435,51,Ru,1.0,W,3.0,K,12.0,12.0,1.2126592855650722,1909.9646464646466,450,0.6177601340445824,0.009540478486715642,3,74.0
438,55,Ru,3.0,Ca,1.0,K,12.0,13.0,1.5233754512635371,2188.3,250,0.5635528336832674,0.0069123097488599985,3,20.0
441,55,Ru,3.0,Ca,1.0,K,12.0,13.0,1.5233754512635371,2188.3,300,0.912947018917015,0.007073343561698774,3,20.0
444,55,Ru,3.0,Ca,1.0,K,12.0,13.0,1.5233754512635371,2188.3,350,0.9659194299696843,0.0032187834589125046,3,20.0
447,55,Ru,3.0,Ca,1.0,K,12.0,13.0,1.5233754512635371,2188.3,400,0.9486007900678507,0.0032779651437640756,3,20.0
450,55,Ru,3.0,Ca,1.0,K,12.0,13.0,1.5233754512635371,2188.3,450,0.9663091782065356,0.009241490417289467,3,20.0
453,56,Ru,2.0,Ca,2.0,K,12.0,14.0,1.0728582866293033,1934.725490196079,250,0.15908070541539587,0.015574158254861541,3,20.0
456,56,Ru,2.0,Ca,2.0,K,12.0,14.0,1.0728582866293033,1934.725490196079,300,0.6971633010227691,0.02241488406054186,3,20.0
459,56,Ru,2.0,Ca,2.0,K,12.0,14.0,1.0728582866293033,1934.725490196079,350,0.9375890419343952,0.062410958065604746,3,20.0
462,56,Ru,2.0,Ca,2.0,K,12.0,14.0,1.0728582866293033,1934.725490196079,400,1.0,0.0,2,20.0
464,56,Ru,2.0,Ca,2.0,K,12.0,14.0,1.0728582866293033,1934.725490196079,450,0.9917612939653767,0.008238706034623327,3,20.0
859,57,Ru,1.0,Ca,3.0,K,12.0,10.0,0.9106251076287242,2310.452261306533,250,0.1257792764286184,0.002874386421587477,3,20.0
851,57,Ru,1.0,Ca,3.0,K,12.0,10.0,0.9106251076287242,2310.452261306533,300,0.2624388022323234,0.028828091787593803,3,20.0
853,57,Ru,1.0,Ca,3.0,K,12.0,10.0,0.9106251076287242,2310.452261306533,350,0.6108983273333665,0.029285764369462113,6,20.0
856,57,Ru,1.0,Ca,3.0,K,12.0,10.0,0.9106251076287242,2310.452261306533,400,0.9529165409702074,0.013225288506009368,5,20.0
868,57,Ru,1.0,Ca,3.0,K,12.0,10.0,0.9106251076287242,2310.452261306533,450,0.9873824374923256,,1,20.0
928,58,Ru,3.0,Hf,1.0,K,12.0,14.0,1.064773735581189,2248.308080808081,250,0.3344448384518006,0.011176144329777466,3,72.0
920,58,Ru,3.0,Hf,1.0,K,12.0,14.0,1.064773735581189,2248.308080808081,300,0.7924969314097617,0.040118523038053175,3,72.0
922,58,Ru,3.0,Hf,1.0,K,12.0,14.0,1.064773735581189,2248.308080808081,350,0.8479144869471379,0.03170397757039445,6,72.0
925,58,Ru,3.0,Hf,1.0,K,12.0,14.0,1.064773735581189,2248.308080808081,400,0.8945946523411603,0.025056977951285368,3,72.0
935,59,Ru,2.0,Hf,2.0,K,12.0,0.0,1.020408163265306,2234.9884526558894,250,0.2686466104014009,0.007179835934997186,3,72.0
938,59,Ru,2.0,Hf,2.0,K,12.0,0.0,1.020408163265306,2234.9884526558894,300,0.7993198581801622,0.004969793212047215,3,72.0
941,59,Ru,2.0,Hf,2.0,K,12.0,0.0,1.020408163265306,2234.9884526558894,350,0.9977364186230336,0.002263581376966399,3,72.0
944,59,Ru,2.0,Hf,2.0,K,12.0,0.0,1.020408163265306,2234.9884526558894,400,0.9942198404319157,0.00474301252145487,3,72.0
947,59,Ru,2.0,Hf,2.0,K,12.0,0.0,1.020408163265306,2234.9884526558894,450,0.9956219847620166,0.0032818133966782868,3,72.0
950,60,Ru,1.0,Hf,3.0,K,12.0,1.0,1.0170940170940177,2320.496083550913,250,0.3430932982922705,0.00439282073901413,3,72.0
953,60,Ru,1.0,Hf,3.0,K,12.0,1.0,1.0170940170940177,2320.496083550913,300,0.8154847981309296,0.005644400826195095,3,72.0
956,60,Ru,1.0,Hf,3.0,K,12.0,1.0,1.0170940170940177,2320.496083550913,350,1.0,0.0,3,72.0
959,60,Ru,1.0,Hf,3.0,K,12.0,1.0,1.0170940170940177,2320.496083550913,400,1.0,0.0,3,72.0
962,60,Ru,1.0,Hf,3.0,K,12.0,1.0,1.0170940170940177,2320.496083550913,450,1.0,0.0,3,72.0
1070,61,Ru,3.0,Sc,1.0,K,12.0,10.0,1.02787456445993,2271.047227926078,250,0.5346154446631376,0.01996583961297617,3,21.0
1073,61,Ru,3.0,Sc,1.0,K,12.0,10.0,1.02787456445993,2271.047227926078,300,0.997743010169689,0.002256989830310937,3,21.0
1076,61,Ru,3.0,Sc,1.0,K,12.0,10.0,1.02787456445993,2271.047227926078,350,1.0,0.0,3,21.0
1079,61,Ru,3.0,Sc,1.0,K,12.0,10.0,1.02787456445993,2271.047227926078,400,1.0,0.0,3,21.0
1082,61,Ru,3.0,Sc,1.0,K,12.0,10.0,1.02787456445993,2271.047227926078,450,1.0,0.0,3,21.0
1085,62,Ru,2.0,Sc,2.0,K,12.0,11.0,1.040372670807454,2552.3503737520696,250,0.2789299908040418,0.004125690361979004,3,21.0
1088,62,Ru,2.0,Sc,2.0,K,12.0,11.0,1.040372670807454,2552.3503737520696,300,0.5915653232479702,0.0026545231198460235,3,21.0
1091,62,Ru,2.0,Sc,2.0,K,12.0,11.0,1.040372670807454,2552.3503737520696,350,0.9261104386879627,0.008283680124871155,3,21.0
1094,62,Ru,2.0,Sc,2.0,K,12.0,11.0,1.040372670807454,2552.3503737520696,400,0.9491874486653197,0.016427224684170794,3,21.0
1097,62,Ru,2.0,Sc,2.0,K,12.0,11.0,1.040372670807454,2552.3503737520696,450,0.9374617750397465,0.012320184631012856,3,21.0
1100,63,Ru,1.0,Sc,3.0,K,12.0,12.0,0.9688361246555016,1868.82146439318,250,0.1619056462518121,0.009749883416620033,3,21.0
1103,63,Ru,1.0,Sc,3.0,K,12.0,12.0,0.9688361246555016,1868.82146439318,300,0.5250619025466591,0.01526123580725583,3,21.0
1106,63,Ru,1.0,Sc,3.0,K,12.0,12.0,0.9688361246555016,1868.82146439318,350,0.8412951055748336,0.008624858793746344,3,21.0
1109,63,Ru,1.0,Sc,3.0,K,12.0,12.0,0.9688361246555016,1868.82146439318,400,0.9426241094039978,0.026461475252114085,3,21.0
1112,63,Ru,1.0,Sc,3.0,K,12.0,12.0,0.9688361246555016,1868.82146439318,450,0.9701925443842848,0.01800374928305463,3,21.0
1115,64,Ru,3.0,Sc,1.0,K,12.0,13.0,1.0747663551401878,2548.2590564236552,250,0.37098856434419775,0.01444638822823878,3,21.0
1118,64,Ru,3.0,Sc,1.0,K,12.0,13.0,1.0747663551401878,2548.2590564236552,300,0.7772525349906338,0.010154992895193421,3,21.0
1121,64,Ru,3.0,Sc,1.0,K,12.0,13.0,1.0747663551401878,2548.2590564236552,350,0.9323716568161563,0.007283854441277646,3,21.0
1124,64,Ru,3.0,Sc,1.0,K,12.0,13.0,1.0747663551401878,2548.2590564236552,400,0.9201500219314265,0.015891677468353557,3,21.0
1127,64,Ru,3.0,Sc,1.0,K,12.0,13.0,1.0747663551401878,2548.2590564236552,450,0.9438137823601668,0.02257390285657606,3,21.0
1130,65,Ru,2.0,Rh,2.0,K,12.0,0.0,1.152512998266899,2279.15,250,0.43321450411611934,0.036147678250558514,4,45.0
1132,65,Ru,2.0,Rh,2.0,K,12.0,0.0,1.152512998266899,2279.15,300,0.8134738524018451,0.03832759302038476,4,45.0
1138,65,Ru,2.0,Rh,2.0,K,12.0,0.0,1.152512998266899,2279.15,350,0.9940412353519896,0.0027059817953897568,3,45.0
1141,65,Ru,2.0,Rh,2.0,K,12.0,0.0,1.152512998266899,2279.15,400,0.990959522201654,0.0045205037021530305,3,45.0
1144,65,Ru,2.0,Rh,2.0,K,12.0,0.0,1.152512998266899,2279.15,450,0.9845466529551978,0.005017395582928028,3,45.0
1147,66,Ru,1.0,Rh,3.0,K,12.0,1.0,0.9416666666666664,2381.9095477386936,250,0.20377694978593847,0.02454750830051123,4,45.0
1149,66,Ru,1.0,Rh,3.0,K,12.0,1.0,0.9416666666666664,2381.9095477386936,300,0.5863479800776563,0.04342196354312626,4,45.0
1155,66,Ru,1.0,Rh,3.0,K,12.0,1.0,0.9416666666666664,2381.9095477386936,350,1.0,0.0,3,45.0
1158,66,Ru,1.0,Rh,3.0,K,12.0,1.0,0.9416666666666664,2381.9095477386936,400,1.0,0.0,3,45.0
1161,66,Ru,1.0,Rh,3.0,K,12.0,1.0,0.9416666666666664,2381.9095477386936,450,1.0,0.0,3,45.0
1164,67,Ru,3.0,Zn,1.0,K,12.0,2.0,1.0482019892884462,2594.2964824120604,250,0.13989290311948158,0.013874827434854438,4,30.0
1166,67,Ru,3.0,Zn,1.0,K,12.0,2.0,1.0482019892884462,2594.2964824120604,300,0.512376181107476,0.03594160099517826,4,30.0
1172,67,Ru,3.0,Zn,1.0,K,12.0,2.0,1.0482019892884462,2594.2964824120604,350,0.8196449673889966,0.008564285539876182,3,30.0
1175,67,Ru,3.0,Zn,1.0,K,12.0,2.0,1.0482019892884462,2594.2964824120604,400,0.9915560710213698,0.004225847232949227,3,30.0
1178,67,Ru,3.0,Zn,1.0,K,12.0,2.0,1.0482019892884462,2594.2964824120604,450,0.9874856347201096,0.004330947442269893,3,30.0
1181,68,Ru,2.0,Zn,2.0,K,12.0,3.0,1.0711610486891383,2636.625,250,0.09098822512592367,0.011524438951380377,4,30.0
1183,68,Ru,2.0,Zn,2.0,K,12.0,3.0,1.0711610486891383,2636.625,300,0.19739711524783285,0.01830011078153645,4,30.0
1189,68,Ru,2.0,Zn,2.0,K,12.0,3.0,1.0711610486891383,2636.625,350,0.5508829780428409,0.007434288795322848,3,30.0
1192,68,Ru,2.0,Zn,2.0,K,12.0,3.0,1.0711610486891383,2636.625,400,0.950452482591559,0.004156717462886115,3,30.0
1195,68,Ru,2.0,Zn,2.0,K,12.0,3.0,1.0711610486891383,2636.625,450,0.9634716082053641,0.005008580273280842,3,30.0
1198,69,Ru,1.0,Zn,3.0,K,12.0,4.0,1.0455764075067029,2221.130653266332,250,0.08462297988013084,0.004365791560563826,4,30.0
1200,69,Ru,1.0,Zn,3.0,K,12.0,4.0,1.0455764075067029,2221.130653266332,300,0.054859118205534116,0.05485911820553411,4,30.0
1206,69,Ru,1.0,Zn,3.0,K,12.0,4.0,1.0455764075067029,2221.130653266332,350,0.4989454515781198,0.007548255749214178,3,30.0
1209,69,Ru,1.0,Zn,3.0,K,12.0,4.0,1.0455764075067029,2221.130653266332,400,0.988380498403829,0.010042198718191576,3,30.0
1212,69,Ru,1.0,Zn,3.0,K,12.0,4.0,1.0455764075067029,2221.130653266332,450,1.0,0.0,3,30.0
1215,73,Ru,3.0,Sr,1.0,K,12.0,5.0,1.089989888776542,1963.0904522613064,250,0.47100721958866093,0.10380652094305177,4,38.0
1217,73,Ru,3.0,Sr,1.0,K,12.0,5.0,1.089989888776542,1963.0904522613064,300,0.8423630161645494,0.047738584506676174,4,38.0
1223,73,Ru,3.0,Sr,1.0,K,12.0,5.0,1.089989888776542,1963.0904522613064,350,0.9970481268292125,0.0029518731707874517,3,38.0
1226,73,Ru,3.0,Sr,1.0,K,12.0,5.0,1.089989888776542,1963.0904522613064,400,1.0,0.0,3,38.0
1229,73,Ru,3.0,Sr,1.0,K,12.0,5.0,1.089989888776542,1963.0904522613064,450,0.9942532585186495,0.005098798681320979,3,38.0
1232,74,Ru,2.0,Sr,2.0,K,12.0,6.0,1.020408163265306,2419.375,250,0.37922637971177675,0.09572638032203393,4,38.0
1234,74,Ru,2.0,Sr,2.0,K,12.0,6.0,1.020408163265306,2419.375,300,0.6886020921300535,0.09862959778435502,4,38.0
1240,74,Ru,2.0,Sr,2.0,K,12.0,6.0,1.020408163265306,2419.375,350,1.0,0.0,3,38.0
1243,74,Ru,2.0,Sr,2.0,K,12.0,6.0,1.020408163265306,2419.375,400,1.0,0.0,3,38.0
1246,74,Ru,2.0,Sr,2.0,K,12.0,6.0,1.020408163265306,2419.375,450,1.0,0.0,3,38.0
1249,75,Ru,1.0,Sr,3.0,K,12.0,7.0,0.9273897058823533,2159.5979899497493,250,0.04950121583024065,0.026272694770857374,4,38.0
1251,75,Ru,1.0,Sr,3.0,K,12.0,7.0,0.9273897058823533,2159.5979899497493,300,0.7065898397618652,0.07427824119758016,4,38.0
1257,75,Ru,1.0,Sr,3.0,K,12.0,7.0,0.9273897058823533,2159.5979899497493,350,0.9530922411770472,0.005100160674696929,3,38.0
1260,75,Ru,1.0,Sr,3.0,K,12.0,7.0,0.9273897058823533,2159.5979899497493,400,0.9927286735101685,0.007271326489831642,3,38.0
1263,75,Ru,1.0,Sr,3.0,K,12.0,7.0,0.9273897058823533,2159.5979899497493,450,1.0,0.0,3,38.0
1266,76,Ru,3.0,Bi,1.0,K,12.0,9.0,1.0316139767054913,2362.1393034825874,250,0.17522414925857832,0.0044901985159091105,4,83.0
1268,76,Ru,3.0,Bi,1.0,K,12.0,9.0,1.0316139767054913,2362.1393034825874,300,0.25149364923644846,0.023283045522046575,4,83.0
1274,76,Ru,3.0,Bi,1.0,K,12.0,9.0,1.0316139767054913,2362.1393034825874,350,0.34312425649808737,0.00566808916826334,3,83.0
1277,76,Ru,3.0,Bi,1.0,K,12.0,9.0,1.0316139767054913,2362.1393034825874,400,0.5416765744430103,0.0030402175186832908,3,83.0
1280,76,Ru,3.0,Bi,1.0,K,12.0,9.0,1.0316139767054913,2362.1393034825874,450,0.8668179346303692,0.009201537774009812,3,83.0
1283,77,Ru,2.0,Bi,2.0,K,12.0,10.0,1.063311688311689,2433.2000000000007,250,0.16867450349553653,0.011762762803738393,4,83.0
1285,77,Ru,2.0,Bi,2.0,K,12.0,10.0,1.063311688311689,2433.2000000000007,300,0.04936463794109434,0.04560654813751878,4,83.0
1291,77,Ru,2.0,Bi,2.0,K,12.0,10.0,1.063311688311689,2433.2000000000007,350,0.36022129054025664,0.010547202799079463,3,83.0
1294,77,Ru,2.0,Bi,2.0,K,12.0,10.0,1.063311688311689,2433.2000000000007,400,0.6324787654450131,0.004080913620110675,3,83.0
1297,77,Ru,2.0,Bi,2.0,K,12.0,10.0,1.063311688311689,2433.2000000000007,450,0.9069068399330981,0.004218632029054072,3,83.0
1300,78,Ru,1.0,Bi,3.0,K,12.0,11.0,0.9090909090909084,2659.358852154718,250,0.0,0.0,4,83.0
1302,78,Ru,1.0,Bi,3.0,K,12.0,11.0,0.9090909090909084,2659.358852154718,300,0.15121255925316576,0.0539824458774574,4,83.0
1308,78,Ru,1.0,Bi,3.0,K,12.0,11.0,0.9090909090909084,2659.358852154718,350,0.168697438436943,0.008051316664931635,3,83.0
1311,78,Ru,1.0,Bi,3.0,K,12.0,11.0,0.9090909090909084,2659.358852154718,400,0.4558780213526778,0.010735884362413699,3,83.0
1314,78,Ru,1.0,Bi,3.0,K,12.0,11.0,0.9090909090909084,2659.358852154718,450,0.7980528696142676,0.009377194288078742,3,83.0
1317,82,Ru,3.0,Pd,1.0,K,12.0,13.0,0.9497206703910609,2474.675,250,0.16197945150678295,0.05016102097183581,4,46.0
1319,82,Ru,3.0,Pd,1.0,K,12.0,13.0,0.9497206703910609,2474.675,300,0.39152727500792783,0.07852245697598569,4,46.0
1325,82,Ru,3.0,Pd,1.0,K,12.0,13.0,0.9497206703910609,2474.675,350,0.980309151680227,0.0076594715766620984,3,46.0
1328,82,Ru,3.0,Pd,1.0,K,12.0,13.0,0.9497206703910609,2474.675,400,0.9801231116336281,0.008382329765686423,3,46.0
1331,82,Ru,3.0,Pd,1.0,K,12.0,13.0,0.9497206703910609,2474.675,450,0.9507971457754856,0.004256113211011608,3,46.0
1335,83,Ru,2.0,Pd,2.0,K,12.0,14.0,1.0795660036166363,2184.35,250,0.10094428580358342,0.032461255570891155,4,46.0
1337,83,Ru,2.0,Pd,2.0,K,12.0,14.0,1.0795660036166363,2184.35,300,0.2971614432058214,0.04063266082982924,4,46.0
1343,83,Ru,2.0,Pd,2.0,K,12.0,14.0,1.0795660036166363,2184.35,350,0.9390123453841518,0.008285145150667975,3,46.0
1346,83,Ru,2.0,Pd,2.0,K,12.0,14.0,1.0795660036166363,2184.35,400,0.9848895552907999,0.008546567030714755,3,46.0
1334,83,Ru,2.0,Pd,2.0,K,12.0,14.0,1.0795660036166363,2184.35,450,0.9964003358426821,0.0035996641573179944,2,46.0
1395,84,Ru,1.0,Pd,3.0,K,12.0,3.0,0.95,2900.6565656565663,250,0.042990296375045735,0.01316497427731572,4,46.0
1399,84,Ru,1.0,Pd,3.0,K,12.0,3.0,0.95,2900.6565656565663,300,0.09868728205311315,0.006637987577731027,2,46.0
1401,84,Ru,1.0,Pd,3.0,K,12.0,3.0,0.95,2900.6565656565663,350,0.11978795960210975,0.012547243989053564,3,46.0
1548,84,Ru,1.0,Pd,3.0,K,12.0,3.0,5.0,846.0,350,0.0890431937786073,0.015026590381204154,3,46.0
1551,84,Ru,1.0,Pd,3.0,K,12.0,3.0,5.0,1410.0,350,0.07582425496544,0.0053778375947828635,3,46.0
1554,84,Ru,1.0,Pd,3.0,K,12.0,3.0,5.0,1975.0,350,0.059303028460078684,0.015700019033314003,3,46.0
1557,84,Ru,1.0,Pd,3.0,K,12.0,3.0,5.0,2539.0,350,0.04248792085417002,0.0002791222985159478,2,46.0
1404,84,Ru,1.0,Pd,3.0,K,12.0,3.0,0.95,2900.6565656565663,400,0.29513613121395116,0.021558405628090235,3,46.0
1407,84,Ru,1.0,Pd,3.0,K,12.0,3.0,0.95,2900.6565656565663,450,0.3685037357933218,0.008748832079901065,3,46.0
1410,85,Ru,3.0,Mo,1.0,K,12.0,4.0,0.98,2271.25,250,0.10671627335219308,0.003711271902644558,4,42.0
1414,85,Ru,3.0,Mo,1.0,K,12.0,4.0,0.98,2271.25,300,0.20759283578494284,0.008592479388952022,2,42.0
1416,85,Ru,3.0,Mo,1.0,K,12.0,4.0,0.98,2271.25,350,0.36727144000188133,0.0013563947833032896,3,42.0
1559,85,Ru,3.0,Mo,1.0,K,12.0,4.0,5.0,846.0,350,0.154181697133948,0.012750763300558493,3,42.0
1562,85,Ru,3.0,Mo,1.0,K,12.0,4.0,5.0,1410.0,350,0.11853621100967733,0.005441585060004053,3,42.0
1565,85,Ru,3.0,Mo,1.0,K,12.0,4.0,5.0,1975.0,350,0.09455464714157132,0.005631488337227322,3,42.0
1568,85,Ru,3.0,Mo,1.0,K,12.0,4.0,5.0,2539.0,350,0.15874486550759298,0.0016373066328510405,2,42.0
1419,85,Ru,3.0,Mo,1.0,K,12.0,4.0,0.98,2271.25,400,0.8938209930573215,0.007012398020829056,3,42.0
1422,85,Ru,3.0,Mo,1.0,K,12.0,4.0,0.98,2271.25,450,1.0,0.0,3,42.0
1425,86,Ru,2.0,Mo,2.0,K,12.0,5.0,0.93,2111.275,250,0.0,0.0,4,42.0
1429,86,Ru,2.0,Mo,2.0,K,12.0,5.0,0.93,2111.275,300,0.007846155478208088,0.007846155478208088,2,42.0
1431,86,Ru,2.0,Mo,2.0,K,12.0,5.0,0.93,2111.275,350,0.02862490260538067,0.01627295096544127,3,42.0
1570,86,Ru,2.0,Mo,2.0,K,12.0,5.0,5.0,846.0,350,0.0,0.0,3,42.0
1573,86,Ru,2.0,Mo,2.0,K,12.0,5.0,5.0,1410.0,350,0.0,0.0,3,42.0
1576,86,Ru,2.0,Mo,2.0,K,12.0,5.0,5.0,1975.0,350,0.0,0.0,3,42.0
1579,86,Ru,2.0,Mo,2.0,K,12.0,5.0,5.0,2539.0,350,0.0,0.0,2,42.0
1434,86,Ru,2.0,Mo,2.0,K,12.0,5.0,0.93,2111.275,400,0.17174948482295238,0.01356043958071018,3,42.0
1437,86,Ru,2.0,Mo,2.0,K,12.0,5.0,0.93,2111.275,450,0.4154654325408391,0.007331163774615458,3,42.0
1440,87,Ru,1.0,Mo,3.0,K,12.0,6.0,1.02,2536.212871287129,250,0.15054885690851844,0.005678465020370498,4,42.0
1444,87,Ru,1.0,Mo,3.0,K,12.0,6.0,1.02,2536.212871287129,300,0.16582702322591475,0.003255443982699016,2,42.0
1446,87,Ru,1.0,Mo,3.0,K,12.0,6.0,1.02,2536.212871287129,350,0.21776408811445458,0.0089253177088953,3,42.0
1581,87,Ru,1.0,Mo,3.0,K,12.0,6.0,5.0,846.0,350,0.0,0.0,3,42.0
1584,87,Ru,1.0,Mo,3.0,K,12.0,6.0,5.0,1410.0,350,0.0,0.0,3,42.0
1587,87,Ru,1.0,Mo,3.0,K,12.0,6.0,5.0,1975.0,350,0.0,0.0,3,42.0
1590,87,Ru,1.0,Mo,3.0,K,12.0,6.0,5.0,2539.0,350,0.0,0.0,2,42.0
1449,87,Ru,1.0,Mo,3.0,K,12.0,6.0,1.02,2536.212871287129,400,0.3805182095443291,0.009738357458413198,3,42.0
1452,87,Ru,1.0,Mo,3.0,K,12.0,6.0,1.02,2536.212871287129,450,0.7136789680950413,0.009667345317003305,3,42.0
1455,89,Ru,2.0,Ir,2.0,K,12.0,9.0,1.45,2537.039800995025,250,0.4948017452790801,0.002512894887364689,4,77.0
1459,89,Ru,2.0,Ir,2.0,K,12.0,9.0,1.45,2537.039800995025,300,0.5173962101246217,0.006597238095494118,2,77.0
1461,89,Ru,2.0,Ir,2.0,K,12.0,9.0,1.45,2537.039800995025,350,0.6128629113064615,0.006547137232452589,3,77.0
1592,89,Ru,2.0,Ir,2.0,K,12.0,9.0,5.0,846.0,350,0.4380661901573906,0.017195430860252454,3,77.0
1595,89,Ru,2.0,Ir,2.0,K,12.0,9.0,5.0,1410.0,350,0.307445034369696,0.006945312071893716,3,77.0
1598,89,Ru,2.0,Ir,2.0,K,12.0,9.0,5.0,1975.0,350,0.24395965652998267,0.008920235407186144,3,77.0
1601,89,Ru,2.0,Ir,2.0,K,12.0,9.0,5.0,2539.0,350,0.2977508007128,0.002214595516060014,2,77.0
1464,89,Ru,2.0,Ir,2.0,K,12.0,9.0,1.45,2537.039800995025,400,0.887025635975014,0.0055185046881679155,3,77.0
1467,89,Ru,2.0,Ir,2.0,K,12.0,9.0,1.45,2537.039800995025,450,1.0,0.0,3,77.0
1470,90,Ru,1.0,Ir,3.0,K,12.0,10.0,0.93,2540.70351758794,250,0.1655352610685138,0.009907832490261143,4,77.0
1474,90,Ru,1.0,Ir,3.0,K,12.0,10.0,0.93,2540.70351758794,300,0.1699672072669393,0.013594981122968293,2,77.0
1476,90,Ru,1.0,Ir,3.0,K,12.0,10.0,0.93,2540.70351758794,350,0.16831972186638575,0.008447456566558431,3,77.0
1603,90,Ru,1.0,Ir,3.0,K,12.0,10.0,5.0,846.0,350,0.158604086531868,0.004778835515904822,3,77.0
1606,90,Ru,1.0,Ir,3.0,K,12.0,10.0,5.0,1410.0,350,0.12421786919966132,0.012641632361272493,3,77.0
1609,90,Ru,1.0,Ir,3.0,K,12.0,10.0,5.0,1975.0,350,0.08485793634000734,0.00279306182359818,3,77.0
1612,90,Ru,1.0,Ir,3.0,K,12.0,10.0,5.0,2539.0,350,0.13605168481040897,0.025033083559784942,2,77.0
1479,90,Ru,1.0,Ir,3.0,K,12.0,10.0,0.93,2540.70351758794,400,0.33242160090181944,0.01957299927685479,3,77.0
1482,90,Ru,1.0,Ir,3.0,K,12.0,10.0,0.93,2540.70351758794,450,0.8102473831824942,0.007632464437391878,3,77.0
1485,91,Ru,3.0,Re,1.0,K,12.0,11.0,0.97,2911.15,250,0.06487833141605356,0.002175688353198924,4,75.0
1489,91,Ru,3.0,Re,1.0,K,12.0,11.0,0.97,2911.15,300,0.09031861754693965,0.009607462082914957,2,75.0
1491,91,Ru,3.0,Re,1.0,K,12.0,11.0,0.97,2911.15,350,0.19778814469552441,0.013021204592322687,3,75.0
1614,91,Ru,3.0,Re,1.0,K,12.0,11.0,5.0,846.0,350,0.10614883344422138,0.007456479412340849,3,75.0
1617,91,Ru,3.0,Re,1.0,K,12.0,11.0,5.0,1410.0,350,0.03417363815035467,0.017466164106314623,3,75.0
1620,91,Ru,3.0,Re,1.0,K,12.0,11.0,5.0,1975.0,350,0.0,0.0,3,75.0
1623,91,Ru,3.0,Re,1.0,K,12.0,11.0,5.0,2539.0,350,0.180476665227404,0.008570522064844072,2,75.0
1494,91,Ru,3.0,Re,1.0,K,12.0,11.0,0.97,2911.15,400,0.43722939880970485,0.010172883443166818,3,75.0
1497,91,Ru,3.0,Re,1.0,K,12.0,11.0,0.97,2911.15,450,0.9281738554801029,0.003243649993669392,3,75.0
1500,93,Ru,1.0,Re,3.0,K,12.0,14.0,1.01,2442.7114427860697,250,0.042815456611469294,0.010540008267587159,4,75.0
1504,93,Ru,1.0,Re,3.0,K,12.0,14.0,1.01,2442.7114427860697,300,0.11500350379071335,0.01857546066004799,2,75.0
1506,93,Ru,1.0,Re,3.0,K,12.0,14.0,1.01,2442.7114427860697,350,0.2796358555733472,0.007026552175140645,3,75.0
1625,93,Ru,1.0,Re,3.0,K,12.0,14.0,5.0,846.0,350,0.3444827144948633,0.018417756475521463,3,75.0
1628,93,Ru,1.0,Re,3.0,K,12.0,14.0,5.0,1410.0,350,0.240130684159942,0.006796865082415342,3,75.0
1631,93,Ru,1.0,Re,3.0,K,12.0,14.0,5.0,1975.0,350,0.17718213551742604,0.011637149045558565,3,75.0
1634,93,Ru,1.0,Re,3.0,K,12.0,14.0,5.0,2539.0,350,0.025996782306693066,0.003666339631821013,2,75.0
1509,93,Ru,1.0,Re,3.0,K,12.0,14.0,1.01,2442.7114427860697,400,0.7104351260096099,0.02494875779369333,3,75.0
1512,93,Ru,1.0,Re,3.0,K,12.0,14.0,1.01,2442.7114427860697,450,0.955257920343851,0.017684720003178913,3,75.0
877,106,Ru,3.0,In,1.0,K,12.0,11.0,1.0372771474878453,2401.1330049261082,250,0.18581971846486303,0.003637839019929952,3,49.0
869,106,Ru,3.0,In,1.0,K,12.0,11.0,1.0372771474878453,2401.1330049261082,300,0.24010788194125046,0.03239459150033349,3,49.0
871,106,Ru,3.0,In,1.0,K,12.0,11.0,1.0372771474878453,2401.1330049261082,350,0.5592552839484904,0.03212336542881293,6,49.0
874,106,Ru,3.0,In,1.0,K,12.0,11.0,1.0372771474878453,2401.1330049261082,400,0.9464830559415729,0.012063025640157102,3,49.0
892,107,Ru,2.0,In,2.0,K,12.0,12.0,1.0470275066548356,2192.9310344827586,250,0.12934626303218152,0.011785867369929558,3,49.0
884,107,Ru,2.0,In,2.0,K,12.0,12.0,1.0470275066548356,2192.9310344827586,300,0.13431116599184023,0.01683912066854009,3,49.0
886,107,Ru,2.0,In,2.0,K,12.0,12.0,1.0470275066548356,2192.9310344827586,350,0.11724946535436874,0.011853968711978862,6,49.0
889,107,Ru,2.0,In,2.0,K,12.0,12.0,1.0470275066548356,2192.9310344827586,400,0.16071291695768786,0.012191898506365638,5,49.0
901,107,Ru,2.0,In,2.0,K,12.0,12.0,1.0470275066548356,2192.9310344827586,450,0.2330985679484645,,1,49.0
910,108,Ru,1.0,In,3.0,K,12.0,13.0,1.0548885077186962,2268.817733990148,250,0.17790611400163936,0.011713691379763304,3,49.0
902,108,Ru,1.0,In,3.0,K,12.0,13.0,1.0548885077186962,2268.817733990148,300,0.21217753660350577,0.01642008851999064,3,49.0
904,108,Ru,1.0,In,3.0,K,12.0,13.0,1.0548885077186962,2268.817733990148,350,0.21912049996013547,0.008854031755879095,6,49.0
907,108,Ru,1.0,In,3.0,K,12.0,13.0,1.0548885077186962,2268.817733990148,400,0.22051077018743306,0.010649588244080983,5,49.0
919,108,Ru,1.0,In,3.0,K,12.0,13.0,1.0548885077186962,2268.817733990148,450,0.3088244899551619,,1,49.0
715,112,Ru,2.0,Fe,2.0,--,0.0,0.0,1.1764705882352902,2182.375,250,0.31322450307221483,0.006695902338173133,3,26.0
707,112,Ru,2.0,Fe,2.0,--,0.0,0.0,1.1764705882352902,2182.375,300,0.34286425887329547,0.004861445955335221,3,26.0
709,112,Ru,2.0,Fe,2.0,--,0.0,0.0,1.1764705882352902,2182.375,350,0.4484941216637801,0.005749231906958982,6,26.0
712,112,Ru,2.0,Fe,2.0,--,0.0,0.0,1.1764705882352902,2182.375,400,0.7727624133224813,0.00760344770717097,5,26.0
724,112,Ru,2.0,Fe,2.0,--,0.0,0.0,1.1764705882352902,2182.375,450,1.0,,1,26.0
733,113,Ru,2.0,Ni,2.0,--,0.0,1.0,0.8580586080586085,2156.7000000000007,250,0.0,0.0,3,28.0
725,113,Ru,2.0,Ni,2.0,--,0.0,1.0,0.8580586080586085,2156.7000000000007,300,0.0,0.0,3,28.0
727,113,Ru,2.0,Ni,2.0,--,0.0,1.0,0.8580586080586085,2156.7000000000007,350,0.003544518229580905,0.0023495072670823647,6,28.0
730,113,Ru,2.0,Ni,2.0,--,0.0,1.0,0.8580586080586085,2156.7000000000007,400,0.2520417991413971,0.005432433403232524,5,28.0
742,113,Ru,2.0,Ni,2.0,--,0.0,1.0,0.8580586080586085,2156.7000000000007,450,0.7206804886975559,,1,28.0
751,114,Ru,2.0,Co,2.0,--,0.0,3.0,1.0295358649789033,2305.7881773399013,250,0.10290135942252494,0.0035830996836597787,3,27.0
743,114,Ru,2.0,Co,2.0,--,0.0,3.0,1.0295358649789033,2305.7881773399013,300,0.17428020328952631,0.01785926468195449,3,27.0
745,114,Ru,2.0,Co,2.0,--,0.0,3.0,1.0295358649789033,2305.7881773399013,350,0.2950751790339145,0.009330021957573627,6,27.0
748,114,Ru,2.0,Co,2.0,--,0.0,3.0,1.0295358649789033,2305.7881773399013,400,0.6160902002572957,0.00880659689546446,5,27.0
760,114,Ru,2.0,Co,2.0,--,0.0,3.0,1.0295358649789033,2305.7881773399013,450,0.9751509406658464,,1,27.0
769,115,Ru,2.0,Mn,2.0,--,0.0,4.0,1.0559371933267914,1973.063725490196,250,0.17325562585966126,0.00806907212457296,3,25.0
761,115,Ru,2.0,Mn,2.0,--,0.0,4.0,1.0559371933267914,1973.063725490196,300,0.23522145000881825,0.03475509706555944,3,25.0
763,115,Ru,2.0,Mn,2.0,--,0.0,4.0,1.0559371933267914,1973.063725490196,350,0.5643948215140385,0.006453380023581865,6,25.0
766,115,Ru,2.0,Mn,2.0,--,0.0,4.0,1.0559371933267914,1973.063725490196,400,0.9752681672759429,0.007659996910749538,5,25.0
778,115,Ru,2.0,Mn,2.0,--,0.0,4.0,1.0559371933267914,1973.063725490196,450,1.0,,1,25.0
787,116,Ru,2.0,Os,2.0,--,0.0,5.0,1.0312499999999991,1832.8,250,0.1747839202802548,0.002940092608597273,3,76.0
779,116,Ru,2.0,Os,2.0,--,0.0,5.0,1.0312499999999991,1832.8,300,0.28933447024201203,0.022349377310384732,3,76.0
781,116,Ru,2.0,Os,2.0,--,0.0,5.0,1.0312499999999991,1832.8,350,0.6242222469047771,0.0133806421038924,6,76.0
784,116,Ru,2.0,Os,2.0,--,0.0,5.0,1.0312499999999991,1832.8,400,0.9475737872175968,0.004323721552051663,5,76.0
796,116,Ru,2.0,Os,2.0,--,0.0,5.0,1.0312499999999991,1832.8,450,0.972911757125607,,1,76.0
805,117,Ru,2.0,Zn,2.0,--,0.0,6.0,1.0362647325475969,2178.425,250,0.18225357723774302,0.008023650410652611,3,30.0
797,117,Ru,2.0,Zn,2.0,--,0.0,6.0,1.0362647325475969,2178.425,300,0.2235368775967135,0.012090694713682067,3,30.0
799,117,Ru,2.0,Zn,2.0,--,0.0,6.0,1.0362647325475969,2178.425,350,0.2838367460265627,0.006411949592118431,6,30.0
802,117,Ru,2.0,Zn,2.0,--,0.0,6.0,1.0362647325475969,2178.425,400,0.41739173713992905,0.0043263271356870255,5,30.0
814,117,Ru,2.0,Zn,2.0,--,0.0,6.0,1.0362647325475969,2178.425,450,0.6589094115177319,,1,30.0
823,118,Ru,2.0,Mo,2.0,--,0.0,7.0,0.9570200573065898,2047.351485148515,250,0.0,0.0,3,42.0
815,118,Ru,2.0,Mo,2.0,--,0.0,7.0,0.9570200573065898,2047.351485148515,300,0.07652084226991454,0.015993278312961153,3,42.0
817,118,Ru,2.0,Mo,2.0,--,0.0,7.0,0.9570200573065898,2047.351485148515,350,0.39382414252958636,0.008944717162970477,6,42.0
820,118,Ru,2.0,Mo,2.0,--,0.0,7.0,0.9570200573065898,2047.351485148515,400,0.8148721273482913,0.009016150340250493,5,42.0
832,118,Ru,2.0,Mo,2.0,--,0.0,7.0,0.9570200573065898,2047.351485148515,450,0.871887690244913,,1,42.0
841,119,Ru,2.0,Rh,2.0,--,0.0,9.0,1.035958904109589,2283.960396039604,250,0.182052654007728,0.006324737969658455,3,45.0
833,119,Ru,2.0,Rh,2.0,--,0.0,9.0,1.035958904109589,2283.960396039604,300,0.27166802354328295,0.006907851082588908,3,45.0
835,119,Ru,2.0,Rh,2.0,--,0.0,9.0,1.035958904109589,2283.960396039604,350,0.459414868887522,0.008379996435637338,6,45.0
838,119,Ru,2.0,Rh,2.0,--,0.0,9.0,1.035958904109589,2283.960396039604,400,0.8438982326018983,0.00567515765853152,5,45.0
850,119,Ru,2.0,Rh,2.0,--,0.0,9.0,1.035958904109589,2283.960396039604,450,1.0,,1,45.0
965,120,Ru,2.0,Pt,2.0,--,0.0,2.0,1.0503202195791403,2165.170511534604,250,0.045411998996910764,0.006475413457582745,3,78.0
968,120,Ru,2.0,Pt,2.0,--,0.0,2.0,1.0503202195791403,2165.170511534604,300,0.1209866416467736,0.00782785664147629,3,78.0
971,120,Ru,2.0,Pt,2.0,--,0.0,2.0,1.0503202195791403,2165.170511534604,350,0.39408605440141314,0.006672321746464532,3,78.0
974,120,Ru,2.0,Pt,2.0,--,0.0,2.0,1.0503202195791403,2165.170511534604,400,0.8296953697357345,0.0046785419283827435,3,78.0
977,120,Ru,2.0,Pt,2.0,--,0.0,2.0,1.0503202195791403,2165.170511534604,450,0.9172816254998684,0.009740912471688712,3,78.0
980,121,Ru,2.0,Hf,2.0,--,0.0,3.0,1.198712791633145,2465.6505800231,250,0.2186151196369339,0.003882248818764286,3,72.0
983,121,Ru,2.0,Hf,2.0,--,0.0,3.0,1.198712791633145,2465.6505800231,300,0.2681810448064463,0.004364559783990379,3,72.0
986,121,Ru,2.0,Hf,2.0,--,0.0,3.0,1.198712791633145,2465.6505800231,350,0.5578553647518335,0.003641635147831968,3,72.0
989,121,Ru,2.0,Hf,2.0,--,0.0,3.0,1.198712791633145,2465.6505800231,400,0.9530562449533057,0.008891781444873166,3,72.0
992,121,Ru,2.0,Hf,2.0,--,0.0,3.0,1.198712791633145,2465.6505800231,450,0.9633449182622668,0.0023252282632428424,3,72.0
995,122,Ru,2.0,Ir,2.0,--,0.0,4.0,1.1379310344827585,1961.76900216592,250,0.2235856253795916,0.003308503804200326,3,77.0
998,122,Ru,2.0,Ir,2.0,--,0.0,4.0,1.1379310344827585,1961.76900216592,300,0.3412047246093068,0.002858065295847171,3,77.0
1001,122,Ru,2.0,Ir,2.0,--,0.0,4.0,1.1379310344827585,1961.76900216592,350,0.6746792730010279,0.011987953706003151,3,77.0
1004,122,Ru,2.0,Ir,2.0,--,0.0,4.0,1.1379310344827585,1961.76900216592,400,1.0,0.0,3,77.0
1007,122,Ru,2.0,Ir,2.0,--,0.0,4.0,1.1379310344827585,1961.76900216592,450,1.0,0.0,3,77.0
1010,123,Ru,2.0,Y,2.0,--,0.0,5.0,1.1228260869565216,1829.3480996727922,250,0.1355362237322355,0.01268225982288673,3,39.0
1013,123,Ru,2.0,Y,2.0,--,0.0,5.0,1.1228260869565216,1829.3480996727922,300,0.17700541762145386,0.009239516903203536,3,39.0
1016,123,Ru,2.0,Y,2.0,--,0.0,5.0,1.1228260869565216,1829.3480996727922,350,0.538983775135728,0.010132495838065943,3,39.0
1019,123,Ru,2.0,Y,2.0,--,0.0,5.0,1.1228260869565216,1829.3480996727922,400,0.8234465256366915,0.002353175175326096,3,39.0
1022,123,Ru,2.0,Y,2.0,--,0.0,5.0,1.1228260869565216,1829.3480996727922,450,0.8621471941695869,0.013716122750488752,3,39.0
1025,124,Y,4.0,K,12.0,--,0.0,6.0,1.0838272650296361,2333.99209486166,250,0.21436464798200908,0.0012267414301995023,3,19.0
1028,124,Y,4.0,K,12.0,--,0.0,6.0,1.0838272650296361,2333.99209486166,300,0.20772391904939405,0.0026168501814347062,3,19.0
1031,124,Y,4.0,K,12.0,--,0.0,6.0,1.0838272650296361,2333.99209486166,350,0.24029293615425018,0.008355331543479472,3,19.0
1034,124,Y,4.0,K,12.0,--,0.0,6.0,1.0838272650296361,2333.99209486166,400,0.27685736261303723,0.01216644370569395,3,19.0
1037,124,Y,4.0,K,12.0,--,0.0,6.0,1.0838272650296361,2333.99209486166,450,0.42903788468817433,0.010283271797304335,3,19.0
1040,125,Y,4.0,-,0.0,--,0.0,7.0,0.8574277168494512,1990.779357821215,250,0.038227974917644326,0.005313708183235727,3,
1043,125,Y,4.0,-,0.0,--,0.0,7.0,0.8574277168494512,1990.779357821215,300,0.03941360197267007,0.004274149247370883,3,
1046,125,Y,4.0,-,0.0,--,0.0,7.0,0.8574277168494512,1990.779357821215,350,0.06005670702894437,0.0195243832146474,3,
1049,125,Y,4.0,-,0.0,--,0.0,7.0,0.8574277168494512,1990.779357821215,400,0.053954600451491246,0.006713311650239347,3,
1052,125,Y,4.0,-,0.0,--,0.0,7.0,0.8574277168494512,1990.779357821215,450,0.09174558666547712,0.012677417489138526,3,
1055,126,Ru,1.0,Y,3.0,--,0.0,9.0,1.0017730496453898,2232.9357522301293,250,0.1838583166459202,0.006440180073967094,3,39.0
1058,126,Ru,1.0,Y,3.0,--,0.0,9.0,1.0017730496453898,2232.9357522301293,300,0.2877445529597433,0.0036947232757976512,3,39.0
1061,126,Ru,1.0,Y,3.0,--,0.0,9.0,1.0017730496453898,2232.9357522301293,350,0.6950880917519253,0.01184423180995181,3,39.0
1064,126,Ru,1.0,Y,3.0,--,0.0,9.0,1.0017730496453898,2232.9357522301293,400,1.0,0.0,3,39.0
1067,126,Ru,1.0,Y,3.0,--,0.0,9.0,1.0017730496453898,2232.9357522301293,450,1.0,0.0,3,39.0
