,ID,Ele1,Wt1,Ele2,Wt2,Ele3,Wt3,Reactor,NH3,Space Velocity,Temperature,Conversion,Standard Error,nAveraged,Groups
204,1,Ru,3.0,Fe,1.0,K,12.0,14.0,1,1922.0074257425745,250,0.03324361117758398,0.01064540835026303,4,21736
0,1,Ru,3.0,Fe,1.0,K,12.0,2.0,1,4401.971153846155,250,0.11732999999999999,,1,21736
208,1,Ru,3.0,Fe,1.0,K,12.0,14.0,1,1922.0074257425745,300,0.1061535388286205,0.018761215266648475,2,21736
6,1,Ru,3.0,Fe,1.0,K,12.0,2.0,1,4401.971153846155,300,0.18367,,1,21736
210,1,Ru,3.0,Fe,1.0,K,12.0,14.0,1,1922.0074257425745,350,0.27243221412908064,0.007096817696892066,3,21736
12,1,Ru,3.0,Fe,1.0,K,12.0,2.0,1,4401.971153846155,350,0.228,,1,21736
213,1,Ru,3.0,Fe,1.0,K,12.0,14.0,1,1922.0074257425745,400,0.707539477269706,0.025198245371630335,3,21736
18,1,Ru,3.0,Fe,1.0,K,12.0,2.0,1,4401.971153846155,400,0.762,,1,21736
216,1,Ru,3.0,Fe,1.0,K,12.0,14.0,1,1922.0074257425745,450,0.9548104995472896,0.017861567203210724,3,21736
1,2,Ru,2.0,Fe,2.0,K,12.0,3.0,1,4431.9000000000015,250,0.044000000000000004,,1,21736
7,2,Ru,2.0,Fe,2.0,K,12.0,3.0,1,4431.9000000000015,300,0.107,,1,21736
13,2,Ru,2.0,Fe,2.0,K,12.0,3.0,1,4431.9000000000015,350,0.2364,,1,21736
19,2,Ru,2.0,Fe,2.0,K,12.0,3.0,1,4431.9000000000015,400,0.7305,,1,21736
2,3,Ru,1.0,Fe,3.0,K,12.0,10.0,1,4480.78125,250,0.04767,,1,21736
8,3,Ru,1.0,Fe,3.0,K,12.0,10.0,1,4480.78125,300,0.17667,,1,21736
14,3,Ru,1.0,Fe,3.0,K,12.0,10.0,1,4480.78125,350,0.49700000000000005,,1,21736
20,3,Ru,1.0,Fe,3.0,K,12.0,10.0,1,4480.78125,400,0.9487,,1,21736
3,4,Ru,3.0,Co,1.0,K,12.0,7.0,1,4296.279306829765,250,0.13333,,1,22572
9,4,Ru,3.0,Co,1.0,K,12.0,7.0,1,4296.279306829765,300,0.43267,,1,22572
15,4,Ru,3.0,Co,1.0,K,12.0,7.0,1,4296.279306829765,350,0.88533,,1,22572
21,4,Ru,3.0,Co,1.0,K,12.0,7.0,1,4296.279306829765,400,0.9885,,1,22572
4,5,Ru,2.0,Co,2.0,K,12.0,9.0,1,4317.892156862746,250,0.075,,1,22572
10,5,Ru,2.0,Co,2.0,K,12.0,9.0,1,4317.892156862746,300,0.075,,1,22572
16,5,Ru,2.0,Co,2.0,K,12.0,9.0,1,4317.892156862746,350,0.54667,,1,22572
22,5,Ru,2.0,Co,2.0,K,12.0,9.0,1,4317.892156862746,400,0.9847,,1,22572
5,6,Ru,1.0,Co,3.0,K,12.0,11.0,1,4817.450980392158,250,0.08433,,1,22572
11,6,Ru,1.0,Co,3.0,K,12.0,11.0,1,4817.450980392158,300,0.08433,,1,22572
17,6,Ru,1.0,Co,3.0,K,12.0,11.0,1,4817.450980392158,350,0.15167,,1,22572
23,6,Ru,1.0,Co,3.0,K,12.0,11.0,1,4817.450980392158,400,0.4765,,1,22572
375,15,Ru,3.0,Cu,1.0,K,12.0,0.0,1,2092.910447761194,250,0.09257882530139636,0.007154279941279612,8,24244
383,15,Ru,3.0,Cu,1.0,K,12.0,0.0,1,2092.910447761194,300,0.29930792359725716,0.06494711150235097,6,24244
389,15,Ru,3.0,Cu,1.0,K,12.0,0.0,1,2092.910447761194,350,0.41993567794505554,0.006581315496805621,6,24244
395,15,Ru,3.0,Cu,1.0,K,12.0,0.0,1,2092.910447761194,400,0.9613095347657695,0.00369668960747322,3,24244
398,15,Ru,3.0,Cu,1.0,K,12.0,0.0,1,2092.910447761194,450,0.9855431757284551,0.0055793816010709955,3,24244
401,16,Ru,2.0,Cu,2.0,K,12.0,1.0,1,2176.4500000000007,250,0.09054056848426338,0.007067000591755252,8,24244
409,16,Ru,2.0,Cu,2.0,K,12.0,1.0,1,2176.4500000000007,300,0.173056551401671,0.038371563428350956,6,24244
415,16,Ru,2.0,Cu,2.0,K,12.0,1.0,1,2176.4500000000007,350,0.23657368865246134,0.008572957419989306,6,24244
421,16,Ru,2.0,Cu,2.0,K,12.0,1.0,1,2176.4500000000007,400,0.5981465413547312,0.009277441269641862,3,24244
424,16,Ru,2.0,Cu,2.0,K,12.0,1.0,1,2176.4500000000007,450,0.977075784466233,0.015069828255211484,3,24244
427,17,Ru,1.0,Cu,3.0,K,12.0,3.0,1,2354.2000000000007,250,0.02992947050706188,0.00729158839337727,8,24244
435,17,Ru,1.0,Cu,3.0,K,12.0,3.0,1,2354.2000000000007,300,0.09733111488293866,0.024836658962146572,6,24244
441,17,Ru,1.0,Cu,3.0,K,12.0,3.0,1,2354.2000000000007,350,0.14195240410127716,0.005805245164241803,6,24244
447,17,Ru,1.0,Cu,3.0,K,12.0,3.0,1,2354.2000000000007,400,0.39099655375870435,0.012647897881814661,3,24244
450,17,Ru,1.0,Cu,3.0,K,12.0,3.0,1,2354.2000000000007,450,0.8273374336804045,0.00761414732278185,3,24244
842,20,Ru,4.0,K,12.0,--,0.0,0.0,1,2057.9500000000007,150,0.18690685255266967,0.006682920664013172,3,-836
845,20,Ru,4.0,K,12.0,--,0.0,0.0,1,2057.9500000000007,250,0.47087581151714913,0.006716392430938289,7,-836
848,20,Ru,4.0,K,12.0,--,0.0,0.0,1,2057.9500000000007,300,0.9896798348217244,0.004831505136621906,5,-836
850,20,Ru,4.0,K,12.0,--,0.0,0.0,1,2057.9500000000007,350,0.9920955028664872,0.0032934239875532876,6,-836
853,20,Ru,4.0,K,12.0,--,0.0,0.0,1,2057.9500000000007,400,0.9939443839252746,0.003392668622327084,6,-836
869,20,Ru,4.0,K,12.0,--,0.0,0.0,1,2057.9500000000007,450,1.0,0.0,3,-836
872,21,Ru,4.0,K,12.0,--,0.0,1.0,1,2162.722772277228,150,0.17752898554713,0.01217952907749456,3,-836
875,21,Ru,4.0,K,12.0,--,0.0,1.0,1,2162.722772277228,250,0.5300958741047385,0.01959727318219463,7,-836
878,21,Ru,4.0,K,12.0,--,0.0,1.0,1,2162.722772277228,300,0.972316489160695,0.004365687621373078,5,-836
880,21,Ru,4.0,K,12.0,--,0.0,1.0,1,2162.722772277228,350,0.9986357566778691,0.001364243322130865,6,-836
883,21,Ru,4.0,K,12.0,--,0.0,1.0,1,2162.722772277228,400,1.0,0.0,6,-836
899,21,Ru,4.0,K,12.0,--,0.0,1.0,1,2162.722772277228,450,1.0,0.0,3,-836
902,22,Ru,4.0,K,12.0,--,0.0,2.0,1,2787.5,150,0.020000000000000014,0.0,3,-836
905,22,Ru,4.0,K,12.0,--,0.0,2.0,1,2787.5,250,0.26713734873464784,0.02600187595868918,7,-836
908,22,Ru,4.0,K,12.0,--,0.0,2.0,1,2787.5,300,0.7775885874904468,0.03035615084265143,5,-836
910,22,Ru,4.0,K,12.0,--,0.0,2.0,1,2787.5,350,0.9108873338212233,0.011432943382521066,6,-836
913,22,Ru,4.0,K,12.0,--,0.0,2.0,1,2787.5,400,0.924432670762435,0.012670645149444871,6,-836
929,22,Ru,4.0,K,12.0,--,0.0,2.0,1,2787.5,450,0.9288750754065317,0.01113408201111727,3,-836
932,24,Ru,4.0,K,12.0,--,0.0,4.0,1,1937.484924623116,150,0.16083665716575565,0.005374090687442031,3,-836
935,24,Ru,4.0,K,12.0,--,0.0,4.0,1,1937.484924623116,250,0.32799392380609865,0.023974626413740777,7,-836
938,24,Ru,4.0,K,12.0,--,0.0,4.0,1,1937.484924623116,300,0.6651848758142649,0.03876379688207756,5,-836
940,24,Ru,4.0,K,12.0,--,0.0,4.0,1,1937.484924623116,350,1.0,0.0,6,-836
943,24,Ru,4.0,K,12.0,--,0.0,4.0,1,1937.484924623116,400,1.0,0.0,6,-836
959,24,Ru,4.0,K,12.0,--,0.0,4.0,1,1937.484924623116,450,1.0,0.0,3,-836
1022,25,Ru,4.0,-,0.0,--,0.0,9.0,1,1975.0,150,0.17881522840147535,0.006998714248877269,3,44
453,25,Ru,4.0,-,0.0,--,0.0,4.0,1,1925.625,250,0.07286897343630976,0.006431411477330442,8,44
1025,25,Ru,4.0,-,0.0,--,0.0,9.0,1,1975.0,250,0.23977036474247845,0.00812653777203234,7,44
461,25,Ru,4.0,-,0.0,--,0.0,4.0,1,1925.625,300,0.3429388221966687,0.019942487727411157,6,44
1028,25,Ru,4.0,-,0.0,--,0.0,9.0,1,1975.0,300,0.41624483013886027,0.022391190508136895,5,44
467,25,Ru,4.0,-,0.0,--,0.0,4.0,1,1925.625,350,0.9133832443517326,0.010688986843668697,6,44
1030,25,Ru,4.0,-,0.0,--,0.0,9.0,1,1975.0,350,0.9015250756154174,0.006446611681095394,6,44
473,25,Ru,4.0,-,0.0,--,0.0,4.0,1,1925.625,400,1.0,0.0,3,44
1033,25,Ru,4.0,-,0.0,--,0.0,9.0,1,1975.0,400,0.9960424482505816,0.0019951154170980345,6,44
476,25,Ru,4.0,-,0.0,--,0.0,4.0,1,1925.625,450,0.9924136324040976,0.007586367595902403,3,44
1049,25,Ru,4.0,-,0.0,--,0.0,9.0,1,1975.0,450,0.9956954188070064,0.0021088390777213735,3,44
1845,27,Ru,4.0,-,0.0,--,0.0,0.0,1,2308.775,250,0.1566730820754155,0.008079795946932403,4,44
1849,27,Ru,4.0,-,0.0,--,0.0,0.0,1,2308.775,300,0.28230258702549693,0.003751135175256964,2,44
1851,27,Ru,4.0,-,0.0,--,0.0,0.0,1,2308.775,350,0.8518130854916347,0.008638388528925048,3,44
2025,27,Ru,4.0,-,0.0,--,0.0,0.0,5,846.0,350,0.7312896970930928,0.009881739339299443,3,44
2028,27,Ru,4.0,-,0.0,--,0.0,0.0,5,1410.0,350,0.5936641504780833,0.00479862043281575,3,44
2031,27,Ru,4.0,-,0.0,--,0.0,0.0,5,1975.0,350,0.480455135818834,0.006735563799925619,3,44
2034,27,Ru,4.0,-,0.0,--,0.0,0.0,5,2539.0,350,0.44429509642112297,0.006339218384595029,2,44
1854,27,Ru,4.0,-,0.0,--,0.0,0.0,1,2308.775,400,1.0,0.0,3,44
1857,27,Ru,4.0,-,0.0,--,0.0,0.0,1,2308.775,450,1.0,0.0,3,44
1860,28,Ru,4.0,-,0.0,--,0.0,1.0,1,2431.225,250,0.145816768069677,0.005579905738342046,4,44
1864,28,Ru,4.0,-,0.0,--,0.0,1.0,1,2431.225,300,0.278879213306371,0.00036494755301000326,2,44
1866,28,Ru,4.0,-,0.0,--,0.0,1.0,1,2431.225,350,0.879119181946504,0.0036584140240000654,3,44
2036,28,Ru,4.0,-,0.0,--,0.0,1.0,5,846.0,350,0.715461852817326,0.00824524708995141,3,44
2039,28,Ru,4.0,-,0.0,--,0.0,1.0,5,1410.0,350,0.5879723059564098,0.009877554632710485,3,44
2042,28,Ru,4.0,-,0.0,--,0.0,1.0,5,1975.0,350,0.48856281343399005,0.01292268864323531,3,44
2045,28,Ru,4.0,-,0.0,--,0.0,1.0,5,2539.0,350,0.38030289776342496,0.0028932693260670106,2,44
1869,28,Ru,4.0,-,0.0,--,0.0,1.0,1,2431.225,400,0.9996200743476934,0.00037992565230667485,3,44
1872,28,Ru,4.0,-,0.0,--,0.0,1.0,1,2431.225,450,1.0,0.0,3,44
479,29,Ru,3.0,Y,1.0,K,12.0,5.0,1,1825.8875,250,0.448214805112319,0.019395265503849905,8,32604
487,29,Ru,3.0,Y,1.0,K,12.0,5.0,1,1825.8875,300,0.9449835677425661,0.006636682375590697,6,32604
493,29,Ru,3.0,Y,1.0,K,12.0,5.0,1,1825.8875,350,0.9527548334258403,0.00846376112603427,6,32604
499,29,Ru,3.0,Y,1.0,K,12.0,5.0,1,1825.8875,400,0.9752223952453704,0.012511964364945836,3,32604
502,29,Ru,3.0,Y,1.0,K,12.0,5.0,1,1825.8875,450,0.9622642695450733,0.019737730258155166,3,32604
505,30,Ru,2.0,Y,2.0,K,12.0,6.0,1,2366.030150753769,250,0.35225951343822176,0.017877054892809836,8,32604
513,30,Ru,2.0,Y,2.0,K,12.0,6.0,1,2366.030150753769,300,0.8911868427204017,0.011046672330728875,6,32604
519,30,Ru,2.0,Y,2.0,K,12.0,6.0,1,2366.030150753769,350,0.9931558645616407,0.005568725479001326,6,32604
525,30,Ru,2.0,Y,2.0,K,12.0,6.0,1,2366.030150753769,400,1.0,0.0,3,32604
528,30,Ru,2.0,Y,2.0,K,12.0,6.0,1,2366.030150753769,450,0.9917391709536366,0.008260829046363272,3,32604
1052,31,Ru,1.0,Y,3.0,K,12.0,10.0,1,2008.575,150,0.23743693046123535,0.003254417600632009,3,32604
531,31,Ru,1.0,Y,3.0,K,12.0,7.0,1,1986.85,250,0.3237303782200658,0.011456986770756343,8,32604
1055,31,Ru,1.0,Y,3.0,K,12.0,10.0,1,2008.575,250,0.36722823196171567,0.00887701213993102,7,32604
539,31,Ru,1.0,Y,3.0,K,12.0,7.0,1,1986.85,300,0.8131248934267319,0.00981149016839256,6,32604
1058,31,Ru,1.0,Y,3.0,K,12.0,10.0,1,2008.575,300,0.8433162406416544,0.029507466132871633,5,32604
545,31,Ru,1.0,Y,3.0,K,12.0,7.0,1,1986.85,350,1.0,0.0,6,32604
1060,31,Ru,1.0,Y,3.0,K,12.0,10.0,1,2008.575,350,0.9982601595335598,0.0017398404664401386,6,32604
551,31,Ru,1.0,Y,3.0,K,12.0,7.0,1,1986.85,400,1.0,0.0,3,32604
1063,31,Ru,1.0,Y,3.0,K,12.0,10.0,1,2008.575,400,1.0,0.0,6,32604
554,31,Ru,1.0,Y,3.0,K,12.0,7.0,1,1986.85,450,1.0,0.0,3,32604
1079,31,Ru,1.0,Y,3.0,K,12.0,10.0,1,2008.575,450,1.0,0.0,3,32604
583,32,Ru,4.0,Y,0.5,K,12.0,10.0,1,2107.3250000000007,250,0.5337192553863819,0.011004059326620614,3,32604
586,32,Ru,4.0,Y,0.5,K,12.0,10.0,1,2107.3250000000007,300,0.9364185583205308,0.009513749251677955,6,32604
592,32,Ru,4.0,Y,0.5,K,12.0,10.0,1,2107.3250000000007,350,0.9533264930380941,0.010266440086813376,6,32604
598,32,Ru,4.0,Y,0.5,K,12.0,10.0,1,2107.3250000000007,400,0.9721305297007747,0.01193642886297397,3,32604
601,32,Ru,4.0,Y,0.5,K,12.0,10.0,1,2107.3250000000007,450,0.9350121875706172,0.027261070860996967,3,32604
1082,33,Ru,3.0,Mg,1.0,K,12.0,11.0,1,2368.0541871921178,150,0.12888544745223698,0.016278965276456826,3,10032
557,33,Ru,3.0,Mg,1.0,K,12.0,9.0,1,2259.4,250,0.46983057631068703,0.021806308589468724,8,10032
1085,33,Ru,3.0,Mg,1.0,K,12.0,11.0,1,2368.0541871921178,250,0.36384858235876516,0.015549394952476817,7,10032
565,33,Ru,3.0,Mg,1.0,K,12.0,9.0,1,2259.4,300,0.9652325110995164,0.005450805070237784,6,10032
1088,33,Ru,3.0,Mg,1.0,K,12.0,11.0,1,2368.0541871921178,300,0.8212433794570246,0.02416971616575157,5,10032
571,33,Ru,3.0,Mg,1.0,K,12.0,9.0,1,2259.4,350,1.0,0.0,6,10032
1090,33,Ru,3.0,Mg,1.0,K,12.0,11.0,1,2368.0541871921178,350,0.9491371524714532,0.005503666900718523,6,10032
577,33,Ru,3.0,Mg,1.0,K,12.0,9.0,1,2259.4,400,1.0,0.0,3,10032
1093,33,Ru,3.0,Mg,1.0,K,12.0,11.0,1,2368.0541871921178,400,0.9445647083102195,0.010611898111307232,6,10032
580,33,Ru,3.0,Mg,1.0,K,12.0,9.0,1,2259.4,450,1.0,0.0,3,10032
1109,33,Ru,3.0,Mg,1.0,K,12.0,11.0,1,2368.0541871921178,450,0.9522754648013348,0.006574992341892167,3,10032
604,34,Ru,2.0,Mg,2.0,K,12.0,11.0,1,2304.8250000000007,250,0.18165952145222589,0.010581157258298234,8,10032
612,34,Ru,2.0,Mg,2.0,K,12.0,11.0,1,2304.8250000000007,300,0.37232034162222366,0.014032534818463048,6,10032
618,34,Ru,2.0,Mg,2.0,K,12.0,11.0,1,2304.8250000000007,350,0.9114481361304714,0.017393473163777377,6,10032
624,34,Ru,2.0,Mg,2.0,K,12.0,11.0,1,2304.8250000000007,400,0.9931638892522333,0.004811274240579542,3,10032
627,34,Ru,2.0,Mg,2.0,K,12.0,11.0,1,2304.8250000000007,450,0.9967207779912917,0.0031091303787479864,3,10032
630,35,Ru,1.0,Mg,3.0,K,12.0,12.0,1,2187.386934673367,250,0.03215369668080263,0.006611933038836862,8,10032
638,35,Ru,1.0,Mg,3.0,K,12.0,12.0,1,2187.386934673367,300,0.1367724658373173,0.008328656706631368,6,10032
644,35,Ru,1.0,Mg,3.0,K,12.0,12.0,1,2187.386934673367,350,0.4767961586382081,0.009706918092989564,6,10032
650,35,Ru,1.0,Mg,3.0,K,12.0,12.0,1,2187.386934673367,400,0.8453202541168929,0.003988262827656229,3,10032
653,35,Ru,1.0,Mg,3.0,K,12.0,12.0,1,2187.386934673367,450,0.9271452772474421,0.02319414875187828,3,10032
656,36,K,12.0,-,0.0,--,0.0,13.0,1,2336.425,250,0.0824389640559865,0.009707298345779028,8,19
664,36,K,12.0,-,0.0,--,0.0,13.0,1,2336.425,300,0.07948495232751467,0.005747650083680633,6,19
670,36,K,12.0,-,0.0,--,0.0,13.0,1,2336.425,350,0.09724412177376097,0.014530450495273916,6,19
676,36,K,12.0,-,0.0,--,0.0,13.0,1,2336.425,400,0.132507071850714,0.015775997538433416,3,19
679,36,K,12.0,-,0.0,--,0.0,13.0,1,2336.425,450,0.1871529573653847,0.07051055992312985,3,19
682,37,Ru,3.0,Mn,1.0,K,12.0,14.0,1,2048.0750000000007,250,0.04180467739531564,0.009510675251553264,8,20900
690,37,Ru,3.0,Mn,1.0,K,12.0,14.0,1,2048.0750000000007,300,0.3855814948845664,0.03096514329749723,6,20900
696,37,Ru,3.0,Mn,1.0,K,12.0,14.0,1,2048.0750000000007,350,0.9135015989476343,0.010589571003493427,6,20900
702,37,Ru,3.0,Mn,1.0,K,12.0,14.0,1,2048.0750000000007,400,0.9161036417332212,0.032791597044256604,3,20900
705,37,Ru,3.0,Mn,1.0,K,12.0,14.0,1,2048.0750000000007,450,0.9111612983917571,0.06330382474877747,3,20900
708,38,Ru,2.0,Mn,2.0,K,12.0,0.0,1,2055.1732673267325,250,0.11783030725393236,0.0034748596448790172,3,20900
1875,38,Ru,2.0,Mn,2.0,K,12.0,2.0,1,2665.7537688442208,250,0.1476776770349887,0.01099456859272232,4,20900
711,38,Ru,2.0,Mn,2.0,K,12.0,0.0,1,2055.1732673267325,300,0.392977743647647,0.012911361858114413,3,20900
1879,38,Ru,2.0,Mn,2.0,K,12.0,2.0,1,2665.7537688442208,300,0.34238343481340194,0.014066282384666921,2,20900
714,38,Ru,2.0,Mn,2.0,K,12.0,0.0,1,2055.1732673267325,350,0.9683237608272242,0.010652833680038162,3,20900
1881,38,Ru,2.0,Mn,2.0,K,12.0,2.0,1,2665.7537688442208,350,0.8994259443781992,0.007263784254496555,3,20900
2047,38,Ru,2.0,Mn,2.0,K,12.0,2.0,5,846.0,350,0.7821211436097634,0.013951539543176739,3,20900
2050,38,Ru,2.0,Mn,2.0,K,12.0,2.0,5,1410.0,350,0.5906045913782979,0.002452081257222936,3,20900
2053,38,Ru,2.0,Mn,2.0,K,12.0,2.0,5,1975.0,350,0.44544731871619003,0.007270094104222545,3,20900
2056,38,Ru,2.0,Mn,2.0,K,12.0,2.0,5,2539.0,350,0.42721011481236804,0.0053896870448200684,2,20900
717,38,Ru,2.0,Mn,2.0,K,12.0,0.0,1,2055.1732673267325,400,0.9824675740723053,0.003119469134566829,3,20900
1884,38,Ru,2.0,Mn,2.0,K,12.0,2.0,1,2665.7537688442208,400,0.9661248472441671,0.00626858748603368,3,20900
720,38,Ru,2.0,Mn,2.0,K,12.0,0.0,1,2055.1732673267325,450,0.9996421728347888,0.00031651736539117954,3,20900
1887,38,Ru,2.0,Mn,2.0,K,12.0,2.0,1,2665.7537688442208,450,0.9501577885785975,0.0007313315962104507,3,20900
723,39,Ru,1.0,Mn,3.0,K,12.0,1.0,1,2083.43137254902,250,0.111814239179489,0.0034122448169204424,3,20900
726,39,Ru,1.0,Mn,3.0,K,12.0,1.0,1,2083.43137254902,300,0.22458234276412595,0.01933235410229873,3,20900
729,39,Ru,1.0,Mn,3.0,K,12.0,1.0,1,2083.43137254902,350,0.5299654764498644,0.0312583182082418,3,20900
732,39,Ru,1.0,Mn,3.0,K,12.0,1.0,1,2083.43137254902,400,0.997628232730862,0.0023717672691380143,3,20900
735,39,Ru,1.0,Mn,3.0,K,12.0,1.0,1,2083.43137254902,450,1.0,0.0,3,20900
1112,40,Ru,3.0,Ni,1.0,K,12.0,12.0,1,2115.225,150,0.155722796050451,0.007136054302433204,3,23408
1115,40,Ru,3.0,Ni,1.0,K,12.0,12.0,1,2115.225,250,0.24267754227831317,0.004324426633789683,7,23408
738,40,Ru,3.0,Ni,1.0,K,12.0,3.0,1,2393.8190954773872,250,0.1783438975541037,0.017423414562515057,3,23408
1118,40,Ru,3.0,Ni,1.0,K,12.0,12.0,1,2115.225,300,0.5512096426795787,0.05017574652065462,5,23408
741,40,Ru,3.0,Ni,1.0,K,12.0,3.0,1,2393.8190954773872,300,0.532568112509788,0.019145645787437902,3,23408
1120,40,Ru,3.0,Ni,1.0,K,12.0,12.0,1,2115.225,350,0.9707080985011127,0.009434330891622607,6,23408
744,40,Ru,3.0,Ni,1.0,K,12.0,3.0,1,2393.8190954773872,350,0.972205437231732,0.004984672345983459,3,23408
1123,40,Ru,3.0,Ni,1.0,K,12.0,12.0,1,2115.225,400,1.0,0.0,6,23408
747,40,Ru,3.0,Ni,1.0,K,12.0,3.0,1,2393.8190954773872,400,0.9919556224066453,0.0033000980758614473,3,23408
1139,40,Ru,3.0,Ni,1.0,K,12.0,12.0,1,2115.225,450,1.0,0.0,3,23408
750,40,Ru,3.0,Ni,1.0,K,12.0,3.0,1,2393.8190954773872,450,0.9997883016455216,0.000211698354478392,3,23408
1142,41,Ru,2.0,Ni,2.0,K,12.0,13.0,1,2276.708542713568,150,0.12646504999731867,0.020774851563251363,3,23408
1145,41,Ru,2.0,Ni,2.0,K,12.0,13.0,1,2276.708542713568,250,0.18404387533149658,0.009387477954545765,7,23408
1148,41,Ru,2.0,Ni,2.0,K,12.0,13.0,1,2276.708542713568,300,0.36961545341200164,0.02791041633742314,5,23408
1150,41,Ru,2.0,Ni,2.0,K,12.0,13.0,1,2276.708542713568,350,0.728101634032198,0.029273235189039314,6,23408
1153,41,Ru,2.0,Ni,2.0,K,12.0,13.0,1,2276.708542713568,400,0.9706325296280313,0.0063491161074948855,6,23408
1169,41,Ru,2.0,Ni,2.0,K,12.0,13.0,1,2276.708542713568,450,0.9526712860236152,0.004127962802040784,3,23408
1172,42,Ru,1.0,Ni,3.0,K,12.0,14.0,1,1992.775,150,0.05940647393100266,0.01676070426499147,3,23408
1175,42,Ru,1.0,Ni,3.0,K,12.0,14.0,1,1992.775,250,0.03623949097646132,0.010122959481490511,7,23408
1178,42,Ru,1.0,Ni,3.0,K,12.0,14.0,1,1992.775,300,0.13840548295407323,0.028675505171638062,5,23408
1180,42,Ru,1.0,Ni,3.0,K,12.0,14.0,1,1992.775,350,0.4970770849105959,0.02819938152517303,6,23408
1183,42,Ru,1.0,Ni,3.0,K,12.0,14.0,1,1992.775,400,1.0,0.0,6,23408
1199,42,Ru,1.0,Ni,3.0,K,12.0,14.0,1,1992.775,450,1.0,0.0,3,23408
962,43,Ru,3.0,Cr,1.0,K,12.0,5.0,1,1828.5125628140704,150,0.010000000000000007,0.0,3,20064
965,43,Ru,3.0,Cr,1.0,K,12.0,5.0,1,1828.5125628140704,250,0.24458096845515773,0.028493451071758373,7,20064
968,43,Ru,3.0,Cr,1.0,K,12.0,5.0,1,1828.5125628140704,300,0.55733858283207,0.024964178185038544,5,20064
970,43,Ru,3.0,Cr,1.0,K,12.0,5.0,1,1828.5125628140704,350,0.8317368481284797,0.012323798291550241,6,20064
973,43,Ru,3.0,Cr,1.0,K,12.0,5.0,1,1828.5125628140704,400,0.8332704575465048,0.004368398405857249,6,20064
989,43,Ru,3.0,Cr,1.0,K,12.0,5.0,1,1828.5125628140704,450,0.8478537869309339,0.004267287214949001,3,20064
992,44,Ru,2.0,Cr,2.0,K,12.0,6.0,1,2109.974874371859,150,0.19995599818466334,0.005394371442490954,3,20064
995,44,Ru,2.0,Cr,2.0,K,12.0,6.0,1,2109.974874371859,250,0.23471172669672583,0.004341615892398819,7,20064
998,44,Ru,2.0,Cr,2.0,K,12.0,6.0,1,2109.974874371859,300,0.3471238151722035,0.011783408041866969,5,20064
1000,44,Ru,2.0,Cr,2.0,K,12.0,6.0,1,2109.974874371859,350,0.737558271035717,0.018466700346849087,6,20064
1003,44,Ru,2.0,Cr,2.0,K,12.0,6.0,1,2109.974874371859,400,1.0,0.0,6,20064
1019,44,Ru,2.0,Cr,2.0,K,12.0,6.0,1,2109.974874371859,450,1.0,0.0,3,20064
753,45,Ru,1.0,Cr,3.0,K,12.0,9.0,1,2153.137254901961,250,0.13299898608602906,0.006943295902567547,3,20064
756,45,Ru,1.0,Cr,3.0,K,12.0,9.0,1,2153.137254901961,300,0.2706528958661107,0.01530100539565191,3,20064
759,45,Ru,1.0,Cr,3.0,K,12.0,9.0,1,2153.137254901961,350,0.5470029062205634,0.013753813085935481,3,20064
762,45,Ru,1.0,Cr,3.0,K,12.0,9.0,1,2153.137254901961,400,0.962003580005783,0.01062297275126268,3,20064
765,45,Ru,1.0,Cr,3.0,K,12.0,9.0,1,2153.137254901961,450,1.0,0.0,3,20064
768,49,Ru,3.0,W,1.0,K,12.0,10.0,1,2038.5175879396984,250,0.1931202053563803,0.009556829461339627,3,61864
771,49,Ru,3.0,W,1.0,K,12.0,10.0,1,2038.5175879396984,300,0.5025887047140504,0.013916748093337459,3,61864
774,49,Ru,3.0,W,1.0,K,12.0,10.0,1,2038.5175879396984,350,0.9464280380107838,0.025641190177803915,3,61864
777,49,Ru,3.0,W,1.0,K,12.0,10.0,1,2038.5175879396984,400,1.0,0.0,3,61864
780,49,Ru,3.0,W,1.0,K,12.0,10.0,1,2038.5175879396984,450,0.9927583015810112,0.003623858862829234,3,61864
783,50,Ru,2.0,W,2.0,K,12.0,11.0,1,2233.7931034482763,250,0.15964286024453433,0.0022630423504748855,3,61864
786,50,Ru,2.0,W,2.0,K,12.0,11.0,1,2233.7931034482763,300,0.3496020331578113,0.021554869404923953,3,61864
789,50,Ru,2.0,W,2.0,K,12.0,11.0,1,2233.7931034482763,350,0.518401580814267,0.009195926528430856,3,61864
792,50,Ru,2.0,W,2.0,K,12.0,11.0,1,2233.7931034482763,400,0.8499535629529221,0.003564186377791657,3,61864
795,50,Ru,2.0,W,2.0,K,12.0,11.0,1,2233.7931034482763,450,0.9799139944938351,0.005567618590499135,3,61864
798,51,Ru,1.0,W,3.0,K,12.0,12.0,1,1909.9646464646466,250,0.07157072190109004,0.003990780482335848,3,61864
801,51,Ru,1.0,W,3.0,K,12.0,12.0,1,1909.9646464646466,300,0.13772627351817435,0.014902798085640183,3,61864
804,51,Ru,1.0,W,3.0,K,12.0,12.0,1,1909.9646464646466,350,0.23642531550380896,0.03639116119599066,3,61864
807,51,Ru,1.0,W,3.0,K,12.0,12.0,1,1909.9646464646466,400,0.32675945964406233,0.015953173198286253,3,61864
810,51,Ru,1.0,W,3.0,K,12.0,12.0,1,1909.9646464646466,450,0.5364732772360145,0.011569349825649538,3,61864
813,55,Ru,3.0,Ca,1.0,K,12.0,13.0,1,2188.3,250,0.3351271010595553,0.010530042982942961,3,16720
816,55,Ru,3.0,Ca,1.0,K,12.0,13.0,1,2188.3,300,0.8673856256588718,0.010775357940244867,3,16720
819,55,Ru,3.0,Ca,1.0,K,12.0,13.0,1,2188.3,350,0.9480824962507493,0.004903415704240444,3,16720
822,55,Ru,3.0,Ca,1.0,K,12.0,13.0,1,2188.3,400,0.9216997053750227,0.0049935716301077685,3,16720
825,55,Ru,3.0,Ca,1.0,K,12.0,13.0,1,2188.3,450,0.9486762291469416,0.014078259634785852,3,16720
828,56,Ru,2.0,Ca,2.0,K,12.0,14.0,1,1934.725490196079,250,0.09781276641843932,0.016708864741004376,3,16720
831,56,Ru,2.0,Ca,2.0,K,12.0,14.0,1,1934.725490196079,300,0.675099138006814,0.024047994108187358,3,16720
834,56,Ru,2.0,Ca,2.0,K,12.0,14.0,1,1934.725490196079,350,0.933041886462842,0.06695811353715801,3,16720
837,56,Ru,2.0,Ca,2.0,K,12.0,14.0,1,1934.725490196079,400,1.0,0.0,2,16720
839,56,Ru,2.0,Ca,2.0,K,12.0,14.0,1,1934.725490196079,450,0.9911610359596515,0.008838964040348452,3,16720
1354,57,Ru,1.0,Ca,3.0,K,12.0,10.0,1,2310.452261306533,250,0.2039126595065497,0.002617488444524644,3,16720
1346,57,Ru,1.0,Ca,3.0,K,12.0,10.0,1,2310.452261306533,300,0.328358254900039,0.026251584186808345,3,16720
1348,57,Ru,1.0,Ca,3.0,K,12.0,10.0,1,2310.452261306533,350,0.6456742474494304,0.02666835233093087,6,16720
1351,57,Ru,1.0,Ca,3.0,K,12.0,10.0,1,2310.452261306533,400,0.9571246200534624,0.012043279769205703,5,16720
1363,57,Ru,1.0,Ca,3.0,K,12.0,10.0,1,2310.452261306533,450,0.9885101307834371,,1,16720
1423,58,Ru,3.0,Hf,1.0,K,12.0,14.0,1,2248.308080808081,250,0.291334344402982,0.011900064947411665,3,60192
1415,58,Ru,3.0,Hf,1.0,K,12.0,14.0,1,2248.308080808081,300,0.7790561825126123,0.04271714964122789,3,60192
1417,58,Ru,3.0,Hf,1.0,K,12.0,14.0,1,2248.308080808081,350,0.8380633401389224,0.03375756263041111,6,60192
1420,58,Ru,3.0,Hf,1.0,K,12.0,14.0,1,2248.308080808081,400,0.8877671542230634,0.026680012015565635,3,60192
1430,59,Ru,2.0,Hf,2.0,K,12.0,0.0,1,2234.9884526558894,250,0.2537210310218377,0.007326363198976713,3,60192
1433,59,Ru,2.0,Hf,2.0,K,12.0,0.0,1,2234.9884526558894,300,0.7952243450817981,0.005071217563313437,3,60192
1436,59,Ru,2.0,Hf,2.0,K,12.0,0.0,1,2234.9884526558894,350,0.9976902230847283,0.0023097769152717884,3,60192
1439,59,Ru,2.0,Hf,2.0,K,12.0,0.0,1,2234.9884526558894,400,0.9941018779917505,0.004839808695362159,3,60192
1442,59,Ru,2.0,Hf,2.0,K,12.0,0.0,1,2234.9884526558894,450,0.995532637512262,0.003348789180283955,3,60192
1445,60,Ru,1.0,Hf,3.0,K,12.0,1.0,1,2320.496083550913,250,0.33186412390410364,0.004467911691817821,3,60192
1448,60,Ru,1.0,Hf,3.0,K,12.0,1.0,1,2320.496083550913,300,0.8123306921160737,0.005740886310403601,3,60192
1451,60,Ru,1.0,Hf,3.0,K,12.0,1.0,1,2320.496083550913,350,1.0,0.0,3,60192
1454,60,Ru,1.0,Hf,3.0,K,12.0,1.0,1,2320.496083550913,400,1.0,0.0,3,60192
1457,60,Ru,1.0,Hf,3.0,K,12.0,1.0,1,2320.496083550913,450,1.0,0.0,3,60192
1565,61,Ru,3.0,Sc,1.0,K,12.0,10.0,1,2271.047227926078,250,0.5216430528767443,0.020522378696264686,3,17556
1568,61,Ru,3.0,Sc,1.0,K,12.0,10.0,1,2271.047227926078,300,0.9976800975611786,0.0023199024388213347,3,17556
1571,61,Ru,3.0,Sc,1.0,K,12.0,10.0,1,2271.047227926078,350,1.0,0.0,3,17556
1574,61,Ru,3.0,Sc,1.0,K,12.0,10.0,1,2271.047227926078,400,1.0,0.0,3,17556
1577,61,Ru,3.0,Sc,1.0,K,12.0,10.0,1,2271.047227926078,450,1.0,0.0,3,17556
1580,62,Ru,2.0,Sc,2.0,K,12.0,11.0,1,2552.3503737520696,250,0.24981846869364566,0.004292255500816678,3,17556
1583,62,Ru,2.0,Sc,2.0,K,12.0,11.0,1,2552.3503737520696,300,0.5750757244971116,0.0027616933079143372,3,17556
1586,62,Ru,2.0,Sc,2.0,K,12.0,11.0,1,2552.3503737520696,350,0.9231273197530045,0.008618114415626868,3,17556
1589,62,Ru,2.0,Sc,2.0,K,12.0,11.0,1,2552.3503737520696,400,0.9471360102573976,0.017090435618624913,3,17556
1592,62,Ru,2.0,Sc,2.0,K,12.0,11.0,1,2552.3503737520696,450,0.9349369398705437,0.012817583389407864,3,17556
1595,63,Ru,1.0,Sc,3.0,K,12.0,12.0,1,1868.82146439318,250,0.18802391421894868,0.009446039265201102,3,17556
1598,63,Ru,1.0,Sc,3.0,K,12.0,12.0,1,1868.82146439318,300,0.5398628142120483,0.014785636556955488,3,17556
1601,63,Ru,1.0,Sc,3.0,K,12.0,12.0,1,1868.82146439318,350,0.8462409651212613,0.008356074769434165,3,17556
1604,63,Ru,1.0,Sc,3.0,K,12.0,12.0,1,1868.82146439318,400,0.9444121645063112,0.025636833135925723,3,17556
1607,63,Ru,1.0,Sc,3.0,K,12.0,12.0,1,1868.82146439318,450,0.9711214602154298,0.017442682684663913,3,17556
1610,64,Ru,3.0,Rh,1.0,K,12.0,13.0,1,2548.2590564236552,250,0.3239596719587166,0.015526492021004272,3,37620
1613,64,Ru,3.0,Rh,1.0,K,12.0,13.0,1,2548.2590564236552,300,0.760598518915167,0.010914244700441533,3,37620
1616,64,Ru,3.0,Rh,1.0,K,12.0,13.0,1,2548.2590564236552,350,0.9273153320921305,0.007828441689223701,3,37620
1619,64,Ru,3.0,Rh,1.0,K,12.0,13.0,1,2548.2590564236552,400,0.9141799301132153,0.017079840269725775,3,37620
1622,64,Ru,3.0,Rh,1.0,K,12.0,13.0,1,2548.2590564236552,450,0.939612943658123,0.024261671294450938,3,37620
1625,65,Ru,2.0,Rh,2.0,K,12.0,0.0,1,2279.15,250,0.3467723487646777,0.041660669040938354,4,37620
1627,65,Ru,2.0,Rh,2.0,K,12.0,0.0,1,2279.15,300,0.7850261903764765,0.04417304914827712,4,37620
1633,65,Ru,2.0,Rh,2.0,K,12.0,0.0,1,2279.15,350,0.9931324462895549,0.0031186791922603956,3,37620
1636,65,Ru,2.0,Rh,2.0,K,12.0,0.0,1,2279.15,400,0.9895807318268629,0.005209939275444963,3,37620
1639,65,Ru,2.0,Rh,2.0,K,12.0,0.0,1,2279.15,450,0.9821898166641363,0.005782613626771514,3,37620
1642,66,Ru,1.0,Rh,3.0,K,12.0,1.0,1,2381.9095477386936,250,0.250223294381759,0.02311557031631473,4,37620
1644,66,Ru,1.0,Rh,3.0,K,12.0,1.0,1,2381.9095477386936,300,0.6104776812397932,0.04088901566977718,4,37620
1650,66,Ru,1.0,Rh,3.0,K,12.0,1.0,1,2381.9095477386936,350,1.0,0.0,3,37620
1653,66,Ru,1.0,Rh,3.0,K,12.0,1.0,1,2381.9095477386936,400,1.0,0.0,3,37620
1656,66,Ru,1.0,Rh,3.0,K,12.0,1.0,1,2381.9095477386936,450,1.0,0.0,3,37620
1659,67,Ru,3.0,Zn,1.0,K,12.0,2.0,1,2594.2964824120604,250,0.09843403004873025,0.014543621718248335,4,25080
1661,67,Ru,3.0,Zn,1.0,K,12.0,2.0,1,2594.2964824120604,300,0.4888717430124272,0.03767405766135746,4,25080
1667,67,Ru,3.0,Zn,1.0,K,12.0,2.0,1,2594.2964824120604,350,0.8109514960389635,0.008977101139732485,3,25080
1670,67,Ru,3.0,Zn,1.0,K,12.0,2.0,1,2594.2964824120604,400,0.9911490568471896,0.004429541476006431,3,25080
1673,67,Ru,3.0,Zn,1.0,K,12.0,2.0,1,2594.2964824120604,450,0.9868824174189367,0.004539707724490979,3,25080
1676,68,Ru,2.0,Zn,2.0,K,12.0,3.0,1,2636.625,250,0.026692553554547,0.012053417145641794,4,25080
1678,68,Ru,2.0,Zn,2.0,K,12.0,3.0,1,2636.625,300,0.140283052287941,0.019602365855877983,4,25080
1684,68,Ru,2.0,Zn,2.0,K,12.0,3.0,1,2636.625,350,0.5189233397762266,0.007963320582255937,3,25080
1687,68,Ru,2.0,Zn,2.0,K,12.0,3.0,1,2636.625,400,0.946926629292831,0.004452513836649457,3,25080
1690,68,Ru,2.0,Zn,2.0,K,12.0,3.0,1,2636.625,450,0.9608722095383303,0.005364996097971303,3,25080
1693,69,Ru,1.0,Zn,3.0,K,12.0,4.0,1,2221.130653266332,250,0.04290338378887651,0.004564768655817406,4,25080
1695,69,Ru,1.0,Zn,3.0,K,12.0,4.0,1,2221.130653266332,300,0.04596529785565226,0.04596529785565226,4,25080
1701,69,Ru,1.0,Zn,3.0,K,12.0,4.0,1,2221.130653266332,350,0.47610918529615737,0.007892278129205194,3,25080
1704,69,Ru,1.0,Zn,3.0,K,12.0,4.0,1,2221.130653266332,400,0.987850923264057,0.010499886059235219,3,25080
1707,69,Ru,1.0,Zn,3.0,K,12.0,4.0,1,2221.130653266332,450,1.0,0.0,3,25080
1710,73,Ru,3.0,Sr,1.0,K,12.0,5.0,1,1963.0904522613064,250,0.4234032181158507,0.1131480582169968,4,31768
1712,73,Ru,3.0,Sr,1.0,K,12.0,5.0,1,1963.0904522613064,300,0.8281772815221278,0.05203457441678149,4,31768
1718,73,Ru,3.0,Sr,1.0,K,12.0,5.0,1,1963.0904522613064,350,0.9967824880908909,0.0032175119091090534,3,31768
1721,73,Ru,3.0,Sr,1.0,K,12.0,5.0,1,1963.0904522613064,400,1.0,0.0,3,31768
1724,73,Ru,3.0,Sr,1.0,K,12.0,5.0,1,1963.0904522613064,450,0.9937361098919152,0.005557639007547037,3,31768
1727,74,Ru,2.0,Sr,2.0,K,12.0,6.0,1,2419.375,250,0.36655753031813954,0.0976799799204428,4,31768
1729,74,Ru,2.0,Sr,2.0,K,12.0,6.0,1,2419.375,300,0.6822470327857688,0.10064244671872966,4,31768
1735,74,Ru,2.0,Sr,2.0,K,12.0,6.0,1,2419.375,350,1.0,0.0,3,31768
1738,74,Ru,2.0,Sr,2.0,K,12.0,6.0,1,2419.375,400,1.0,0.0,3,31768
1741,74,Ru,2.0,Sr,2.0,K,12.0,6.0,1,2419.375,450,1.0,0.0,3,31768
1744,75,Ru,1.0,Sr,3.0,K,12.0,7.0,1,2159.5979899497493,250,0.11851721210727251,0.024365026676282257,4,31768
1746,75,Ru,1.0,Sr,3.0,K,12.0,7.0,1,2159.5979899497493,300,0.7278944377938619,0.06888487625768235,4,31768
1752,75,Ru,1.0,Sr,3.0,K,12.0,7.0,1,2159.5979899497493,350,0.9564982273415815,0.004729836508059938,3,31768
1755,75,Ru,1.0,Sr,3.0,K,12.0,7.0,1,2159.5979899497493,400,0.9932566466652203,0.006743353334779601,3,31768
1758,75,Ru,1.0,Sr,3.0,K,12.0,7.0,1,2159.5979899497493,450,1.0,0.0,3,31768
1761,76,Ru,3.0,Bi,1.0,K,12.0,9.0,1,2362.1393034825874,250,0.14914970472598726,0.004632151547194092,4,69388
1763,76,Ru,3.0,Bi,1.0,K,12.0,9.0,1,2362.1393034825874,300,0.22783038689949725,0.024019115180813434,4,69388
1769,76,Ru,3.0,Bi,1.0,K,12.0,9.0,1,2362.1393034825874,350,0.32235780204461567,0.0058472800071934245,3,69388
1772,76,Ru,3.0,Bi,1.0,K,12.0,9.0,1,2362.1393034825874,400,0.5271871483438707,0.0031363308844985513,3,69388
1775,76,Ru,3.0,Bi,1.0,K,12.0,9.0,1,2362.1393034825874,450,0.8626075199181843,0.009492434974852039,3,69388
1778,77,Ru,2.0,Bi,2.0,K,12.0,10.0,1,2433.2000000000007,250,0.11604188277528577,0.012507483176053016,4,69388
1780,77,Ru,2.0,Bi,2.0,K,12.0,10.0,1,2433.2000000000007,300,0.033600575976475755,0.033600575976475755,4,69388
1786,77,Ru,2.0,Bi,2.0,K,12.0,10.0,1,2433.2000000000007,350,0.31971582029848666,0.011214964015254998,3,69388
1789,77,Ru,2.0,Bi,2.0,K,12.0,10.0,1,2433.2000000000007,400,0.6092103755949406,0.0043392831512540616,3,69388
1792,77,Ru,2.0,Bi,2.0,K,12.0,10.0,1,2433.2000000000007,450,0.9010129547989923,0.004485720745179256,3,69388
1795,78,Ru,1.0,Bi,3.0,K,12.0,11.0,1,2659.358852154718,250,0.05706194152204774,0.0031171085750944716,4,69388
1797,78,Ru,1.0,Bi,3.0,K,12.0,11.0,1,2659.358852154718,300,0.226676497408339,0.050664567065596175,4,69388
1803,78,Ru,1.0,Bi,3.0,K,12.0,11.0,1,2659.358852154718,350,0.24427039857903965,0.007319378786301474,3,69388
1806,78,Ru,1.0,Bi,3.0,K,12.0,11.0,1,2659.358852154718,400,0.505343655775162,0.00975989487492153,3,69388
1809,78,Ru,1.0,Bi,3.0,K,12.0,11.0,1,2659.358852154718,450,0.8164116996493344,0.008524722080071535,3,69388
1812,82,Ru,3.0,Pd,1.0,K,12.0,13.0,1,2474.675,250,0.20411456288353724,0.04763895846487196,4,38456
1814,82,Ru,3.0,Pd,1.0,K,12.0,13.0,1,2474.675,300,0.42212087570585344,0.07457440047998633,4,38456
1820,82,Ru,3.0,Pd,1.0,K,12.0,13.0,1,2474.675,350,0.9812991943331765,0.007274358480628834,3,38456
1823,82,Ru,3.0,Pd,1.0,K,12.0,13.0,1,2474.675,400,0.9811225082554013,0.007960871844506692,3,38456
1826,82,Ru,3.0,Pd,1.0,K,12.0,13.0,1,2474.675,450,0.9532710323007404,0.00404211869202213,3,38456
1830,83,Ru,2.0,Pd,2.0,K,12.0,14.0,1,2184.35,250,0.04367652446023123,0.027281723955615095,4,38456
1832,83,Ru,2.0,Pd,2.0,K,12.0,14.0,1,2184.35,300,0.24123938805402423,0.043865639268368985,4,38456
1838,83,Ru,2.0,Pd,2.0,K,12.0,14.0,1,2184.35,350,0.934159801436417,0.008944361039690544,3,38456
1841,83,Ru,2.0,Pd,2.0,K,12.0,14.0,1,2184.35,400,0.9836872775924187,0.009226583213990466,3,38456
1829,83,Ru,2.0,Pd,2.0,K,12.0,14.0,1,2184.35,450,0.9961139249513222,0.003886075048677773,2,38456
1890,84,Ru,1.0,Pd,3.0,K,12.0,3.0,1,2900.6565656565663,250,0.09084078155629349,0.012506725563449932,4,38456
1894,84,Ru,1.0,Pd,3.0,K,12.0,3.0,1,2900.6565656565663,300,0.14375291795045753,0.006306088198844469,2,38456
1896,84,Ru,1.0,Pd,3.0,K,12.0,3.0,1,2900.6565656565663,350,0.16379856162200432,0.011919881789600897,3,38456
2058,84,Ru,1.0,Pd,3.0,K,12.0,3.0,5,846.0,350,0.0890431937786073,0.015026590381204154,3,38456
2061,84,Ru,1.0,Pd,3.0,K,12.0,3.0,5,1410.0,350,0.07582425496544,0.0053778375947828635,3,38456
2064,84,Ru,1.0,Pd,3.0,K,12.0,3.0,5,1975.0,350,0.059303028460078684,0.015700019033314003,3,38456
2067,84,Ru,1.0,Pd,3.0,K,12.0,3.0,5,2539.0,350,0.04248792085417002,0.0002791222985159478,2,38456
1899,84,Ru,1.0,Pd,3.0,K,12.0,3.0,1,2900.6565656565663,400,0.33037932465325365,0.020480485346685732,3,38456
1902,84,Ru,1.0,Pd,3.0,K,12.0,3.0,1,2900.6565656565663,450,0.40007854900365564,0.008311390475906016,3,38456
1905,85,Ru,3.0,Mo,1.0,K,12.0,4.0,1,2271.25,250,0.12458194788514923,0.003637046464591669,4,35112
1909,85,Ru,3.0,Mo,1.0,K,12.0,4.0,1,2271.25,300,0.22344097906924398,0.008420629801172974,2,35112
1911,85,Ru,3.0,Mo,1.0,K,12.0,4.0,1,2271.25,350,0.3799260112018437,0.0013292668876372267,3,35112
2069,85,Ru,3.0,Mo,1.0,K,12.0,4.0,5,846.0,350,0.154181697133948,0.012750763300558493,3,35112
2072,85,Ru,3.0,Mo,1.0,K,12.0,4.0,5,1410.0,350,0.11853621100967733,0.005441585060004053,3,35112
2075,85,Ru,3.0,Mo,1.0,K,12.0,4.0,5,1975.0,350,0.09455464714157132,0.005631488337227322,3,35112
2078,85,Ru,3.0,Mo,1.0,K,12.0,4.0,5,2539.0,350,0.15874486550759298,0.0016373066328510405,2,35112
1914,85,Ru,3.0,Mo,1.0,K,12.0,4.0,1,2271.25,400,0.8959445731961752,0.006872150060412488,3,35112
1917,85,Ru,3.0,Mo,1.0,K,12.0,4.0,1,2271.25,450,1.0,0.0,3,35112
1920,86,Ru,2.0,Mo,2.0,K,12.0,5.0,1,2111.275,250,0.06999999999999995,0.0,4,35112
1924,86,Ru,2.0,Mo,2.0,K,12.0,5.0,1,2111.275,300,0.07729692459473347,0.007296924594733522,2,35112
1926,86,Ru,2.0,Mo,2.0,K,12.0,5.0,1,2111.275,350,0.09662115942300398,0.015133844397860386,3,35112
2080,86,Ru,2.0,Mo,2.0,K,12.0,5.0,5,846.0,350,0.0,0.0,3,35112
2083,86,Ru,2.0,Mo,2.0,K,12.0,5.0,5,1410.0,350,0.0,0.0,3,35112
2086,86,Ru,2.0,Mo,2.0,K,12.0,5.0,5,1975.0,350,0.0,0.0,3,35112
2089,86,Ru,2.0,Mo,2.0,K,12.0,5.0,5,2539.0,350,0.0,0.0,2,35112
1929,86,Ru,2.0,Mo,2.0,K,12.0,5.0,1,2111.275,400,0.2297270208853457,0.012611208810060453,3,35112
1932,86,Ru,2.0,Mo,2.0,K,12.0,5.0,1,2111.275,450,0.4563828522629804,0.006817982310392368,3,35112
1935,87,Ru,1.0,Mo,3.0,K,12.0,6.0,1,2536.212871287129,250,0.13355983404668878,0.005792034320777904,4,35112
1939,87,Ru,1.0,Mo,3.0,K,12.0,6.0,1,2536.212871287129,300,0.14914356369043302,0.0033205528623529985,2,35112
1941,87,Ru,1.0,Mo,3.0,K,12.0,6.0,1,2536.212871287129,350,0.20211936987674364,0.009103824063073198,3,35112
2091,87,Ru,1.0,Mo,3.0,K,12.0,6.0,5,846.0,350,0.0,0.0,3,35112
2094,87,Ru,1.0,Mo,3.0,K,12.0,6.0,5,1410.0,350,0.0,0.0,3,35112
2097,87,Ru,1.0,Mo,3.0,K,12.0,6.0,5,1975.0,350,0.0,0.0,3,35112
2100,87,Ru,1.0,Mo,3.0,K,12.0,6.0,5,2539.0,350,0.0,0.0,2,35112
1944,87,Ru,1.0,Mo,3.0,K,12.0,6.0,1,2536.212871287129,400,0.3681285737352156,0.009933124607581476,3,35112
1947,87,Ru,1.0,Mo,3.0,K,12.0,6.0,1,2536.212871287129,450,0.7079525474569421,0.00986069222334334,3,35112
1950,89,Ru,2.0,Ir,2.0,K,12.0,9.0,1,2537.039800995025,250,0.2674625306546662,0.003643697586678804,4,64372
1954,89,Ru,2.0,Ir,2.0,K,12.0,9.0,1,2537.039800995025,300,0.3002245046807015,0.00956599523846649,2,64372
1956,89,Ru,2.0,Ir,2.0,K,12.0,9.0,1,2537.039800995025,350,0.43865122139436935,0.009493348987056238,3,64372
2102,89,Ru,2.0,Ir,2.0,K,12.0,9.0,5,846.0,350,0.4380661901573906,0.017195430860252454,3,64372
2105,89,Ru,2.0,Ir,2.0,K,12.0,9.0,5,1410.0,350,0.307445034369696,0.006945312071893716,3,64372
2108,89,Ru,2.0,Ir,2.0,K,12.0,9.0,5,1975.0,350,0.24395965652998267,0.008920235407186144,3,64372
2111,89,Ru,2.0,Ir,2.0,K,12.0,9.0,5,2539.0,350,0.2977508007128,0.002214595516060014,2,64372
1959,89,Ru,2.0,Ir,2.0,K,12.0,9.0,1,2537.039800995025,400,0.8361871721637705,0.008001831797843523,3,64372
1962,89,Ru,2.0,Ir,2.0,K,12.0,9.0,1,2537.039800995025,450,1.0,0.0,3,64372
1965,90,Ru,1.0,Ir,3.0,K,12.0,10.0,1,2540.70351758794,250,0.22394779279371776,0.009214284215942857,4,64372
1969,90,Ru,1.0,Ir,3.0,K,12.0,10.0,1,2540.70351758794,300,0.2280695027582535,0.0126433324443605,2,64372
1971,90,Ru,1.0,Ir,3.0,K,12.0,10.0,1,2540.70351758794,350,0.22653734133573866,0.007856134606899337,3,64372
2113,90,Ru,1.0,Ir,3.0,K,12.0,10.0,5,846.0,350,0.158604086531868,0.004778835515904822,3,64372
2116,90,Ru,1.0,Ir,3.0,K,12.0,10.0,5,1410.0,350,0.12421786919966132,0.012641632361272493,3,64372
2119,90,Ru,1.0,Ir,3.0,K,12.0,10.0,5,1975.0,350,0.08485793634000734,0.00279306182359818,3,64372
2122,90,Ru,1.0,Ir,3.0,K,12.0,10.0,5,2539.0,350,0.13605168481040897,0.025033083559784942,2,64372
1974,90,Ru,1.0,Ir,3.0,K,12.0,10.0,1,2540.70351758794,400,0.37915208883869206,0.01820288932747498,3,64372
1977,90,Ru,1.0,Ir,3.0,K,12.0,10.0,1,2540.70351758794,450,0.8235300663597197,0.00709819192677448,3,64372
1980,91,Ru,3.0,Re,1.0,K,12.0,11.0,1,2911.15,250,0.09293198147357198,0.0021104177026029566,4,62700
1984,91,Ru,3.0,Re,1.0,K,12.0,11.0,1,2911.15,300,0.11760905902053148,0.009319238220427517,2,62700
1986,91,Ru,3.0,Re,1.0,K,12.0,11.0,1,2911.15,350,0.22185450035465867,0.012630568454552982,3,62700
2124,91,Ru,3.0,Re,1.0,K,12.0,11.0,5,846.0,350,0.10614883344422138,0.007456479412340849,3,62700
2127,91,Ru,3.0,Re,1.0,K,12.0,11.0,5,1410.0,350,0.03417363815035467,0.017466164106314623,3,62700
2130,91,Ru,3.0,Re,1.0,K,12.0,11.0,5,1975.0,350,0.0,0.0,3,62700
2133,91,Ru,3.0,Re,1.0,K,12.0,11.0,5,2539.0,350,0.180476665227404,0.008570522064844072,2,62700
1989,91,Ru,3.0,Re,1.0,K,12.0,11.0,1,2911.15,400,0.45411251684541365,0.009867696939871804,3,62700
1992,91,Ru,3.0,Re,1.0,K,12.0,11.0,1,2911.15,450,0.9303286398156997,0.0031463404938593363,3,62700
1995,92,Ru,2.0,Re,2.0,K,12.0,12.0,1,2627.3484848484845,250,0.07424647535087503,0.0021098510386936063,4,62700
1999,92,Ru,2.0,Re,2.0,K,12.0,12.0,1,2627.3484848484845,300,0.08066764570937945,0.0020650895729314995,2,62700
2001,92,Ru,2.0,Re,2.0,K,12.0,12.0,1,2627.3484848484845,350,0.1326796124417767,0.005607460446595855,3,62700
2135,92,Ru,2.0,Re,2.0,K,12.0,12.0,5,846.0,350,0.12426964810207668,0.01766719409559671,3,62700
2138,92,Ru,2.0,Re,2.0,K,12.0,12.0,5,1410.0,350,0.09012805626987064,0.00734968501834859,3,62700
2141,92,Ru,2.0,Re,2.0,K,12.0,12.0,5,1975.0,350,0.04221810518865995,0.012706216189208742,3,62700
2144,92,Ru,2.0,Re,2.0,K,12.0,12.0,5,2539.0,350,0.0,0.0,2,62700
2004,92,Ru,2.0,Re,2.0,K,12.0,12.0,1,2627.3484848484845,400,0.35864114510866624,0.00989618446531844,3,62700
2007,92,Ru,2.0,Re,2.0,K,12.0,12.0,1,2627.3484848484845,450,0.9143500091507812,0.00739010002473767,3,62700
2010,93,Ru,1.0,Re,3.0,K,12.0,14.0,1,2442.7114427860697,250,0.03324361117758398,0.01064540835026303,4,62700
2014,93,Ru,1.0,Re,3.0,K,12.0,14.0,1,2442.7114427860697,300,0.1061535388286205,0.018761215266648475,2,62700
2016,93,Ru,1.0,Re,3.0,K,12.0,14.0,1,2442.7114427860697,350,0.27243221412908064,0.007096817696892066,3,62700
2146,93,Ru,1.0,Re,3.0,K,12.0,14.0,5,846.0,350,0.3444827144948633,0.018417756475521463,3,62700
2149,93,Ru,1.0,Re,3.0,K,12.0,14.0,5,1410.0,350,0.240130684159942,0.006796865082415342,3,62700
2152,93,Ru,1.0,Re,3.0,K,12.0,14.0,5,1975.0,350,0.17718213551742604,0.011637149045558565,3,62700
2155,93,Ru,1.0,Re,3.0,K,12.0,14.0,5,2539.0,350,0.025996782306693066,0.003666339631821013,2,62700
2019,93,Ru,1.0,Re,3.0,K,12.0,14.0,1,2442.7114427860697,400,0.707539477269706,0.025198245371630335,3,62700
2022,93,Ru,1.0,Re,3.0,K,12.0,14.0,1,2442.7114427860697,450,0.9548104995472896,0.017861567203210724,3,62700
24,94,Ru,3.0,Os,1.0,K,12.0,0.0,1,2065.228426395939,250,0.1566730820754155,0.008079795946932403,4,63536
28,94,Ru,3.0,Os,1.0,K,12.0,0.0,1,2065.228426395939,300,0.28230258702549693,0.003751135175256964,2,63536
30,94,Ru,3.0,Os,1.0,K,12.0,0.0,1,2065.228426395939,350,0.8518130854916347,0.008638388528925048,3,63536
33,94,Ru,3.0,Os,1.0,K,12.0,0.0,1,2065.228426395939,400,1.0,0.0,3,63536
36,94,Ru,3.0,Os,1.0,K,12.0,0.0,1,2065.228426395939,450,1.0,0.0,3,63536
39,95,Ru,2.0,Os,2.0,K,12.0,1.0,1,2050.886699507389,250,0.145816768069677,0.005579905738342046,4,63536
43,95,Ru,2.0,Os,2.0,K,12.0,1.0,1,2050.886699507389,300,0.278879213306371,0.00036494755301000326,2,63536
45,95,Ru,2.0,Os,2.0,K,12.0,1.0,1,2050.886699507389,350,0.879119181946504,0.0036584140240000654,3,63536
48,95,Ru,2.0,Os,2.0,K,12.0,1.0,1,2050.886699507389,400,0.9996200743476934,0.00037992565230667485,3,63536
51,95,Ru,2.0,Os,2.0,K,12.0,1.0,1,2050.886699507389,450,1.0,0.0,3,63536
54,96,Ru,1.0,Os,3.0,K,12.0,2.0,1,2136.502463054187,250,0.1476776770349887,0.01099456859272232,4,63536
58,96,Ru,1.0,Os,3.0,K,12.0,2.0,1,2136.502463054187,300,0.34238343481340194,0.014066282384666921,2,63536
60,96,Ru,1.0,Os,3.0,K,12.0,2.0,1,2136.502463054187,350,0.8994259443781992,0.007263784254496555,3,63536
63,96,Ru,1.0,Os,3.0,K,12.0,2.0,1,2136.502463054187,400,0.9661248472441671,0.00626858748603368,3,63536
66,96,Ru,1.0,Os,3.0,K,12.0,2.0,1,2136.502463054187,450,0.9501577885785975,0.0007313315962104507,3,63536
69,97,Ru,3.0,Pt,1.0,K,12.0,4.0,1,1889.7425742574255,250,0.12458194788514923,0.003637046464591669,4,65208
73,97,Ru,3.0,Pt,1.0,K,12.0,4.0,1,1889.7425742574255,300,0.22344097906924398,0.008420629801172974,2,65208
75,97,Ru,3.0,Pt,1.0,K,12.0,4.0,1,1889.7425742574255,350,0.3799260112018437,0.0013292668876372267,3,65208
78,97,Ru,3.0,Pt,1.0,K,12.0,4.0,1,1889.7425742574255,400,0.8959445731961752,0.006872150060412488,3,65208
81,97,Ru,3.0,Pt,1.0,K,12.0,4.0,1,1889.7425742574255,450,1.0,0.0,3,65208
84,98,Ru,2.0,Pt,2.0,K,12.0,5.0,1,1770.4253731343285,250,0.045337279662851726,0.00520846400734156,4,65208
88,98,Ru,2.0,Pt,2.0,K,12.0,5.0,1,1770.4253731343285,300,0.07249731472230647,0.012096534467160523,2,65208
90,98,Ru,2.0,Pt,2.0,K,12.0,5.0,1,1770.4253731343285,350,0.09557004373274831,0.01606611368113859,3,65208
93,98,Ru,2.0,Pt,2.0,K,12.0,5.0,1,1770.4253731343285,400,0.2297270208853457,0.012611208810060453,3,65208
96,98,Ru,2.0,Pt,2.0,K,12.0,5.0,1,1770.4253731343285,450,0.4563828522629804,0.006817982310392368,3,65208
99,99,Ru,1.0,Pt,3.0,K,12.0,6.0,1,2223.85,250,0.13355983404668878,0.005792034320777904,4,65208
103,99,Ru,1.0,Pt,3.0,K,12.0,6.0,1,2223.85,300,0.14914356369043302,0.0033205528623529985,2,65208
105,99,Ru,1.0,Pt,3.0,K,12.0,6.0,1,2223.85,350,0.20211936987674364,0.009103824063073198,3,65208
108,99,Ru,1.0,Pt,3.0,K,12.0,6.0,1,2223.85,400,0.3681285737352156,0.009933124607581476,3,65208
111,99,Ru,1.0,Pt,3.0,K,12.0,6.0,1,2223.85,450,0.7079525474569421,0.00986069222334334,3,65208
114,100,Ru,3.0,Au,1.0,K,12.0,7.0,1,1892.6757425742576,250,0.244877163143324,0.0056551336388833895,4,66044
118,100,Ru,3.0,Au,1.0,K,12.0,7.0,1,1892.6757425742576,300,0.5870587105786245,0.0061828015517895185,2,66044
120,100,Ru,3.0,Au,1.0,K,12.0,7.0,1,1892.6757425742576,350,0.7281442331175173,0.004862808146074072,3,66044
123,100,Ru,3.0,Au,1.0,K,12.0,7.0,1,1892.6757425742576,400,0.7354706275507977,0.0032625283736747246,3,66044
126,100,Ru,3.0,Au,1.0,K,12.0,7.0,1,1892.6757425742576,450,0.7482903255106913,0.0019280832032746275,3,66044
129,101,Ru,2.0,Au,2.0,K,12.0,9.0,1,1951.730198019802,250,0.2674625306546662,0.003643697586678804,4,66044
133,101,Ru,2.0,Au,2.0,K,12.0,9.0,1,1951.730198019802,300,0.3002245046807015,0.00956599523846649,2,66044
135,101,Ru,2.0,Au,2.0,K,12.0,9.0,1,1951.730198019802,350,0.43865122139436935,0.009493348987056238,3,66044
138,101,Ru,2.0,Au,2.0,K,12.0,9.0,1,1951.730198019802,400,0.8361871721637705,0.008001831797843523,3,66044
141,101,Ru,2.0,Au,2.0,K,12.0,9.0,1,1951.730198019802,450,1.0,0.0,3,66044
144,102,Ru,1.0,Au,3.0,K,12.0,10.0,1,2197.5634517766503,250,0.22394779279371776,0.009214284215942857,4,66044
148,102,Ru,1.0,Au,3.0,K,12.0,10.0,1,2197.5634517766503,300,0.2280695027582535,0.0126433324443605,2,66044
150,102,Ru,1.0,Au,3.0,K,12.0,10.0,1,2197.5634517766503,350,0.22653734133573866,0.007856134606899337,3,66044
153,102,Ru,1.0,Au,3.0,K,12.0,10.0,1,2197.5634517766503,400,0.37915208883869206,0.01820288932747498,3,66044
156,102,Ru,1.0,Au,3.0,K,12.0,10.0,1,2197.5634517766503,450,0.8235300663597197,0.00709819192677448,3,66044
159,103,Ru,3.0,Nb,1.0,K,12.0,11.0,1,2342.4875621890546,250,0.09293198147357198,0.0021104177026029566,4,34276
163,103,Ru,3.0,Nb,1.0,K,12.0,11.0,1,2342.4875621890546,300,0.11760905902053148,0.009319238220427517,2,34276
165,103,Ru,3.0,Nb,1.0,K,12.0,11.0,1,2342.4875621890546,350,0.22185450035465867,0.012630568454552982,3,34276
168,103,Ru,3.0,Nb,1.0,K,12.0,11.0,1,2342.4875621890546,400,0.45411251684541365,0.009867696939871804,3,34276
171,103,Ru,3.0,Nb,1.0,K,12.0,11.0,1,2342.4875621890546,450,0.9303286398156997,0.0031463404938593363,3,34276
174,104,Ru,2.0,Nb,2.0,K,12.0,12.0,1,1986.7326732673264,250,0.07424647535087503,0.0021098510386936063,4,34276
178,104,Ru,2.0,Nb,2.0,K,12.0,12.0,1,1986.7326732673264,300,0.08066764570937945,0.0020650895729314995,2,34276
180,104,Ru,2.0,Nb,2.0,K,12.0,12.0,1,1986.7326732673264,350,0.1326796124417767,0.005607460446595855,3,34276
183,104,Ru,2.0,Nb,2.0,K,12.0,12.0,1,1986.7326732673264,400,0.35864114510866624,0.00989618446531844,3,34276
186,104,Ru,2.0,Nb,2.0,K,12.0,12.0,1,1986.7326732673264,450,0.9143500091507812,0.00739010002473767,3,34276
189,105,Ru,1.0,Nb,3.0,K,12.0,13.0,1,1956.4469696969693,250,0.1185929018159465,0.01185952731566548,4,34276
193,105,Ru,1.0,Nb,3.0,K,12.0,13.0,1,1956.4469696969693,300,0.16615866517031852,0.021057327846066533,2,34276
195,105,Ru,1.0,Nb,3.0,K,12.0,13.0,1,1956.4469696969693,350,0.12221833312381536,0.01855118328309532,3,34276
198,105,Ru,1.0,Nb,3.0,K,12.0,13.0,1,1956.4469696969693,400,0.142709084795228,0.008177045313480156,3,34276
201,105,Ru,1.0,Nb,3.0,K,12.0,13.0,1,1956.4469696969693,450,0.14327491376479332,0.01777781749803342,3,34276
1372,106,Ru,3.0,In,1.0,K,12.0,11.0,1,2401.1330049261082,250,0.15546940002838236,0.0037734472816129136,3,40964
1364,106,Ru,3.0,In,1.0,K,12.0,11.0,1,2401.1330049261082,300,0.21178127138152328,0.03360216946549991,3,40964
1366,106,Ru,3.0,In,1.0,K,12.0,11.0,1,2401.1330049261082,350,0.5428255781637499,0.03332083285970875,6,40964
1369,106,Ru,3.0,In,1.0,K,12.0,11.0,1,2401.1330049261082,400,0.9444880969248081,0.012512700826094892,3,40964
1387,107,Ru,2.0,In,2.0,K,12.0,12.0,1,2192.9310344827586,250,0.08840158862287,0.012340127326101933,3,40964
1379,107,Ru,2.0,In,2.0,K,12.0,12.0,1,2192.9310344827586,300,0.09359997858950464,0.01763102252784144,3,40964
1381,107,Ru,2.0,In,2.0,K,12.0,12.0,1,2192.9310344827586,350,0.07573590871176167,0.01241143130446766,6,40964
1384,107,Ru,2.0,In,2.0,K,12.0,12.0,1,2192.9310344827586,400,0.12124333807459797,0.012765253094508832,5,40964
1396,107,Ru,2.0,In,2.0,K,12.0,12.0,1,2192.9310344827586,450,0.197033105749058,,1,40964
1405,108,Ru,1.0,In,3.0,K,12.0,13.0,1,2268.817733990148,250,0.13278260739452533,0.012356638419475872,3,40964
1397,108,Ru,1.0,In,3.0,K,12.0,13.0,1,2268.817733990148,300,0.16893513724040501,0.017321362675461815,3,40964
1399,108,Ru,1.0,In,3.0,K,12.0,13.0,1,2268.817733990148,350,0.1762591894948257,0.00934001634625325,6,40964
1402,108,Ru,1.0,In,3.0,K,12.0,13.0,1,2268.817733990148,400,0.1777257695802254,0.011234128250617165,5,40964
1414,108,Ru,1.0,In,3.0,K,12.0,13.0,1,2268.817733990148,450,0.27088689763709195,,1,40964
1210,112,Ru,2.0,Fe,2.0,--,0.0,0.0,1,2182.375,250,0.192028827143785,0.007877532162556617,3,-1144
1202,112,Ru,2.0,Fe,2.0,--,0.0,0.0,1,2182.375,300,0.2268991280862327,0.005719348182747294,3,-1144
1204,112,Ru,2.0,Fe,2.0,--,0.0,0.0,1,2182.375,350,0.35116955489856716,0.006763802243481138,6,-1144
1207,112,Ru,2.0,Fe,2.0,--,0.0,0.0,1,2182.375,400,0.732661662732332,0.008945232596671699,5,-1144
1219,112,Ru,2.0,Fe,2.0,--,0.0,0.0,1,2182.375,450,1.0,,1,-1144
1228,113,Ru,2.0,Ni,2.0,--,0.0,1.0,1,2156.7000000000007,250,0.01960210012882735,0.009874854339808845,3,-1232
1220,113,Ru,2.0,Ni,2.0,--,0.0,1.0,1,2156.7000000000007,300,0.088563920932568,0.005939375014744296,3,-1232
1222,113,Ru,2.0,Ni,2.0,--,0.0,1.0,1,2156.7000000000007,350,0.13566275750334914,0.005966359220235288,6,-1232
1225,113,Ru,2.0,Ni,2.0,--,0.0,1.0,1,2156.7000000000007,400,0.3582080272852462,0.004661346244348804,5,-1232
1237,113,Ru,2.0,Ni,2.0,--,0.0,1.0,1,2156.7000000000007,450,0.7603274889282141,,1,-1232
1246,114,Ru,2.0,Co,2.0,--,0.0,3.0,1,2305.7881773399013,250,0.07640477510167099,0.0036889296321223034,3,-1188
1238,114,Ru,2.0,Co,2.0,--,0.0,3.0,1,2305.7881773399013,300,0.14989185486347834,0.018386753512223193,3,-1188
1240,114,Ru,2.0,Co,2.0,--,0.0,3.0,1,2305.7881773399013,350,0.2742546147015827,0.00960559222636273,6,-1188
1243,114,Ru,2.0,Co,2.0,--,0.0,3.0,1,2305.7881773399013,400,0.6047510922480175,0.009066707352292532,5,-1188
1255,114,Ru,2.0,Co,2.0,--,0.0,3.0,1,2305.7881773399013,450,0.9744170022045,,1,-1188
1264,115,Ru,2.0,Mn,2.0,--,0.0,4.0,1,1973.063725490196,250,0.127009865971536,0.008520433371973026,3,-1100
1256,115,Ru,2.0,Mn,2.0,--,0.0,4.0,1,1973.063725490196,300,0.1924418844057784,0.03669919964920705,3,-1100
1258,115,Ru,2.0,Mn,2.0,--,0.0,4.0,1,1973.063725490196,350,0.5400282904309178,0.006814363989572212,6,-1100
1261,115,Ru,2.0,Mn,2.0,--,0.0,4.0,1,1973.063725490196,400,0.9738847379675317,0.008088475638828791,5,-1100
1273,115,Ru,2.0,Mn,2.0,--,0.0,4.0,1,1973.063725490196,450,1.0,,1,-1100
1282,116,Ru,2.0,Os,2.0,--,0.0,5.0,1,1832.8,250,0.14899591778901333,0.0030319705026159195,3,-3344
1274,116,Ru,2.0,Os,2.0,--,0.0,5.0,1,1832.8,300,0.2671261724370753,0.023047795351334225,3,-3344
1276,116,Ru,2.0,Os,2.0,--,0.0,5.0,1,1832.8,350,0.6124791921205517,0.013798787169639016,6,-3344
1279,116,Ru,2.0,Os,2.0,--,0.0,5.0,1,1832.8,400,0.9459354680681467,0.0044588378505532825,5,-3344
1291,116,Ru,2.0,Os,2.0,--,0.0,5.0,1,1832.8,450,0.9720652495357822,,1,-3344
1300,117,Ru,2.0,Zn,2.0,--,0.0,6.0,1,2178.425,250,0.15259822192451566,0.00831462594685034,3,-1320
1292,117,Ru,2.0,Zn,2.0,--,0.0,6.0,1,2178.425,300,0.19537865012968636,0.012529160523788404,3,-1320
1294,117,Ru,2.0,Zn,2.0,--,0.0,6.0,1,2178.425,350,0.2578652771607994,0.006644477229185278,6,-1320
1297,117,Ru,2.0,Zn,2.0,--,0.0,6.0,1,2178.425,400,0.3962636043072886,0.004483220232176121,5,-1320
1309,117,Ru,2.0,Zn,2.0,--,0.0,6.0,1,2178.425,450,0.6465398525519199,,1,-1320
1318,118,Ru,2.0,Mo,2.0,--,0.0,7.0,1,2047.351485148515,250,0.0,0.0,3,-1848
1310,118,Ru,2.0,Mo,2.0,--,0.0,7.0,1,2047.351485148515,300,0.11621192354771233,0.015305888127590326,3,-1848
1312,118,Ru,2.0,Mo,2.0,--,0.0,7.0,1,2047.351485148515,350,0.4198775461457935,0.008560273731897257,6,-1848
1315,118,Ru,2.0,Mo,2.0,--,0.0,7.0,1,2047.351485148515,400,0.8228289127058146,0.008628636715311371,5,-1848
1327,118,Ru,2.0,Mo,2.0,--,0.0,7.0,1,2047.351485148515,450,0.8773939499765071,,1,-1848
1336,119,Ru,2.0,Rh,2.0,--,0.0,9.0,1,2283.960396039604,250,0.15264016382649934,0.006552168615827677,3,-1980
1328,119,Ru,2.0,Rh,2.0,--,0.0,9.0,1,2283.960396039604,300,0.24547800384192872,0.00715624983727105,3,-1980
1330,119,Ru,2.0,Rh,2.0,--,0.0,9.0,1,2283.960396039604,350,0.43997601999477903,0.00868133192390511,6,-1980
1333,119,Ru,2.0,Rh,2.0,--,0.0,9.0,1,2283.960396039604,400,0.8382849841166928,0.005879230108581445,5,-1980
1345,119,Ru,2.0,Rh,2.0,--,0.0,9.0,1,2283.960396039604,450,1.0,,1,-1980
1460,120,Ru,2.0,Pt,2.0,--,0.0,2.0,1,2165.170511534604,250,0.0027814847714693336,0.0014195376488305366,3,-3432
1463,120,Ru,2.0,Pt,2.0,--,0.0,2.0,1,2165.170511534604,300,0.07675449644144168,0.008221756106509402,3,-3432
1466,120,Ru,2.0,Pt,2.0,--,0.0,2.0,1,2165.170511534604,350,0.363596331612829,0.007008074441849345,3,-3432
1469,120,Ru,2.0,Pt,2.0,--,0.0,2.0,1,2165.170511534604,400,0.8211256033454922,0.0049139671855292074,3,-3432
1472,120,Ru,2.0,Pt,2.0,--,0.0,2.0,1,2165.170511534604,450,0.9131192187317921,0.010231077326165215,3,-3432
1475,121,Ru,2.0,Hf,2.0,--,0.0,3.0,1,2465.6505800231,250,0.063343948720058,0.004653701319355423,3,-3168
1478,121,Ru,2.0,Hf,2.0,--,0.0,3.0,1,2465.6505800231,300,0.12275925724988368,0.00523185364291687,3,-3168
1481,121,Ru,2.0,Hf,2.0,--,0.0,3.0,1,2465.6505800231,350,0.46999556997605163,0.004365274634167059,3,-3168
1484,121,Ru,2.0,Hf,2.0,--,0.0,3.0,1,2465.6505800231,400,0.9437279203382344,0.010658692158375727,3,-3168
1487,121,Ru,2.0,Hf,2.0,--,0.0,3.0,1,2465.6505800231,450,0.9560610846426206,0.0027872808626161036,3,-3168
1490,122,Ru,2.0,Ir,2.0,--,0.0,4.0,1,1961.76900216592,250,0.1164939875009147,0.0037648491565038197,3,-3388
1493,122,Ru,2.0,Ir,2.0,--,0.0,4.0,1,1961.76900216592,300,0.25033641076231467,0.0032522811987226665,3,-3388
1496,122,Ru,2.0,Ir,2.0,--,0.0,4.0,1,1961.76900216592,350,0.6298074485873766,0.013641464562003571,3,-3388
1499,122,Ru,2.0,Ir,2.0,--,0.0,4.0,1,1961.76900216592,400,1.0,0.0,3,-3388
1502,122,Ru,2.0,Ir,2.0,--,0.0,4.0,1,1961.76900216592,450,1.0,0.0,3,-3388
1505,123,Ru,2.0,Y,2.0,--,0.0,5.0,1,1829.3480996727922,250,0.029357520777608004,0.01423997217069781,3,-1716
1508,123,Ru,2.0,Y,2.0,--,0.0,5.0,1,1829.3480996727922,300,0.07592021348148033,0.010374370609792655,3,-1716
1511,123,Ru,2.0,Y,2.0,--,0.0,5.0,1,1829.3480996727922,350,0.4823589562121817,0.011377030652958791,3,-1716
1514,123,Ru,2.0,Y,2.0,--,0.0,5.0,1,1829.3480996727922,400,0.8017611532420675,0.0026422064740346607,3,-1716
1517,123,Ru,2.0,Y,2.0,--,0.0,5.0,1,1829.3480996727922,450,0.8452152734534599,0.015400820436146576,3,-1716
1520,124,Y,4.0,K,12.0,--,0.0,6.0,1,2333.99209486166,250,0.14850698511174568,0.0013295758091916691,3,-741
1523,124,Y,4.0,K,12.0,--,0.0,6.0,1,2333.99209486166,300,0.14130958203490637,0.0028362135751366694,3,-741
1526,124,Y,4.0,K,12.0,--,0.0,6.0,1,2333.99209486166,350,0.17660877076836598,0.009055736135185156,3,-741
1529,124,Y,4.0,K,12.0,--,0.0,6.0,1,2333.99209486166,400,0.21623829309457032,0.0131863234066793,3,-741
1532,124,Y,4.0,K,12.0,--,0.0,6.0,1,2333.99209486166,450,0.38117569212604846,0.011145290347628775,3,-741
1535,125,Y,4.0,-,0.0,--,0.0,7.0,1,1990.779357821215,250,0.17535000840396267,0.004556120675556058,3,39
1538,125,Y,4.0,-,0.0,--,0.0,7.0,1,1990.779357821215,300,0.17636659790278833,0.0036647740306470253,3,39
1541,125,Y,4.0,-,0.0,--,0.0,7.0,1,1990.779357821215,350,0.19406656833987299,0.01674074732262888,3,39
1544,125,Y,4.0,-,0.0,--,0.0,7.0,1,1990.779357821215,400,0.18883445302919533,0.005756179480763544,3,39
1547,125,Y,4.0,-,0.0,--,0.0,7.0,1,1990.779357821215,450,0.22123749205614232,0.010869969133259364,3,39
1550,126,Ru,1.0,Y,3.0,--,0.0,9.0,1,2232.9357522301293,250,0.18241125692366136,0.006451598832963477,3,-1716
1553,126,Ru,1.0,Y,3.0,--,0.0,9.0,1,2232.9357522301293,300,0.2864816886919417,0.003701274203591643,3,-1716
1556,126,Ru,1.0,Y,3.0,--,0.0,9.0,1,2232.9357522301293,350,0.6945474678011309,0.01186523222096232,3,-1716
1559,126,Ru,1.0,Y,3.0,--,0.0,9.0,1,2232.9357522301293,400,1.0,0.0,3,-1716
1562,126,Ru,1.0,Y,3.0,--,0.0,9.0,1,2232.9357522301293,450,1.0,0.0,3,-1716
227,171,Ru,3.0,Hf,1.0,K,10.0,0.0,1,2183.417085427136,250,0.05127906526048326,0.026052710737709654,4,60192
225,171,Ru,3.0,Hf,1.0,K,10.0,0.0,1,2183.417085427136,300,0.9222522898283898,0.0003229225415813941,2,60192
222,171,Ru,3.0,Hf,1.0,K,10.0,0.0,1,2183.417085427136,350,0.9938443290313576,0.00615567096864241,3,60192
219,171,Ru,3.0,Hf,1.0,K,10.0,0.0,1,2183.417085427136,400,1.0,0.0,3,60192
239,172,Ru,3.0,Sr,1.0,Cs,10.0,1.0,1,2183.417085427136,250,0.08312257087308328,0.019732326660462252,4,91960
237,172,Ru,3.0,Sr,1.0,Cs,10.0,1.0,1,2183.417085427136,300,0.3868447922738865,0.017089587396235506,2,91960
234,172,Ru,3.0,Sr,1.0,Cs,10.0,1.0,1,2183.417085427136,350,0.47651858097211597,0.009561008528214074,3,91960
231,172,Ru,3.0,Sr,1.0,Cs,10.0,1.0,1,2183.417085427136,400,0.824741755335013,0.027844634885235954,3,91960
251,173,Ru,3.0,Ca,1.0,Ba,20.0,2.0,1,2183.417085427136,250,0.1780633854466215,0.0152981963914579,4,49280
249,173,Ru,3.0,Ca,1.0,Ba,20.0,2.0,1,2183.417085427136,300,0.4290303539230975,0.02007282412903147,2,49280
246,173,Ru,3.0,Ca,1.0,Ba,20.0,2.0,1,2183.417085427136,350,0.7624809157822923,0.030485792224732283,3,49280
243,173,Ru,3.0,Ca,1.0,Ba,20.0,2.0,1,2183.417085427136,400,1.0,0.0,3,49280
263,174,Ru,3.0,Y,1.0,Na,20.0,3.0,1,2161.691542288557,250,0.010627262244301272,0.007080526193212089,4,18876
261,174,Ru,3.0,Y,1.0,Na,20.0,3.0,1,2161.691542288557,300,0.46255887931618356,0.014094768111382492,2,18876
258,174,Ru,3.0,Y,1.0,Na,20.0,3.0,1,2161.691542288557,350,0.7385219841046613,0.016567538897005036,3,18876
255,174,Ru,3.0,Y,1.0,Na,20.0,3.0,1,2161.691542288557,400,0.9998176865728304,0.00018231342716953,3,18876
275,175,Ru,3.0,Hf,1.0,Cs,5.0,4.0,1,2172.5,250,0.09469791908063671,0.014852390223660309,4,174240
273,175,Ru,3.0,Hf,1.0,Cs,5.0,4.0,1,2172.5,300,0.228009167496965,0.0027464805626929985,2,174240
270,175,Ru,3.0,Hf,1.0,Cs,5.0,4.0,1,2172.5,350,0.7587748025969212,0.00839335206240757,3,174240
267,175,Ru,3.0,Hf,1.0,Cs,5.0,4.0,1,2172.5,400,0.865556361237582,0.014440045209260765,3,174240
287,176,Ru,3.0,Mg,1.0,Rb,25.0,5.0,1,2161.691542288557,250,0.03011918193116575,0.021467089151855367,4,19536
285,176,Ru,3.0,Mg,1.0,Rb,25.0,5.0,1,2161.691542288557,300,0.14481107676522897,0.014496462133032016,2,19536
282,176,Ru,3.0,Mg,1.0,Rb,25.0,5.0,1,2161.691542288557,350,0.72908368726979,0.052006496824345966,3,19536
279,176,Ru,3.0,Mg,1.0,Rb,25.0,5.0,1,2161.691542288557,400,0.7979400400951228,0.010153197502680612,3,19536
299,177,Ru,3.0,Hf,1.0,Na,20.0,6.0,1,2183.417085427136,250,0.029339343521330746,0.018693654219803107,4,34848
297,177,Ru,3.0,Hf,1.0,Na,20.0,6.0,1,2183.417085427136,300,0.02803130544777449,0.028031305447774487,2,34848
294,177,Ru,3.0,Hf,1.0,Na,20.0,6.0,1,2183.417085427136,350,0.5690215424163756,0.008377361227992118,3,34848
291,177,Ru,3.0,Hf,1.0,Na,20.0,6.0,1,2183.417085427136,400,0.9544054881551362,0.015899154223318463,3,34848
311,178,Ru,3.0,Sr,1.0,Na,10.0,7.0,1,2140.3940886699506,250,0.05464930418214076,0.009359930745872012,4,18392
309,178,Ru,3.0,Sr,1.0,Na,10.0,7.0,1,2140.3940886699506,300,0.44867848919726905,0.0014575316944760162,2,18392
306,178,Ru,3.0,Sr,1.0,Na,10.0,7.0,1,2140.3940886699506,350,0.9591359472814948,0.026676329245672134,3,18392
303,178,Ru,3.0,Sr,1.0,Na,10.0,7.0,1,2140.3940886699506,400,0.9810296506705947,0.01167657557144478,3,18392
323,179,Ru,3.0,Y,1.0,Ba,15.0,9.0,1,2172.5,250,0.20238142934241776,0.013797791925251272,4,96096
321,179,Ru,3.0,Y,1.0,Ba,15.0,9.0,1,2172.5,300,0.4405131689685,0.027401247133289033,2,96096
318,179,Ru,3.0,Y,1.0,Ba,15.0,9.0,1,2172.5,350,0.8544899810467464,0.02809898883221346,3,96096
315,179,Ru,3.0,Y,1.0,Ba,15.0,9.0,1,2172.5,400,0.9748012370267144,0.013140352408176341,3,96096
359,180,Ru,3.0,Hf,1.0,K,5.0,13.0,1,2150.9900990099013,250,0.07697605206028951,0.01696427154463535,4,60192
357,180,Ru,3.0,Hf,1.0,K,5.0,13.0,1,2150.9900990099013,300,0.26087637325360347,0.040190050279675434,2,60192
354,180,Ru,3.0,Hf,1.0,K,5.0,13.0,1,2150.9900990099013,350,0.6326333884904404,0.036994183364914064,3,60192
351,180,Ru,3.0,Hf,1.0,K,5.0,13.0,1,2150.9900990099013,400,0.9707048150937592,0.015070964467676773,3,60192
335,181,Ru,3.0,Mg,1.0,Cs,25.0,11.0,1,2150.9900990099013,250,0.15478691297062652,0.0802390220899959,4,29040
333,181,Ru,3.0,Mg,1.0,Cs,25.0,11.0,1,2150.9900990099013,300,0.46815350811612055,0.015316083296751548,2,29040
330,181,Ru,3.0,Mg,1.0,Cs,25.0,11.0,1,2150.9900990099013,350,0.9586903773699141,0.020809650069540095,3,29040
327,181,Ru,3.0,Mg,1.0,Cs,25.0,11.0,1,2150.9900990099013,400,0.9485984513259295,0.0038863296293314606,3,29040
347,182,Ru,3.0,Hf,1.0,Rb,25.0,12.0,1,2150.9900990099013,250,0.012140174526963256,0.011963337165419977,4,117216
345,182,Ru,3.0,Hf,1.0,Rb,25.0,12.0,1,2150.9900990099013,300,0.358571798051735,0.007198893860589971,2,117216
342,182,Ru,3.0,Hf,1.0,Rb,25.0,12.0,1,2150.9900990099013,350,0.835503721213525,0.033757898200368334,3,117216
339,182,Ru,3.0,Hf,1.0,Rb,25.0,12.0,1,2150.9900990099013,400,0.8670730265322101,0.01360306543560292,3,117216
371,183,Ru,3.0,Ca,1.0,K,15.0,14.0,1,2183.417085427136,250,0.010578369750091743,0.010578369750091743,4,16720
369,183,Ru,3.0,Ca,1.0,K,15.0,14.0,1,2183.417085427136,300,0.3301920269754265,0.035169722173309485,2,16720
366,183,Ru,3.0,Ca,1.0,K,15.0,14.0,1,2183.417085427136,350,0.728766099511931,0.07110530992058131,3,16720
363,183,Ru,3.0,Ca,1.0,K,15.0,14.0,1,2183.417085427136,400,0.936663648954963,0.03173440818900354,3,16720
