,Ag Loading,Atomic Number_mad,Atomic Number_mean,Atomic Volume_wtavg,Atomic Weight_wtavg,Au Loading,Ba Loading,Bi Loading,Boiling Temperature_wtavg,Ca Loading,Cd Loading,Co Loading,Conductivity_mad,Conductivity_mean,Covalent Radius_wtavg,Cr Loading,Cu Loading,Density_wtavg,Dipole Polarizability_wtavg,Eighth Ionization Energy_mad,Eighth Ionization Energy_mean,Electron Affinity_wtavg,Electronegativity_mad,Electronegativity_mean,Fe Loading,Fifth Ionization Energy_mad,Fifth Ionization Energy_mean,First Ionization Energy_mad,First Ionization Energy_mean,Fourth Ionization Energy_mad,Fourth Ionization Energy_mean,Fusion Enthalpy_wtavg,GS Bandgap_mad,GS Bandgap_mean,GS Energy_mad,GS Energy_mean,Heat Capacity (Mass)_wtavg,Heat Capacity (Molar)_wtavg,Heat Fusion_wtavg,Hf Loading,In Loading,Ir Loading,IsAlkali_mad,IsAlkali_mean,IsDBlock_mad,IsDBlock_mean,IsFBlock_mad,IsFBlock_mean,IsMetal_mad,IsMetal_mean,IsMetalloid_mad,IsMetalloid_mean,IsNonmetal_mad,IsNonmetal_mean,K Loading,Melting Temperature_wtavg,Mendeleev Number_mad,Mendeleev Number_mean,Mg Loading,Mn Loading,Mo Loading,Nb Loading,Ni Loading,Number Unfilled Electrons_mad,Number Unfilled Electrons_mean,Number Valence Electrons_mad,Number Valence Electrons_mean,Number d-shell Unfilled Electrons_mad,Number d-shell Unfilled Electrons_mean,Number d-shell Valance Electrons_mad,Number d-shell Valance Electrons_mean,Number f-shell Unfilled Electrons_mad,Number f-shell Unfilled Electrons_mean,Number f-shell Valance Electrons_mad,Number f-shell Valance Electrons_mean,Number p-shell Unfilled Electrons_mad,Number p-shell Unfilled Electrons_mean,Number p-shell Valance Electrons_mad,Number p-shell Valance Electrons_mean,Number s-shell Unfilled Electrons_mad,Number s-shell Unfilled Electrons_mean,Number s-shell Valance Electrons_mad,Number s-shell Valance Electrons_mean,Os Loading,Pb Loading,Pd Loading,Periodic Table Column_mad,Periodic Table Column_mean,Periodic Table Row_mad,Periodic Table Row_mean,Polarizability_mad,Polarizability_mean,Pt Loading,Re Loading,Rh Loading,Ru Loading,Sc Loading,Second Ionization Energy_mad,Second Ionization Energy_mean,Seventh Ionization Energy_mad,Seventh Ionization Energy_mean,Sixth Ionization Energy_mad,Sixth Ionization Energy_mean,Sn Loading,Sr Loading,Third Ionization Energy_mad,Third Ionization Energy_mean,Ti Loading,V Loading,W Loading,Y Loading,Zn Loading,Zr Loading,Zunger Pseudopotential (d)_mad,Zunger Pseudopotential (d)_mean,Zunger Pseudopotential (p)_mad,Zunger Pseudopotential (p)_mean,Zunger Pseudopotential (pi)_mad,Zunger Pseudopotential (pi)_mean,Zunger Pseudopotential (s)_mad,Zunger Pseudopotential (s)_mean,Zunger Pseudopotential (sigma)_mad,Zunger Pseudopotential (sigma)_mean,ammonia_concentration,n_elements,phi_mad,phi_mean,reactor_number,space_velocity,temperature,Predictions
Predict_0,0.0,12.666666666666666,25.0,61.20287792515152,37.38997575757576,0.0,0.0,0.0,1215.0,0.0,0.0,0.0,20.555555555555557,125.16666666666667,186.24242424242425,0.0,0.0,1418.7272727272727,34.34101010181818,55.53999999999999,210.42,38.269696969696966,0.5044444444444446,1.4433333333333334,0.0,29.305000000000007,111.965,1.405646311111111,6.449132766666668,24.177750000000003,85.08775,4.923333333333333,0.0,0.0,3.499878914888889,-3.9448151976666668,0.8057575757575757,28.285212121212123,4.923333333333333,0.0,0.0,0.0,0.4444444444444445,0.6666666666666666,0.4444444444444444,0.3333333333333333,0.0,0.0,0.0,1.0,0.0,0.0,0.0,0.0,0.12,547.5066666666667,26.222222222222218,42.333333333333336,0.04,0.0,0.0,0.0,0.0,1.5555555555555556,1.6666666666666667,2.888888888888889,3.6666666666666665,1.3333333333333333,1.0,3.111111111111111,2.3333333333333335,0.0,0.0,0.0,0.0,0.0,0.0,0.0,0.0,0.4444444444444445,0.6666666666666666,0.4444444444444444,1.3333333333333333,0.0,0.0,0.0,2.888888888888889,3.6666666666666665,0.6666666666666666,4.0,14.687407406666665,21.19888889,0.0,0.0,0.0,0.005,0.0,6.992162222222221,21.141756666666666,53.730000000000004,171.29000000000002,43.67999999999999,143.07999999999998,0.0,0.0,19.113644444444443,51.47323333333333,0.0,0.0,0.0,0.0,0.0,0.0,0.04000000000000001,0.41000000000000003,0.38000000000000006,1.58,0.15,0.385,0.23,1.195,0.61,2.775,1.0,3.0,1.1333333333333335,3.7000000000000006,1.0,2000.0,300.0,0.4189726172274164
Predict_1,0.0,12.666666666666666,25.0,66.44157928034484,39.1948,0.0,0.0,0.0,1194.5862068965516,0.0,0.0,0.0,20.555555555555557,125.16666666666667,192.48275862068965,0.0,0.0,1374.6896551724137,37.59264367862069,55.53999999999999,210.42,43.54827586206896,0.5044444444444446,1.4433333333333334,0.0,29.305000000000007,111.965,1.405646311111111,6.449132766666668,24.177750000000003,85.08775,4.432758620689656,0.0,0.0,3.499878914888889,-3.9448151976666668,0.7757931034482758,28.756413793103455,4.432758620689656,0.0,0.0,0.0,0.4444444444444445,0.6666666666666666,0.4444444444444444,0.3333333333333333,0.0,0.0,0.0,1.0,0.0,0.0,0.0,0.0,0.12,495.71448275862065,26.222222222222218,42.333333333333336,0.02,0.0,0.0,0.0,0.0,1.5555555555555556,1.6666666666666667,2.888888888888889,3.6666666666666665,1.3333333333333333,1.0,3.111111111111111,2.3333333333333335,0.0,0.0,0.0,0.0,0.0,0.0,0.0,0.0,0.4444444444444445,0.6666666666666666,0.4444444444444444,1.3333333333333333,0.0,0.0,0.0,2.888888888888889,3.6666666666666665,0.6666666666666666,4.0,14.687407406666665,21.19888889,0.0,0.0,0.0,0.005,0.0,6.992162222222221,21.141756666666666,53.730000000000004,171.29000000000002,43.67999999999999,143.07999999999998,0.0,0.0,19.113644444444443,51.47323333333333,0.0,0.0,0.0,0.0,0.0,0.0,0.04000000000000001,0.41000000000000003,0.38000000000000006,1.58,0.15,0.385,0.23,1.195,0.61,2.775,1.0,3.0,1.1333333333333335,3.7000000000000006,1.0,2000.0,300.0,0.4313984497992498
Predict_2,0.0,10.888888888888891,27.666666666666668,65.98224621606062,41.21373333333334,0.0,0.0,0.0,1310.5151515151515,0.04,0.0,0.0,40.55555555555555,140.16666666666666,194.72727272727272,0.0,0.0,1373.1515151515152,37.96929292848485,3.819999999999993,151.06,38.844242424242424,0.5733333333333334,1.34,0.0,0.9200000000000017,83.58,1.064962977777778,5.938107766666666,3.1799999999999997,64.09,4.9378787878787875,0.0,0.0,3.409643969333333,-4.080167616,0.7146060606060606,28.54218181818182,4.9378787878787875,0.0,0.0,0.0,0.4444444444444445,0.6666666666666666,0.4444444444444444,0.3333333333333333,0.0,0.0,0.0,1.0,0.0,0.0,0.0,0.0,0.12,594.0521212121213,22.666666666666668,22.0,0.0,0.0,0.0,0.0,0.0,1.5555555555555556,1.6666666666666667,2.888888888888889,3.6666666666666665,1.3333333333333333,1.0,3.111111111111111,2.3333333333333335,0.0,0.0,0.0,0.0,0.0,0.0,0.0,0.0,0.4444444444444445,0.6666666666666666,0.4444444444444444,1.3333333333333333,0.0,0.0,0.0,2.888888888888889,3.6666666666666665,0.44444444444444436,4.333333333333333,11.361481482222223,26.187777776666668,0.0,0.0,0.0,0.005,0.0,7.695173333333332,20.087239999999998,4.82,122.38,4.689999999999998,104.09,0.0,0.0,8.839800000000002,41.7297,0.0,0.0,0.0,0.0,0.0,0.0,0.04222222222222224,0.3866666666666667,0.25777777777777766,1.763333333333333,0.12111111111111113,0.4283333333333334,0.13666666666666663,1.335,0.3944444444444444,3.098333333333333,1.0,3.0,1.3333333333333333,3.4,1.0,2000.0,300.0,0.43842076595300383
Predict_3,0.0,10.888888888888891,27.666666666666668,69.16087503206897,41.370386206896555,0.0,0.0,0.0,1248.9310344827586,0.02,0.0,0.0,40.55555555555555,140.16666666666666,197.31034482758622,0.0,0.0,1348.7586206896551,39.65701149379311,3.819999999999993,151.06,43.8751724137931,0.5733333333333334,1.34,0.0,0.9200000000000017,83.58,1.064962977777778,5.938107766666666,3.1799999999999997,64.09,4.441034482758621,0.0,0.0,3.409643969333333,-4.080167616,0.7239310344827586,28.902620689655176,4.441034482758621,0.0,0.0,0.0,0.4444444444444445,0.6666666666666666,0.4444444444444444,0.3333333333333333,0.0,0.0,0.0,1.0,0.0,0.0,0.0,0.0,0.12,522.1972413793103,22.666666666666668,22.0,0.0,0.0,0.0,0.0,0.0,1.5555555555555556,1.6666666666666667,2.888888888888889,3.6666666666666665,1.3333333333333333,1.0,3.111111111111111,2.3333333333333335,0.0,0.0,0.0,0.0,0.0,0.0,0.0,0.0,0.4444444444444445,0.6666666666666666,0.4444444444444444,1.3333333333333333,0.0,0.0,0.0,2.888888888888889,3.6666666666666665,0.44444444444444436,4.333333333333333,11.361481482222223,26.187777776666668,0.0,0.0,0.0,0.005,0.0,7.695173333333332,20.087239999999998,4.82,122.38,4.689999999999998,104.09,0.0,0.0,8.839800000000002,41.7297,0.0,0.0,0.0,0.0,0.0,0.0,0.04222222222222224,0.3866666666666667,0.25777777777777766,1.763333333333333,0.12111111111111113,0.4283333333333334,0.13666666666666663,1.335,0.3944444444444444,3.098333333333333,1.0,3.0,1.3333333333333333,3.4,1.0,2000.0,300.0,0.4323284306066706
Predict_4,0.0,10.666666666666666,28.0,61.636094366363636,42.396257454545456,0.0,0.0,0.0,1636.8181818181818,0.0,0.0,0.0,41.75555555555555,78.43333333333334,193.27272727272728,0.0,0.0,1721.030303030303,36.04606060606061,1.6099999999999994,156.49,42.65757575757575,0.49333333333333346,1.4600000000000002,0.0,4.4950000000000045,87.155,1.1645918666666664,6.0875511,6.289700000000003,67.1997,6.285757575757575,0.0,0.0,2.952237163111111,-5.5258954576666675,0.6954545454545454,28.443030303030305,6.285757575757575,0.0,0.0,0.0,0.4444444444444445,0.3333333333333333,0.4444444444444445,0.6666666666666666,0.0,0.0,0.0,1.0,0.0,0.0,0.0,0.0,0.12,763.5066666666667,21.777777777777775,23.333333333333332,0.0,0.0,0.0,0.0,0.0,2.8888888888888893,4.666666666666667,2.6666666666666665,4.0,3.3333333333333335,4.0,2.888888888888889,2.6666666666666665,0.0,0.0,0.0,0.0,0.0,0.0,0.0,0.0,0.4444444444444445,0.6666666666666666,0.4444444444444444,1.3333333333333333,0.0,0.0,0.0,2.6666666666666665,4.0,0.44444444444444436,4.333333333333333,13.124444444444444,23.543333333333333,0.0,0.0,0.0,0.005,0.04,7.4889399999999995,20.39659,10.219999999999999,127.78,5.640000000000001,105.04,0.0,0.0,8.530075555555557,33.010886666666664,0.0,0.0,0.0,0.0,0.0,0.0,0.04888888888888889,0.37666666666666665,0.29111111111111115,1.7133333333333336,0.1322222222222222,0.4116666666666666,0.15888888888888894,1.3016666666666667,0.45,3.015,1.0,3.0,1.1777777777777778,3.6333333333333333,1.0,2000.0,300.0,0.5280276701072502
Predict_5,0.0,10.666666666666666,28.0,66.68806449689656,42.04320165517242,0.0,0.0,0.0,1434.5862068965516,0.0,0.0,0.0,41.75555555555555,78.43333333333334,196.48275862068965,0.0,0.0,1546.6896551724137,38.56275862068965,1.6099999999999994,156.49,46.04482758620689,0.49333333333333346,1.4600000000000002,0.0,4.4950000000000045,87.155,1.1645918666666664,6.0875511,6.289700000000003,67.1997,5.207931034482758,0.0,0.0,2.952237163111111,-5.5258954576666675,0.7130344827586206,28.846206896551728,5.207931034482758,0.0,0.0,0.0,0.4444444444444445,0.3333333333333333,0.4444444444444445,0.6666666666666666,0.0,0.0,0.0,1.0,0.0,0.0,0.0,0.0,0.12,618.6110344827587,21.777777777777775,23.333333333333332,0.0,0.0,0.0,0.0,0.0,2.8888888888888893,4.666666666666667,2.6666666666666665,4.0,3.3333333333333335,4.0,2.888888888888889,2.6666666666666665,0.0,0.0,0.0,0.0,0.0,0.0,0.0,0.0,0.4444444444444445,0.6666666666666666,0.4444444444444444,1.3333333333333333,0.0,0.0,0.0,2.6666666666666665,4.0,0.44444444444444436,4.333333333333333,13.124444444444444,23.543333333333333,0.0,0.0,0.0,0.005,0.02,7.4889399999999995,20.39659,10.219999999999999,127.78,5.640000000000001,105.04,0.0,0.0,8.530075555555557,33.010886666666664,0.0,0.0,0.0,0.0,0.0,0.0,0.04888888888888889,0.37666666666666665,0.29111111111111115,1.7133333333333336,0.1322222222222222,0.4116666666666666,0.15888888888888894,1.3016666666666667,0.45,3.015,1.0,3.0,1.1777777777777778,3.6333333333333333,1.0,2000.0,300.0,0.4768822103323611
Predict_6,0.0,10.444444444444445,28.333333333333332,59.84870193969698,43.101975757575765,0.0,0.0,0.0,1747.6060606060605,0.0,0.0,0.0,41.31111111111111,78.76666666666667,190.84848484848484,0.0,0.0,2090.0,35.27030303030303,7.760000000000005,162.64,40.11212121212121,0.4666666666666666,1.5200000000000002,0.0,8.32,90.97999999999999,1.2238429777777775,6.1764277666666665,8.821399999999997,52.0886,6.297878787878788,0.0,0.0,3.2832847253333335,-6.022466801,0.6847878787878787,28.331515151515152,6.297878787878788,0.0,0.0,0.0,0.4444444444444445,0.3333333333333333,0.4444444444444445,0.6666666666666666,0.0,0.0,0.0,1.0,0.0,0.0,0.0,0.0,0.12,794.2945454545455,20.666666666666668,34.0,0.0,0.0,0.0,0.0,0.0,2.444444444444444,4.333333333333333,2.444444444444444,4.333333333333333,2.888888888888889,3.6666666666666665,2.6666666666666665,3.0,0.0,0.0,0.0,0.0,0.0,0.0,0.0,0.0,0.4444444444444445,0.6666666666666666,0.4444444444444444,1.3333333333333333,0.0,0.0,0.0,2.444444444444444,4.333333333333333,0.44444444444444436,4.333333333333333,13.835555555555553,22.476666666666663,0.0,0.0,0.0,0.005,0.0,7.3165555555555555,20.65516666666667,11.620000000000005,129.18,10.064999999999998,109.465,0.0,0.0,7.9222888888888905,33.92256666666667,0.04,0.0,0.0,0.0,0.0,0.0,0.05777777777777776,0.3666666666666667,0.31333333333333324,1.6799999999999997,0.13888888888888887,0.40166666666666667,0.17444444444444449,1.2783333333333333,0.4877777777777778,2.9583333333333335,1.0,3.0,1.0555555555555556,3.8166666666666664,1.0,2000.0,300.0,0.45021578665426193
Predict_7,0.0,10.444444444444445,28.333333333333332,65.67109984034484,42.444731034482764,0.0,0.0,0.0,1497.6206896551723,0.0,0.0,0.0,41.31111111111111,78.76666666666667,195.10344827586206,0.0,0.0,1756.6206896551723,38.12137931034483,7.760000000000005,162.64,44.59655172413793,0.4666666666666666,1.5200000000000002,0.0,8.32,90.97999999999999,1.2238429777777775,6.1764277666666665,8.821399999999997,52.0886,5.214827586206896,0.0,0.0,3.2832847253333335,-6.022466801,0.7069655172413792,28.782758620689656,5.214827586206896,0.0,0.0,0.0,0.4444444444444445,0.3333333333333333,0.4444444444444445,0.6666666666666666,0.0,0.0,0.0,1.0,0.0,0.0,0.0,0.0,0.12,636.128275862069,20.666666666666668,34.0,0.0,0.0,0.0,0.0,0.0,2.444444444444444,4.333333333333333,2.444444444444444,4.333333333333333,2.888888888888889,3.6666666666666665,2.6666666666666665,3.0,0.0,0.0,0.0,0.0,0.0,0.0,0.0,0.0,0.4444444444444445,0.6666666666666666,0.4444444444444444,1.3333333333333333,0.0,0.0,0.0,2.444444444444444,4.333333333333333,0.44444444444444436,4.333333333333333,13.835555555555553,22.476666666666663,0.0,0.0,0.0,0.005,0.0,7.3165555555555555,20.65516666666667,11.620000000000005,129.18,10.064999999999998,109.465,0.0,0.0,7.9222888888888905,33.92256666666667,0.02,0.0,0.0,0.0,0.0,0.0,0.05777777777777776,0.3666666666666667,0.31333333333333324,1.6799999999999997,0.13888888888888887,0.40166666666666667,0.17444444444444449,1.2783333333333333,0.4877777777777778,2.9583333333333335,1.0,3.0,1.0555555555555556,3.8166666666666664,1.0,2000.0,300.0,0.38117661747840464
Predict_8,0.0,10.222222222222223,28.666666666666668,58.92957007545455,43.8473090909091,0.0,0.0,0.0,1776.6969696969697,0.0,0.0,0.0,35.13333333333333,83.39999999999999,189.15151515151516,0.0,0.0,2478.6060606060605,34.736969696969695,9.260000000000005,164.14,50.53636363636363,0.48666666666666664,1.55,0.0,8.689149999999998,73.97085,1.205636311111111,6.1491177666666665,7.1005,53.8095,8.07969696969697,0.0,0.0,3.5419588520000005,-6.410477991,0.6763030303030302,28.290303030303036,8.07969696969697,0.0,0.0,0.0,0.4444444444444445,0.3333333333333333,0.4444444444444445,0.6666666666666666,0.0,0.0,0.0,1.0,0.0,0.0,0.0,0.0,0.12,852.9612121212122,21.333333333333332,35.0,0.0,0.0,0.0,0.0,0.0,2.0,4.0,2.444444444444444,4.666666666666667,2.4444444444444446,3.3333333333333335,2.4444444444444446,3.3333333333333335,0.0,0.0,0.0,0.0,0.0,0.0,0.0,0.0,0.4444444444444445,0.6666666666666666,0.4444444444444444,1.3333333333333333,0.0,0.0,0.0,2.444444444444444,4.666666666666667,0.44444444444444436,4.333333333333333,14.324444444444444,21.74333333333333,0.0,0.0,0.0,0.005,0.0,7.084888888888888,21.002666666666666,16.519999999999996,134.07999999999998,14.364999999999995,113.765,0.0,0.0,7.518000000000003,34.529,0.0,0.04,0.0,0.0,0.0,0.0,0.06666666666666665,0.36000000000000004,0.3333333333333332,1.6499999999999997,0.14555555555555552,0.3916666666666666,0.18777777777777782,1.2583333333333335,0.521111111111111,2.908333333333333,1.0,3.0,1.1444444444444446,3.966666666666667,1.0,2000.0,300.0,0.38002260064342835
Predict_9,0.0,10.222222222222223,28.666666666666668,65.14814550379312,42.86880000000001,0.0,0.0,0.0,1514.1724137931035,0.0,0.0,0.0,35.13333333333333,83.39999999999999,194.13793103448276,0.0,0.0,1977.7241379310344,37.81793103448276,9.260000000000005,164.14,50.52758620689655,0.48666666666666664,1.55,0.0,8.689149999999998,73.97085,1.205636311111111,6.1491177666666665,7.1005,53.8095,6.228620689655172,0.0,0.0,3.5419588520000005,-6.410477991,0.7021379310344827,28.75931034482759,6.228620689655172,0.0,0.0,0.0,0.4444444444444445,0.3333333333333333,0.4444444444444445,0.6666666666666666,0.0,0.0,0.0,1.0,0.0,0.0,0.0,0.0,0.12,669.5075862068966,21.333333333333332,35.0,0.0,0.0,0.0,0.0,0.0,2.0,4.0,2.444444444444444,4.666666666666667,2.4444444444444446,3.3333333333333335,2.4444444444444446,3.3333333333333335,0.0,0.0,0.0,0.0,0.0,0.0,0.0,0.0,0.4444444444444445,0.6666666666666666,0.4444444444444444,1.3333333333333333,0.0,0.0,0.0,2.444444444444444,4.666666666666667,0.44444444444444436,4.333333333333333,14.324444444444444,21.74333333333333,0.0,0.0,0.0,0.005,0.0,7.084888888888888,21.002666666666666,16.519999999999996,134.07999999999998,14.364999999999995,113.765,0.0,0.0,7.518000000000003,34.529,0.0,0.02,0.0,0.0,0.0,0.0,0.06666666666666665,0.36000000000000004,0.3333333333333332,1.6499999999999997,0.14555555555555552,0.3916666666666666,0.18777777777777782,1.2583333333333335,0.521111111111111,2.908333333333333,1.0,3.0,1.1444444444444446,3.966666666666667,1.0,2000.0,300.0,0.33716364354688105
Predict_10,0.0,10.0,29.0,58.504852317878786,44.1029696969697,0.0,0.0,0.0,1598.2727272727273,0.0,0.0,0.0,7.777777777777776,105.33333333333333,185.75757575757575,0.04,0.0,2728.3030303030305,34.54303030303031,14.909999999999997,169.79,53.85757575757575,0.49333333333333335,1.5600000000000003,0.0,6.600000000000001,76.06,1.2101518666666664,6.155891100000001,5.875,55.035,7.958484848484848,0.0,0.0,3.6678379297777775,-6.599296607666667,0.6666060606060605,27.9169696969697,7.958484848484848,0.0,0.0,0.0,0.4444444444444445,0.3333333333333333,0.4444444444444445,0.6666666666666666,0.0,0.0,0.0,1.0,0.0,0.0,0.0,0.0,0.12,852.2339393939394,22.0,36.0,0.0,0.0,0.0,0.0,0.0,1.777777777777778,3.6666666666666665,2.6666666666666665,5.0,1.777777777777778,2.6666666666666665,2.6666666666666665,4.0,0.0,0.0,0.0,0.0,0.0,0.0,0.0,0.0,0.0,1.0,0.0,1.0,0.0,0.0,0.0,2.6666666666666665,5.0,0.44444444444444436,4.333333333333333,14.50222222222222,21.476666666666663,0.0,0.0,0.0,0.005,0.0,6.6698444444444425,21.62523333333333,21.310000000000002,138.87,4.382550000000002,95.01745,0.0,0.0,7.151555555555558,35.07866666666667,0.0,0.0,0.0,0.0,0.0,0.0,0.07111111111111112,0.35666666666666663,0.32666666666666666,1.6600000000000001,0.13444444444444445,0.4083333333333334,0.1922222222222222,1.2516666666666667,0.5188888888888888,2.9116666666666666,1.0,3.0,1.2333333333333334,4.1000000000000005,1.0,2000.0,300.0,0.3060074575946429
Predict_11,0.0,10.0,29.0,64.90649574517242,43.01426206896552,0.0,0.0,0.0,1412.655172413793,0.0,0.0,0.0,7.777777777777776,105.33333333333333,192.20689655172413,0.02,0.0,2119.793103448276,37.70758620689655,14.909999999999997,169.79,52.41724137931034,0.49333333333333335,1.5600000000000003,0.0,6.600000000000001,76.06,1.2101518666666664,6.155891100000001,5.875,55.035,6.159655172413793,0.0,0.0,3.6678379297777775,-6.599296607666667,0.6966206896551723,28.546896551724142,6.159655172413793,0.0,0.0,0.0,0.4444444444444445,0.3333333333333333,0.4444444444444445,0.6666666666666666,0.0,0.0,0.0,1.0,0.0,0.0,0.0,0.0,0.12,669.0937931034483,22.0,36.0,0.0,0.0,0.0,0.0,0.0,1.777777777777778,3.6666666666666665,2.6666666666666665,5.0,1.777777777777778,2.6666666666666665,2.6666666666666665,4.0,0.0,0.0,0.0,0.0,0.0,0.0,0.0,0.0,0.0,1.0,0.0,1.0,0.0,0.0,0.0,2.6666666666666665,5.0,0.44444444444444436,4.333333333333333,14.50222222222222,21.476666666666663,0.0,0.0,0.0,0.005,0.0,6.6698444444444425,21.62523333333333,21.310000000000002,138.87,4.382550000000002,95.01745,0.0,0.0,7.151555555555558,35.07866666666667,0.0,0.0,0.0,0.0,0.0,0.0,0.07111111111111112,0.35666666666666663,0.32666666666666666,1.6600000000000001,0.13444444444444445,0.4083333333333334,0.1922222222222222,1.2516666666666667,0.5188888888888888,2.9116666666666666,1.0,3.0,1.2333333333333334,4.1000000000000005,1.0,2000.0,300.0,0.2651560990056668
Predict_12,0.0,9.777777777777777,29.333333333333332,58.53388674212122,44.81616848484848,0.0,0.0,0.0,1450.3939393939395,0.0,0.0,0.0,45.30666666666667,75.77,185.75757575757575,0.0,0.0,2808.3030303030305,34.00969696969697,19.810000000000002,174.69,38.269696969696966,0.4688888888888889,1.5233333333333334,0.0,5.1299999999999955,77.53,1.358487422222222,6.378394433333333,4.854999999999997,56.055,5.997272727272727,0.0,0.0,3.5600265320000006,-6.437579511,0.6738787878787879,28.6369696969697,5.997272727272727,0.0,0.0,0.0,0.4444444444444445,0.3333333333333333,0.4444444444444445,0.6666666666666666,0.0,0.0,0.0,1.0,0.0,0.0,0.0,0.0,0.12,691.9915151515152,22.666666666666668,37.0,0.0,0.04,0.0,0.0,0.0,1.5555555555555554,3.3333333333333335,2.8888888888888893,5.333333333333333,1.777777777777778,2.6666666666666665,2.6666666666666665,4.0,0.0,0.0,0.0,0.0,0.0,0.0,0.0,0.0,0.4444444444444445,0.6666666666666666,0.4444444444444444,1.3333333333333333,0.0,0.0,0.0,2.8888888888888893,5.333333333333333,0.44444444444444436,4.333333333333333,14.99111111111111,20.743333333333332,0.0,0.0,0.0,0.005,0.0,6.857777777777777,21.343333333333334,0.8214999999999932,118.38149999999999,1.9000000000000057,97.5,0.0,0.0,6.54977777777778,35.98133333333333,0.0,0.0,0.0,0.0,0.0,0.0,0.07999999999999999,0.35000000000000003,0.35777777777777775,1.6133333333333333,0.14777777777777779,0.38833333333333336,0.20999999999999996,1.2249999999999999,0.5677777777777777,2.8383333333333334,1.0,3.0,1.1888888888888889,4.033333333333334,1.0,2000.0,300.0,0.2923485142829921
Predict_13,0.0,9.777777777777777,29.333333333333332,64.92301533137932,43.4200475862069,0.0,0.0,0.0,1328.5172413793102,0.0,0.0,0.0,45.30666666666667,75.77,192.20689655172413,0.0,0.0,2165.310344827586,37.404137931034484,19.810000000000002,174.69,43.54827586206896,0.4688888888888889,1.5233333333333334,0.0,5.1299999999999955,77.53,1.358487422222222,6.378394433333333,4.854999999999997,56.055,5.043793103448277,0.0,0.0,3.5600265320000006,-6.437579511,0.7007586206896551,28.956551724137935,5.043793103448277,0.0,0.0,0.0,0.4444444444444445,0.3333333333333333,0.4444444444444445,0.6666666666666666,0.0,0.0,0.0,1.0,0.0,0.0,0.0,0.0,0.12,577.9213793103448,22.666666666666668,37.0,0.0,0.02,0.0,0.0,0.0,1.5555555555555554,3.3333333333333335,2.8888888888888893,5.333333333333333,1.777777777777778,2.6666666666666665,2.6666666666666665,4.0,0.0,0.0,0.0,0.0,0.0,0.0,0.0,0.0,0.4444444444444445,0.6666666666666666,0.4444444444444444,1.3333333333333333,0.0,0.0,0.0,2.8888888888888893,5.333333333333333,0.44444444444444436,4.333333333333333,14.99111111111111,20.743333333333332,0.0,0.0,0.0,0.005,0.0,6.857777777777777,21.343333333333334,0.8214999999999932,118.38149999999999,1.9000000000000057,97.5,0.0,0.0,6.54977777777778,35.98133333333333,0.0,0.0,0.0,0.0,0.0,0.0,0.07999999999999999,0.35000000000000003,0.35777777777777775,1.6133333333333333,0.14777777777777779,0.38833333333333336,0.20999999999999996,1.2249999999999999,0.5677777777777777,2.8383333333333334,1.0,3.0,1.1888888888888889,4.033333333333334,1.0,2000.0,300.0,0.33244769549989683
Predict_14,0.0,9.555555555555555,29.666666666666668,58.42834989363637,45.03603636363636,0.0,0.0,0.0,1644.3333333333333,0.0,0.0,0.0,13.044444444444446,99.96666666666665,184.06060606060606,0.0,0.0,2906.242424242424,33.767272727272726,1.9099999999999966,152.97,42.07575757575758,0.5311111111111111,1.616666666666667,0.04,3.8299999999999983,78.83,1.4625718666666667,6.5345211,3.0549999999999997,57.855,6.215454545454545,0.0,0.0,3.3966752231111115,-6.192552547666666,0.6666060606060605,28.341212121212124,6.215454545454545,0.0,0.0,0.0,0.4444444444444445,0.3333333333333333,0.4444444444444445,0.6666666666666666,0.0,0.0,0.0,1.0,0.0,0.0,0.0,0.0,0.12,762.779393939394,23.333333333333332,38.0,0.0,0.0,0.0,0.0,0.0,1.3333333333333333,3.0,3.1111111111111107,5.666666666666667,1.5555555555555554,2.3333333333333335,2.8888888888888893,4.333333333333333,0.0,0.0,0.0,0.0,0.0,0.0,0.0,0.0,0.4444444444444445,0.6666666666666666,0.4444444444444444,1.3333333333333333,0.0,0.0,0.0,3.1111111111111107,5.666666666666667,0.44444444444444436,4.333333333333333,15.213333333333333,20.41,0.0,0.0,0.0,0.005,0.0,6.736066666666665,21.525899999999996,3.710000000000001,121.27000000000001,0.15000000000000568,99.25,0.0,0.0,7.220000000000002,34.976,0.0,0.0,0.0,0.0,0.0,0.0,0.08444444444444443,0.3466666666666667,0.3733333333333333,1.5899999999999999,0.15444444444444447,0.37833333333333335,0.2188888888888889,1.2116666666666667,0.5922222222222221,2.8016666666666663,1.0,3.0,1.2955555555555556,4.193333333333333,1.0,2000.0,300.0,0.2515724549067501
Predict_15,0.0,9.555555555555555,29.666666666666668,64.86296850379311,43.54514482758621,0.0,0.0,0.0,1438.8620689655172,0.0,0.0,0.0,13.044444444444446,99.96666666666665,191.24137931034483,0.0,0.0,2221.0344827586205,37.26620689655172,1.9099999999999966,152.97,45.71379310344827,0.5311111111111111,1.616666666666667,0.02,3.8299999999999983,78.83,1.4625718666666667,6.5345211,3.0549999999999997,57.855,5.167931034482759,0.0,0.0,3.3966752231111115,-6.192552547666666,0.6966206896551723,28.78827586206897,5.167931034482759,0.0,0.0,0.0,0.4444444444444445,0.3333333333333333,0.4444444444444445,0.6666666666666666,0.0,0.0,0.0,1.0,0.0,0.0,0.0,0.0,0.12,618.1972413793104,23.333333333333332,38.0,0.0,0.0,0.0,0.0,0.0,1.3333333333333333,3.0,3.1111111111111107,5.666666666666667,1.5555555555555554,2.3333333333333335,2.8888888888888893,4.333333333333333,0.0,0.0,0.0,0.0,0.0,0.0,0.0,0.0,0.4444444444444445,0.6666666666666666,0.4444444444444444,1.3333333333333333,0.0,0.0,0.0,3.1111111111111107,5.666666666666667,0.44444444444444436,4.333333333333333,15.213333333333333,20.41,0.0,0.0,0.0,0.005,0.0,6.736066666666665,21.525899999999996,3.710000000000001,121.27000000000001,0.15000000000000568,99.25,0.0,0.0,7.220000000000002,34.976,0.0,0.0,0.0,0.0,0.0,0.0,0.08444444444444443,0.3466666666666667,0.3733333333333333,1.5899999999999999,0.15444444444444447,0.37833333333333335,0.2188888888888889,1.2116666666666667,0.5922222222222221,2.8016666666666663,1.0,3.0,1.2955555555555556,4.193333333333333,1.0,2000.0,300.0,0.2430443035884287
Predict_16,0.0,9.333333333333334,30.0,58.23889430818182,45.7846896969697,0.0,0.0,0.0,1660.3333333333333,0.0,0.0,0.04,7.0,106.5,182.6060606060606,0.0,0.0,3154.969696969697,33.54909090909091,1.460000000000008,156.34,53.71212121212121,0.5422222222222222,1.6333333333333335,0.0,1.5799999999999983,81.08,1.4578185333333336,6.5273911,4.805,56.105,6.794848484848485,0.0,0.0,3.128876286444445,-5.790854142666666,0.6598181818181819,28.270909090909093,6.794848484848485,0.0,0.0,0.0,0.4444444444444445,0.3333333333333333,0.4444444444444445,0.6666666666666666,0.0,0.0,0.0,1.0,0.0,0.0,0.0,0.0,0.12,752.3551515151515,24.0,39.0,0.0,0.0,0.0,0.0,0.0,1.1111111111111112,2.6666666666666665,3.3333333333333335,6.0,1.3333333333333333,2.0,3.1111111111111107,4.666666666666667,0.0,0.0,0.0,0.0,0.0,0.0,0.0,0.0,0.4444444444444445,0.6666666666666666,0.4444444444444444,1.3333333333333333,0.0,0.0,0.0,3.3333333333333335,6.0,0.44444444444444436,4.333333333333333,15.413333333333332,20.11,0.0,0.0,0.0,0.005,0.0,6.536888888888889,21.82466666666667,5.670000000000002,123.23,1.2999999999999972,100.7,0.0,0.0,6.587111111111113,35.925333333333334,0.0,0.0,0.0,0.0,0.0,0.0,0.0888888888888889,0.3433333333333333,0.38666666666666666,1.57,0.16111111111111112,0.36833333333333335,0.22555555555555554,1.2016666666666667,0.6122222222222221,2.7716666666666665,1.0,3.0,1.3333333333333333,4.25,1.0,2000.0,300.0,0.23638995343666672
Predict_17,0.0,9.333333333333334,30.0,64.7551748086207,43.971102758620695,0.0,0.0,0.0,1447.9655172413793,0.0,0.0,0.02,7.0,106.5,190.41379310344828,0.0,0.0,2362.551724137931,37.14206896551724,1.460000000000008,156.34,52.33448275862068,0.5422222222222222,1.6333333333333335,0.0,1.5799999999999983,81.08,1.4578185333333336,6.5273911,4.805,56.105,5.4975862068965515,0.0,0.0,3.128876286444445,-5.790854142666666,0.6927586206896552,28.74827586206897,5.4975862068965515,0.0,0.0,0.0,0.4444444444444445,0.3333333333333333,0.4444444444444445,0.6666666666666666,0.0,0.0,0.0,1.0,0.0,0.0,0.0,0.0,0.12,612.2662068965518,24.0,39.0,0.0,0.0,0.0,0.0,0.0,1.1111111111111112,2.6666666666666665,3.3333333333333335,6.0,1.3333333333333333,2.0,3.1111111111111107,4.666666666666667,0.0,0.0,0.0,0.0,0.0,0.0,0.0,0.0,0.4444444444444445,0.6666666666666666,0.4444444444444444,1.3333333333333333,0.0,0.0,0.0,3.3333333333333335,6.0,0.44444444444444436,4.333333333333333,15.413333333333332,20.11,0.0,0.0,0.0,0.005,0.0,6.536888888888889,21.82466666666667,5.670000000000002,123.23,1.2999999999999972,100.7,0.0,0.0,6.587111111111113,35.925333333333334,0.0,0.0,0.0,0.0,0.0,0.0,0.0888888888888889,0.3433333333333333,0.38666666666666666,1.57,0.16111111111111112,0.36833333333333335,0.22555555555555554,1.2016666666666667,0.6122222222222221,2.7716666666666665,1.0,3.0,1.3333333333333333,4.25,1.0,2000.0,300.0,0.24646080068173817
Predict_18,0.0,9.11111111111111,30.333333333333332,58.22566370454546,45.726557575757575,0.0,0.0,0.0,1656.939393939394,0.0,0.0,0.0,9.022222222222217,103.46666666666665,182.12121212121212,0.0,0.0,3156.909090909091,33.379393939393935,3.5600000000000023,158.44,65.42121212121211,0.5488888888888889,1.6433333333333335,0.0,3.299999999999997,79.36,1.4042163111111112,6.446987766666666,3.004999999999999,57.905,7.105151515151515,0.0,0.0,2.7879730475555555,-5.279499284333333,0.6653939393939393,28.576363636363638,7.105151515151515,0.0,0.0,0.0,0.4444444444444445,0.3333333333333333,0.4444444444444445,0.6666666666666666,0.0,0.0,0.0,1.0,0.0,0.0,0.0,0.0,0.12,742.6581818181819,24.666666666666668,40.0,0.0,0.0,0.0,0.0,0.04,1.1111111111111112,2.3333333333333335,3.555555555555556,6.333333333333333,1.111111111111111,1.6666666666666667,3.3333333333333335,5.0,0.0,0.0,0.0,0.0,0.0,0.0,0.0,0.0,0.4444444444444445,0.6666666666666666,0.4444444444444444,1.3333333333333333,0.0,0.0,0.0,3.555555555555556,6.333333333333333,0.44444444444444436,4.333333333333333,15.568888888888887,19.876666666666665,0.0,0.0,0.0,0.005,0.0,6.295813333333332,22.18628,7.719999999999999,125.28,4.299999999999997,103.7,0.0,0.0,6.211555555555559,36.48866666666667,0.0,0.0,0.0,0.0,0.0,0.0,0.09555555555555555,0.3383333333333334,0.36000000000000004,1.61,0.14333333333333334,0.395,0.2166666666666667,1.215,0.5766666666666665,2.8249999999999997,1.0,3.0,1.3555555555555554,4.283333333333334,1.0,2000.0,300.0,0.23141142670566672
Predict_19,0.0,9.11111111111111,30.333333333333332,64.74764705137932,43.9380275862069,0.0,0.0,0.0,1446.0344827586207,0.0,0.0,0.0,9.022222222222217,103.46666666666665,190.13793103448276,0.0,0.0,2363.655172413793,37.04551724137931,3.5600000000000023,158.44,58.99655172413792,0.5488888888888889,1.6433333333333335,0.0,3.299999999999997,79.36,1.4042163111111112,6.446987766666666,3.004999999999999,57.905,5.674137931034483,0.0,0.0,2.7879730475555555,-5.279499284333333,0.6959310344827586,28.922068965517244,5.674137931034483,0.0,0.0,0.0,0.4444444444444445,0.3333333333333333,0.4444444444444445,0.6666666666666666,0.0,0.0,0.0,1.0,0.0,0.0,0.0,0.0,0.12,606.7489655172415,24.666666666666668,40.0,0.0,0.0,0.0,0.0,0.02,1.1111111111111112,2.3333333333333335,3.555555555555556,6.333333333333333,1.111111111111111,1.6666666666666667,3.3333333333333335,5.0,0.0,0.0,0.0,0.0,0.0,0.0,0.0,0.0,0.4444444444444445,0.6666666666666666,0.4444444444444444,1.3333333333333333,0.0,0.0,0.0,3.555555555555556,6.333333333333333,0.44444444444444436,4.333333333333333,15.568888888888887,19.876666666666665,0.0,0.0,0.0,0.005,0.0,6.295813333333332,22.18628,7.719999999999999,125.28,4.299999999999997,103.7,0.0,0.0,6.211555555555559,36.48866666666667,0.0,0.0,0.0,0.0,0.0,0.0,0.09555555555555555,0.3383333333333334,0.36000000000000004,1.61,0.14333333333333334,0.395,0.2166666666666667,1.215,0.5766666666666665,2.8249999999999997,1.0,3.0,1.3555555555555554,4.283333333333334,1.0,2000.0,300.0,0.26839091651271435
Predict_20,0.0,8.88888888888889,30.666666666666668,58.441095823333335,46.90294545454546,0.0,0.0,0.0,1660.3333333333333,0.0,0.0,0.0,129.44444444444446,206.83333333333334,184.06060606060606,0.0,0.04,3159.818181818182,33.22181818181818,5.560000000000002,160.44,66.97272727272727,0.5466666666666667,1.64,0.0,1.4299999999999997,81.22999999999999,1.4234563111111111,6.475847766666667,1.764999999999997,59.144999999999996,6.164545454545454,0.0,0.0,3.024682801555556,-4.657609367666667,0.6510909090909092,28.181212121212127,6.164545454545454,0.0,0.0,0.0,0.4444444444444445,0.3333333333333333,0.4444444444444445,0.6666666666666666,0.0,0.0,0.0,1.0,0.0,0.0,0.0,0.0,0.12,652.9054545454545,25.333333333333332,41.0,0.0,0.0,0.0,0.0,0.0,1.3333333333333333,2.0,3.7777777777777772,6.666666666666667,1.3333333333333333,1.0,3.7777777777777772,5.666666666666667,0.0,0.0,0.0,0.0,0.0,0.0,0.0,0.0,0.0,1.0,0.0,1.0,0.0,0.0,0.0,3.7777777777777772,6.666666666666667,0.44444444444444436,4.333333333333333,15.713333333333333,19.66,0.0,0.0,0.0,0.005,0.0,5.8239111111111095,22.894133333333333,10.719999999999999,128.28,1.7999999999999972,101.2,0.0,0.0,5.844666666666671,37.03900000000001,0.0,0.0,0.0,0.0,0.0,0.0,0.10000000000000002,0.33499999999999996,0.3733333333333333,1.5899999999999999,0.13888888888888887,0.40166666666666667,0.23444444444444443,1.1883333333333332,0.6077777777777776,2.778333333333333,1.0,3.0,1.1888888888888889,4.033333333333334,1.0,2000.0,300.0,0.16693146141971432
Predict_21,0.0,8.88888888888889,30.666666666666668,64.87022049827587,44.60735172413794,0.0,0.0,0.0,1447.9655172413793,0.0,0.0,0.0,129.44444444444446,206.83333333333334,191.24137931034483,0.0,0.02,2365.310344827586,36.955862068965516,5.560000000000002,160.44,59.87931034482759,0.5466666666666667,1.64,0.0,1.4299999999999997,81.22999999999999,1.4234563111111111,6.475847766666667,1.764999999999997,59.144999999999996,5.138965517241379,0.0,0.0,3.024682801555556,-4.657609367666667,0.6877931034482758,28.69724137931035,5.138965517241379,0.0,0.0,0.0,0.4444444444444445,0.3333333333333333,0.4444444444444445,0.6666666666666666,0.0,0.0,0.0,1.0,0.0,0.0,0.0,0.0,0.12,555.6827586206896,25.333333333333332,41.0,0.0,0.0,0.0,0.0,0.0,1.3333333333333333,2.0,3.7777777777777772,6.666666666666667,1.3333333333333333,1.0,3.7777777777777772,5.666666666666667,0.0,0.0,0.0,0.0,0.0,0.0,0.0,0.0,0.0,1.0,0.0,1.0,0.0,0.0,0.0,3.7777777777777772,6.666666666666667,0.44444444444444436,4.333333333333333,15.713333333333333,19.66,0.0,0.0,0.0,0.005,0.0,5.8239111111111095,22.894133333333333,10.719999999999999,128.28,1.7999999999999972,101.2,0.0,0.0,5.844666666666671,37.03900000000001,0.0,0.0,0.0,0.0,0.0,0.0,0.10000000000000002,0.33499999999999996,0.3733333333333333,1.5899999999999999,0.13888888888888887,0.40166666666666667,0.23444444444444443,1.1883333333333332,0.6077777777777776,2.778333333333333,1.0,3.0,1.1888888888888889,4.033333333333334,1.0,2000.0,300.0,0.2054734991765357
Predict_22,0.0,8.666666666666666,31.0,59.25945747181819,47.347551515151515,0.0,0.0,0.0,1170.6363636363637,0.0,0.0,0.0,6.222222222222224,111.83333333333333,181.63636363636363,0.0,0.0,2728.3030303030305,30.32080808072727,9.560000000000002,164.44,38.269696969696966,0.4911111111111112,1.5566666666666666,0.0,0.030000000000001137,82.63,1.7940827555555554,7.031787433333334,0.754999999999999,60.155,4.581030303030303,0.0,0.0,3.5670505582222227,-3.8440577326666667,0.6518181818181817,28.411515151515157,4.581030303030303,0.0,0.0,0.0,0.4444444444444445,0.3333333333333333,0.4444444444444445,0.6666666666666666,0.0,0.0,0.0,1.0,0.0,0.0,0.0,0.0,0.12,491.67151515151517,26.444444444444446,42.666666666666664,0.0,0.0,0.0,0.0,0.0,1.5555555555555556,1.6666666666666667,4.0,7.0,1.3333333333333333,1.0,3.7777777777777772,5.666666666666667,0.0,0.0,0.0,0.0,0.0,0.0,0.0,0.0,0.4444444444444445,0.6666666666666666,0.4444444444444444,1.3333333333333333,0.0,0.0,0.0,4.0,7.0,0.44444444444444436,4.333333333333333,18.372592592666667,15.671111111,0.0,0.0,0.0,0.005,0.0,6.341246666666666,22.118129999999997,8.219999999999999,125.78,4.299999999999997,103.7,0.0,0.0,6.353111111111114,37.99966666666666,0.0,0.0,0.0,0.0,0.04,0.0,0.10444444444444445,0.33166666666666667,0.3955555555555555,1.5566666666666666,0.14777777777777779,0.38833333333333336,0.24777777777777776,1.1683333333333332,0.6433333333333332,2.7249999999999996,1.0,3.0,1.1111111111111112,3.9166666666666665,1.0,2000.0,300.0,0.18292947314819052
Predict_23,0.0,8.666666666666666,31.0,65.33584005689656,44.86031724137931,0.0,0.0,0.0,1169.344827586207,0.0,0.0,0.0,6.222222222222224,111.83333333333333,189.86206896551724,0.0,0.0,2119.793103448276,35.30528735627586,9.560000000000002,164.44,43.54827586206896,0.4911111111111112,1.5566666666666666,0.0,0.030000000000001137,82.63,1.7940827555555554,7.031787433333334,0.754999999999999,60.155,4.2379999999999995,0.0,0.0,3.5670505582222227,-3.8440577326666667,0.6882068965517241,28.82827586206897,4.2379999999999995,0.0,0.0,0.0,0.4444444444444445,0.3333333333333333,0.4444444444444445,0.6666666666666666,0.0,0.0,0.0,1.0,0.0,0.0,0.0,0.0,0.12,463.9462068965517,26.444444444444446,42.666666666666664,0.0,0.0,0.0,0.0,0.0,1.5555555555555556,1.6666666666666667,4.0,7.0,1.3333333333333333,1.0,3.7777777777777772,5.666666666666667,0.0,0.0,0.0,0.0,0.0,0.0,0.0,0.0,0.4444444444444445,0.6666666666666666,0.4444444444444444,1.3333333333333333,0.0,0.0,0.0,4.0,7.0,0.44444444444444436,4.333333333333333,18.372592592666667,15.671111111,0.0,0.0,0.0,0.005,0.0,6.341246666666666,22.118129999999997,8.219999999999999,125.78,4.299999999999997,103.7,0.0,0.0,6.353111111111114,37.99966666666666,0.0,0.0,0.0,0.0,0.02,0.0,0.10444444444444445,0.33166666666666667,0.3955555555555555,1.5566666666666666,0.14777777777777779,0.38833333333333336,0.24777777777777776,1.1683333333333332,0.6433333333333332,2.7249999999999996,1.0,3.0,1.1111111111111112,3.9166666666666665,1.0,2000.0,300.0,0.21445665363407143
Predict_24,0.0,9.777777777777779,33.666666666666664,68.9848991809091,52.739066666666666,0.0,0.0,0.0,1285.7878787878788,0.0,0.0,0.0,33.044444444444444,84.96666666666667,199.33333333333334,0.0,0.0,1634.969696969697,37.92484848484848,16.29,138.59,39.489090909090905,0.5844444444444447,1.3233333333333335,0.0,5.530000000000001,77.13,1.0412192666666666,5.7986711,1.9549999999999983,58.955,4.668787878787879,0.0,0.0,3.4686475171111115,-3.991662294333333,0.6319393939393939,28.750909090909094,4.668787878787879,0.0,0.0,0.0,0.4444444444444445,0.6666666666666666,0.4444444444444444,0.3333333333333333,0.0,0.0,0.0,1.0,0.0,0.0,0.0,0.0,0.12,578.2945454545455,22.444444444444443,22.333333333333332,0.0,0.0,0.0,0.0,0.0,1.5555555555555556,1.6666666666666667,2.888888888888889,3.6666666666666665,1.3333333333333333,1.0,3.111111111111111,2.3333333333333335,0.0,0.0,0.0,0.0,0.0,0.0,0.0,0.0,0.4444444444444445,0.6666666666666666,0.4444444444444444,1.3333333333333333,0.0,0.0,0.0,2.888888888888889,3.6666666666666665,0.44444444444444436,4.666666666666667,11.402222222222221,26.126666666666665,0.0,0.0,0.0,0.005,0.0,7.8822,19.806700000000003,5.780000000000001,111.78,4.300000000000004,95.1,0.0,0.04,7.056888888888892,39.05533333333333,0.0,0.0,0.0,0.0,0.0,0.0,0.0991111111111111,0.4843333333333333,0.2333333333333333,1.8,0.11888888888888888,0.43166666666666664,0.14888888888888885,1.3683333333333334,0.37555555555555564,3.168333333333333,1.0,3.0,1.366666666666667,3.35,1.0,2000.0,300.0,0.5737164286190477
Predict_25,0.0,9.777777777777779,33.666666666666664,70.86928102931036,47.92790344827586,0.0,0.0,0.0,1234.8620689655172,0.0,0.0,0.0,33.044444444444444,84.96666666666667,199.93103448275863,0.0,0.0,1497.7241379310344,39.63172413793103,16.29,138.59,44.24206896551724,0.5844444444444447,1.3233333333333335,0.0,5.530000000000001,77.13,1.0412192666666666,5.7986711,1.9549999999999983,58.955,4.287931034482758,0.0,0.0,3.4686475171111115,-3.991662294333333,0.6768965517241379,29.02137931034483,4.287931034482758,0.0,0.0,0.0,0.4444444444444445,0.6666666666666666,0.4444444444444444,0.3333333333333333,0.0,0.0,0.0,1.0,0.0,0.0,0.0,0.0,0.12,513.231724137931,22.444444444444443,22.333333333333332,0.0,0.0,0.0,0.0,0.0,1.5555555555555556,1.6666666666666667,2.888888888888889,3.6666666666666665,1.3333333333333333,1.0,3.111111111111111,2.3333333333333335,0.0,0.0,0.0,0.0,0.0,0.0,0.0,0.0,0.4444444444444445,0.6666666666666666,0.4444444444444444,1.3333333333333333,0.0,0.0,0.0,2.888888888888889,3.6666666666666665,0.44444444444444436,4.666666666666667,11.402222222222221,26.126666666666665,0.0,0.0,0.0,0.005,0.0,7.8822,19.806700000000003,5.780000000000001,111.78,4.300000000000004,95.1,0.0,0.02,7.056888888888892,39.05533333333333,0.0,0.0,0.0,0.0,0.0,0.0,0.0991111111111111,0.4843333333333333,0.2333333333333333,1.8,0.11888888888888888,0.43166666666666664,0.14888888888888885,1.3683333333333334,0.37555555555555564,3.168333333333333,1.0,3.0,1.366666666666667,3.35,1.0,2000.0,300.0,0.5382208879547146
Predict_26,0.0,10.0,34.0,63.57643423545454,53.05078787878789,0.0,0.0,0.0,1761.6666666666667,0.0,0.0,0.0,41.13333333333333,78.89999999999999,198.12121212121212,0.0,0.0,2081.5151515151515,37.233939393939394,12.939999999999998,141.94,45.44545454545454,0.5244444444444446,1.4133333333333333,0.0,2.8299999999999983,79.83,1.0881052,5.9728211,0.15649999999999764,60.7535,5.628787878787879,0.0,0.0,2.992034204222223,-5.585591019333333,0.63,28.687878787878788,5.628787878787879,0.0,0.0,0.0,0.4444444444444445,0.3333333333333333,0.4444444444444445,0.6666666666666666,0.0,0.0,0.0,1.0,0.0,0.0,0.0,0.0,0.12,759.870303030303,21.555555555555557,23.666666666666668,0.0,0.0,0.0,0.0,0.0,2.8888888888888893,4.666666666666667,2.6666666666666665,4.0,3.3333333333333335,4.0,2.888888888888889,2.6666666666666665,0.0,0.0,0.0,0.0,0.0,0.0,0.0,0.0,0.4444444444444445,0.6666666666666666,0.4444444444444444,1.3333333333333333,0.0,0.0,0.0,2.6666666666666665,4.0,0.44444444444444436,4.666666666666667,12.035555555555556,25.176666666666666,0.0,0.0,0.0,0.005,0.0,7.616888888888888,20.204666666666668,0.7800000000000011,116.78,3.200000000000003,96.2,0.0,0.0,9.471555555555556,31.598666666666663,0.0,0.0,0.0,0.04,0.0,0.0,0.07555555555555553,0.4666666666666666,0.2711111111111111,1.7433333333333334,0.13444444444444445,0.4083333333333334,0.13666666666666663,1.335,0.40777777777777774,3.078333333333333,1.0,3.0,1.188888888888889,3.616666666666667,1.0,2000.0,300.0,0.7895790482131193
Predict_27,0.0,10.0,34.0,67.79205097413794,48.105262068965516,0.0,0.0,0.0,1505.6206896551723,0.0,0.0,0.0,41.13333333333333,78.89999999999999,199.24137931034483,0.0,0.0,1751.7931034482758,39.23862068965518,12.939999999999998,141.94,47.63103448275862,0.5244444444444446,1.4133333333333333,0.0,2.8299999999999983,79.83,1.0881052,5.9728211,0.15649999999999764,60.7535,4.8341379310344825,0.0,0.0,2.992034204222223,-5.585591019333333,0.6757931034482758,28.985517241379316,4.8341379310344825,0.0,0.0,0.0,0.4444444444444445,0.3333333333333333,0.4444444444444445,0.6666666666666666,0.0,0.0,0.0,1.0,0.0,0.0,0.0,0.0,0.12,616.5420689655173,21.555555555555557,23.666666666666668,0.0,0.0,0.0,0.0,0.0,2.8888888888888893,4.666666666666667,2.6666666666666665,4.0,3.3333333333333335,4.0,2.888888888888889,2.6666666666666665,0.0,0.0,0.0,0.0,0.0,0.0,0.0,0.0,0.4444444444444445,0.6666666666666666,0.4444444444444444,1.3333333333333333,0.0,0.0,0.0,2.6666666666666665,4.0,0.44444444444444436,4.666666666666667,12.035555555555556,25.176666666666666,0.0,0.0,0.0,0.005,0.0,7.616888888888888,20.204666666666668,0.7800000000000011,116.78,3.200000000000003,96.2,0.0,0.0,9.471555555555556,31.598666666666663,0.0,0.0,0.0,0.02,0.0,0.0,0.07555555555555553,0.4666666666666666,0.2711111111111111,1.7433333333333334,0.13444444444444445,0.4083333333333334,0.13666666666666663,1.335,0.40777777777777774,3.078333333333333,1.0,3.0,1.188888888888889,3.616666666666667,1.0,2000.0,300.0,0.556166857050516
Predict_28,0.0,10.222222222222221,34.333333333333336,61.213459784545456,53.61276363636364,0.0,0.0,0.0,2019.6060606060605,0.0,0.0,0.0,38.68888888888889,80.73333333333333,194.4848484848485,0.0,0.0,2575.818181818182,36.07030303030303,0.0,154.88,48.23333333333333,0.5000000000000001,1.4500000000000002,0.0,1.1559999999999988,81.50399999999999,1.1806829777777779,6.111687766666666,13.284999999999997,47.625,7.958484848484848,0.0,0.0,3.4545583775555557,-6.279377279333333,0.6251515151515151,28.40424242424243,7.958484848484848,0.0,0.0,0.0,0.4444444444444445,0.3333333333333333,0.4444444444444445,0.6666666666666666,0.0,0.0,0.0,1.0,0.0,0.0,0.0,0.0,0.12,839.6278787878788,20.88888888888889,34.333333333333336,0.0,0.0,0.0,0.0,0.0,2.444444444444444,4.333333333333333,2.444444444444444,4.333333333333333,2.888888888888889,3.6666666666666665,2.6666666666666665,3.0,0.0,0.0,0.0,0.0,0.0,0.0,0.0,0.0,0.4444444444444445,0.6666666666666666,0.4444444444444444,1.3333333333333333,0.0,0.0,0.0,2.444444444444444,4.333333333333333,0.44444444444444436,4.666666666666667,13.102222222222219,23.576666666666664,0.0,0.0,0.0,0.005,0.0,7.422222222222222,20.496666666666666,0.0,117.56,0.0,99.4,0.0,0.0,8.922666666666668,32.422,0.0,0.0,0.0,0.0,0.0,0.04,0.05777777777777778,0.4533333333333333,0.28444444444444444,1.7233333333333334,0.13555555555555557,0.4066666666666667,0.14888888888888893,1.3166666666666667,0.4333333333333331,3.0399999999999996,1.0,3.0,1.1333333333333335,3.7000000000000006,1.0,2000.0,300.0,0.7411712651124164
Predict_29,0.0,10.222222222222221,34.333333333333336,66.44759999344828,48.42500689655172,0.0,0.0,0.0,1652.3793103448277,0.0,0.0,0.0,38.68888888888889,80.73333333333333,197.17241379310346,0.0,0.0,2033.0344827586207,38.57655172413793,0.0,154.88,49.217241379310344,0.5000000000000001,1.4500000000000002,0.0,1.1559999999999988,81.50399999999999,1.1806829777777779,6.111687766666666,13.284999999999997,47.625,6.159655172413793,0.0,0.0,3.4545583775555557,-6.279377279333333,0.6730344827586208,28.824137931034485,6.159655172413793,0.0,0.0,0.0,0.4444444444444445,0.3333333333333333,0.4444444444444445,0.6666666666666666,0.0,0.0,0.0,1.0,0.0,0.0,0.0,0.0,0.12,661.9213793103448,20.88888888888889,34.333333333333336,0.0,0.0,0.0,0.0,0.0,2.444444444444444,4.333333333333333,2.444444444444444,4.333333333333333,2.888888888888889,3.6666666666666665,2.6666666666666665,3.0,0.0,0.0,0.0,0.0,0.0,0.0,0.0,0.0,0.4444444444444445,0.6666666666666666,0.4444444444444444,1.3333333333333333,0.0,0.0,0.0,2.444444444444444,4.333333333333333,0.44444444444444436,4.666666666666667,13.102222222222219,23.576666666666664,0.0,0.0,0.0,0.005,0.0,7.422222222222222,20.496666666666666,0.0,117.56,0.0,99.4,0.0,0.0,8.922666666666668,32.422,0.0,0.0,0.0,0.0,0.0,0.02,0.05777777777777778,0.4533333333333333,0.28444444444444444,1.7233333333333334,0.13555555555555557,0.4066666666666667,0.14888888888888893,1.3166666666666667,0.4333333333333331,3.0399999999999996,1.0,3.0,1.1333333333333335,3.7000000000000006,1.0,2000.0,300.0,0.5957291336943927
Predict_30,0.0,10.444444444444445,34.666666666666664,59.93738456272728,54.02061333333334,0.0,0.0,0.0,2100.818181818182,0.0,0.0,0.0,24.91111111111111,91.06666666666666,191.8181818181818,0.0,0.0,3074.969696969697,35.5369696969697,0.0,154.88,59.142424242424234,0.48000000000000015,1.54,0.0,16.055,66.60499999999999,1.2084496444444444,6.153337766666667,11.305,49.605,10.140303030303032,0.0,0.0,3.7984168164444454,-6.795164937666667,0.622,28.220000000000002,10.140303030303032,0.0,0.0,0.0,0.4444444444444445,0.3333333333333333,0.4444444444444445,0.6666666666666666,0.0,0.0,0.0,1.0,0.0,0.0,0.0,0.0,0.12,990.4157575757577,21.555555555555554,35.333333333333336,0.0,0.0,0.0,0.04,0.0,2.0,4.0,2.444444444444444,4.666666666666667,2.0,3.0,2.4444444444444446,3.6666666666666665,0.0,0.0,0.0,0.0,0.0,0.0,0.0,0.0,0.0,1.0,0.0,1.0,0.0,0.0,0.0,2.444444444444444,4.666666666666667,0.44444444444444436,4.666666666666667,13.591111111111111,22.843333333333334,0.0,0.0,0.0,0.005,0.0,7.222222222222221,20.796666666666667,3.719999999999999,121.28,1.3284999999999982,100.7285,0.0,0.0,8.467111111111114,33.105333333333334,0.0,0.0,0.0,0.0,0.0,0.0,0.04888888888888889,0.44333333333333336,0.29111111111111115,1.7133333333333336,0.13444444444444445,0.4083333333333334,0.15666666666666665,1.305,0.4477777777777778,3.018333333333333,1.0,3.0,1.1,3.9,1.0,2000.0,300.0,0.5889113369030475
Predict_31,0.0,10.444444444444445,34.666666666666664,65.7215571948276,48.65705931034483,0.0,0.0,0.0,1698.5862068965516,0.0,0.0,0.0,24.91111111111111,91.06666666666666,195.6551724137931,0.0,0.0,2317.0344827586205,38.27310344827586,0.0,154.88,55.42413793103448,0.48000000000000015,1.54,0.0,16.055,66.60499999999999,1.2084496444444444,6.153337766666667,11.305,49.605,7.401034482758621,0.0,0.0,3.7984168164444454,-6.795164937666667,0.6712413793103449,28.71931034482759,7.401034482758621,0.0,0.0,0.0,0.4444444444444445,0.3333333333333333,0.4444444444444445,0.6666666666666666,0.0,0.0,0.0,1.0,0.0,0.0,0.0,0.0,0.12,747.7144827586208,21.555555555555554,35.333333333333336,0.0,0.0,0.0,0.02,0.0,2.0,4.0,2.444444444444444,4.666666666666667,2.0,3.0,2.4444444444444446,3.6666666666666665,0.0,0.0,0.0,0.0,0.0,0.0,0.0,0.0,0.0,1.0,0.0,1.0,0.0,0.0,0.0,2.444444444444444,4.666666666666667,0.44444444444444436,4.666666666666667,13.591111111111111,22.843333333333334,0.0,0.0,0.0,0.005,0.0,7.222222222222221,20.796666666666667,3.719999999999999,121.28,1.3284999999999982,100.7285,0.0,0.0,8.467111111111114,33.105333333333334,0.0,0.0,0.0,0.0,0.0,0.0,0.04888888888888889,0.44333333333333336,0.29111111111111115,1.7133333333333336,0.13444444444444445,0.4083333333333334,0.15666666666666665,1.305,0.4477777777777778,3.018333333333333,1.0,3.0,1.1,3.9,1.0,2000.0,300.0,0.5242679760006189
Predict_32,0.0,10.666666666666666,35.0,59.33102037121213,54.76088484848485,0.0,0.0,0.0,2075.3636363636365,0.0,0.0,0.0,12.555555555555557,119.16666666666667,189.3939393939394,0.0,0.0,3489.5151515151515,34.833939393939396,5.640000000000001,149.24,55.699999999999996,0.6044444444444445,1.7266666666666668,0.0,14.084999999999997,68.575,1.2825785333333333,6.2645311,7.254999999999999,53.655,11.953636363636363,0.0,0.0,3.965702647555556,-7.046093684333333,0.6186060606060605,28.08909090909091,11.953636363636363,0.0,0.0,0.0,0.4444444444444445,0.3333333333333333,0.4444444444444445,0.6666666666666666,0.0,0.0,0.0,1.0,0.0,0.0,0.0,0.0,0.12,1025.809696969697,22.222222222222218,36.333333333333336,0.0,0.0,0.04,0.0,0.0,1.777777777777778,3.6666666666666665,2.6666666666666665,5.0,1.777777777777778,2.6666666666666665,2.6666666666666665,4.0,0.0,0.0,0.0,0.0,0.0,0.0,0.0,0.0,0.0,1.0,0.0,1.0,0.0,0.0,0.0,2.6666666666666665,5.0,0.44444444444444436,4.666666666666667,14.235555555555555,21.876666666666665,0.0,0.0,0.0,0.005,0.0,6.742222222222221,21.516666666666666,4.052,121.612,15.286200000000001,84.1138,0.0,0.0,8.002666666666668,33.802,0.0,0.0,0.0,0.0,0.0,0.0,0.04444444444444443,0.4366666666666667,0.2977777777777777,1.7033333333333331,0.13888888888888887,0.40166666666666667,0.15888888888888894,1.3016666666666667,0.4566666666666667,3.0050000000000003,1.0,3.0,1.2333333333333334,4.1000000000000005,1.0,2000.0,300.0,0.24101389998880962
Predict_33,0.0,10.666666666666666,35.0,65.37655687896552,49.07824827586207,0.0,0.0,0.0,1684.103448275862,0.0,0.0,0.0,12.555555555555557,119.16666666666667,194.27586206896552,0.0,0.0,2552.896551724138,37.87310344827586,5.640000000000001,149.24,53.46551724137931,0.6044444444444445,1.7266666666666668,0.0,14.084999999999997,68.575,1.2825785333333333,6.2645311,7.254999999999999,53.655,8.432758620689654,0.0,0.0,3.965702647555556,-7.046093684333333,0.6693103448275862,28.644827586206898,8.432758620689654,0.0,0.0,0.0,0.4444444444444445,0.3333333333333333,0.4444444444444445,0.6666666666666666,0.0,0.0,0.0,1.0,0.0,0.0,0.0,0.0,0.12,767.8524137931034,22.222222222222218,36.333333333333336,0.0,0.0,0.02,0.0,0.0,1.777777777777778,3.6666666666666665,2.6666666666666665,5.0,1.777777777777778,2.6666666666666665,2.6666666666666665,4.0,0.0,0.0,0.0,0.0,0.0,0.0,0.0,0.0,0.0,1.0,0.0,1.0,0.0,0.0,0.0,2.6666666666666665,5.0,0.44444444444444436,4.666666666666667,14.235555555555555,21.876666666666665,0.0,0.0,0.0,0.005,0.0,6.742222222222221,21.516666666666666,4.052,121.612,15.286200000000001,84.1138,0.0,0.0,8.002666666666668,33.802,0.0,0.0,0.0,0.0,0.0,0.0,0.04444444444444443,0.4366666666666667,0.2977777777777777,1.7033333333333331,0.13888888888888887,0.40166666666666667,0.15888888888888894,1.3016666666666667,0.4566666666666667,3.0050000000000003,1.0,3.0,1.2333333333333334,4.1000000000000005,1.0,2000.0,300.0,0.20091078031652387
Predict_34,0.0,12.5,31.5,60.277867112500005,54.591225,0.0,0.0,0.0,1879.75,0.0,0.0,0.0,7.25,109.75,188.75,0.0,0.0,3734.5,34.8225,0.0,154.88,61.625,0.6900000000000002,1.51,0.0,0.0,82.66,1.50991835,5.8505816500000005,0.0,60.91,11.398750000000001,0.0,0.0,4.0485469285,-5.1460866415,0.62725,28.215000000000003,11.398750000000001,0.0,0.0,0.0,0.5,0.5,0.5,0.5,0.0,0.0,0.0,1.0,0.0,0.0,0.0,0.0,0.12,904.1475,26.5,29.5,0.0,0.0,0.0,0.0,0.0,1.5,2.5,3.5,4.5,1.5,1.5,3.5,3.5,0.0,0.0,0.0,0.0,0.0,0.0,0.0,0.0,0.0,1.0,0.0,1.0,0.0,0.0,0.0,3.5,4.5,0.5,4.5,16.814999999999998,26.415,0.0,0.0,0.0,0.04,0.0,7.434999999999999,24.195,0.0,117.56,0.0,99.4,0.0,0.0,8.668000000000003,37.138000000000005,0.0,0.0,0.0,0.0,0.0,0.0,0.04000000000000001,0.41000000000000003,0.345,1.805,0.1475,0.4625,0.1975,1.3425,0.5425,3.1475,1.0,2.0,1.5750000000000002,3.825,1.0,2000.0,300.0,0.6899040739476427
Predict_35,0.0,12.5,31.5,66.95072321285714,47.9514,0.0,0.0,0.0,1516.4285714285713,0.0,0.0,0.0,7.25,109.75,194.85714285714286,0.0,0.0,2500.8571428571427,38.425714285714285,0.0,154.88,55.957142857142856,0.6900000000000002,1.51,0.0,0.0,82.66,1.50991835,5.8505816500000005,0.0,60.91,7.514285714285714,0.0,0.0,4.0485469285,-5.1460866415,0.6828571428571429,28.808571428571433,7.514285714285714,0.0,0.0,0.0,0.5,0.5,0.5,0.5,0.0,0.0,0.0,1.0,0.0,0.0,0.0,0.0,0.12,660.8828571428572,26.5,29.5,0.0,0.0,0.0,0.0,0.0,1.5,2.5,3.5,4.5,1.5,1.5,3.5,3.5,0.0,0.0,0.0,0.0,0.0,0.0,0.0,0.0,0.0,1.0,0.0,1.0,0.0,0.0,0.0,3.5,4.5,0.5,4.5,16.814999999999998,26.415,0.0,0.0,0.0,0.02,0.0,7.434999999999999,24.195,0.0,117.56,0.0,99.4,0.0,0.0,8.668000000000003,37.138000000000005,0.0,0.0,0.0,0.0,0.0,0.0,0.04000000000000001,0.41000000000000003,0.345,1.805,0.1475,0.4625,0.1975,1.3425,0.5425,3.1475,1.0,2.0,1.5750000000000002,3.825,1.0,2000.0,300.0,0.4792252911531907
Predict_36,0.0,11.333333333333334,36.0,58.900627430606065,56.44464242424243,0.0,0.0,0.0,1846.5151515151515,0.0,0.0,0.0,17.88888888888889,123.16666666666667,186.4848484848485,0.0,0.0,4015.5757575757575,33.81575757575758,0.0,154.88,64.86363636363636,0.6311111111111111,1.7666666666666668,0.0,0.0,82.66,1.3640163111111108,6.386687766666667,0.0,60.91,9.313636363636364,0.0,0.0,3.167377703111111,-5.848606267666667,0.6166666666666666,28.312121212121212,9.313636363636364,0.0,0.0,0.0,0.4444444444444445,0.3333333333333333,0.4444444444444445,0.6666666666666666,0.0,0.0,0.0,1.0,0.0,0.0,0.0,0.0,0.12,866.0521212121213,24.222222222222218,39.333333333333336,0.0,0.0,0.0,0.0,0.0,1.1111111111111112,2.6666666666666665,3.3333333333333335,6.0,1.111111111111111,1.6666666666666667,3.3333333333333335,5.0,0.0,0.0,0.0,0.0,0.0,0.0,0.0,0.0,0.0,1.0,0.0,1.0,0.0,0.0,0.0,3.3333333333333335,6.0,0.44444444444444436,4.666666666666667,15.168888888888887,20.476666666666663,0.0,0.0,0.04,0.005,0.0,6.315555555555555,22.156666666666666,0.0,117.56,0.0,99.4,0.0,0.0,7.129333333333336,35.112,0.0,0.0,0.0,0.0,0.0,0.0,0.02888888888888889,0.41333333333333333,0.3177777777777777,1.6733333333333331,0.13444444444444445,0.4083333333333334,0.18333333333333326,1.265,0.501111111111111,2.938333333333333,1.0,3.0,1.4000000000000001,4.3500000000000005,1.0,2000.0,300.0,0.43098997984528575
Predict_37,0.0,11.333333333333334,36.0,65.13167813689655,50.03624827586207,0.0,0.0,0.0,1553.896551724138,0.0,0.0,0.0,17.88888888888889,123.16666666666667,192.6206896551724,0.0,0.0,2852.206896551724,37.29379310344827,0.0,154.88,58.67931034482758,0.6311111111111111,1.7666666666666668,0.0,0.0,82.66,1.3640163111111108,6.386687766666667,0.0,60.91,6.930689655172413,0.0,0.0,3.167377703111111,-5.848606267666667,0.6682068965517242,28.771724137931038,6.930689655172413,0.0,0.0,0.0,0.4444444444444445,0.3333333333333333,0.4444444444444445,0.6666666666666666,0.0,0.0,0.0,1.0,0.0,0.0,0.0,0.0,0.12,676.9558620689655,24.222222222222218,39.333333333333336,0.0,0.0,0.0,0.0,0.0,1.1111111111111112,2.6666666666666665,3.3333333333333335,6.0,1.111111111111111,1.6666666666666667,3.3333333333333335,5.0,0.0,0.0,0.0,0.0,0.0,0.0,0.0,0.0,0.0,1.0,0.0,1.0,0.0,0.0,0.0,3.3333333333333335,6.0,0.44444444444444436,4.666666666666667,15.168888888888887,20.476666666666663,0.0,0.0,0.02,0.005,0.0,6.315555555555555,22.156666666666666,0.0,117.56,0.0,99.4,0.0,0.0,7.129333333333336,35.112,0.0,0.0,0.0,0.0,0.0,0.0,0.02888888888888889,0.41333333333333333,0.3177777777777777,1.6733333333333331,0.13444444444444445,0.4083333333333334,0.18333333333333326,1.265,0.501111111111111,2.938333333333333,1.0,3.0,1.4000000000000001,4.3500000000000005,1.0,2000.0,300.0,0.3435817087487144
Predict_38,0.0,11.555555555555555,36.333333333333336,59.13647626939394,57.29664242424243,0.0,0.0,0.0,1669.060606060606,0.0,0.0,0.0,16.866666666666664,97.10000000000001,185.75757575757575,0.0,0.0,3912.060606060606,32.89454545454545,0.0,154.88,51.28787878787879,0.6133333333333334,1.7400000000000002,0.0,0.0,82.66,1.559127422222222,6.679354433333334,0.0,60.91,6.925757575757575,0.0,0.0,2.700878412666667,-5.143315951000001,0.616909090909091,28.55454545454546,6.925757575757575,0.0,0.0,0.0,0.4444444444444445,0.3333333333333333,0.4444444444444445,0.6666666666666666,0.0,0.0,0.0,1.0,0.0,0.0,0.0,0.0,0.12,766.9127272727274,24.888888888888886,40.333333333333336,0.0,0.0,0.0,0.0,0.0,1.5555555555555556,1.6666666666666667,3.555555555555556,6.333333333333333,1.3333333333333333,1.0,3.7777777777777772,5.666666666666667,0.0,0.0,0.0,0.0,0.0,0.0,0.0,0.0,0.4444444444444445,0.6666666666666666,0.4444444444444445,0.6666666666666666,0.0,0.0,0.04,3.555555555555556,6.333333333333333,0.44444444444444436,4.666666666666667,16.013333333333332,19.209999999999997,0.0,0.0,0.0,0.005,0.0,6.015555555555554,22.606666666666666,0.0,117.56,0.0,99.4,0.0,0.0,6.713777777777781,35.73533333333334,0.0,0.0,0.0,0.0,0.0,0.0,0.02888888888888891,0.40666666666666673,0.32666666666666666,1.6600000000000001,0.13666666666666666,0.40499999999999997,0.19000000000000003,1.2550000000000001,0.5166666666666665,2.9149999999999996,1.0,3.0,1.4111111111111112,4.366666666666667,1.0,2000.0,300.0,0.2475906432440953
Predict_39,0.0,11.555555555555555,36.333333333333336,65.26586799344828,50.521006896551725,0.0,0.0,0.0,1452.9310344827586,0.0,0.0,0.0,16.866666666666664,97.10000000000001,192.20689655172413,0.0,0.0,2793.310344827586,36.76965517241379,0.0,154.88,50.9551724137931,0.6133333333333334,1.7400000000000002,0.0,0.0,82.66,1.559127422222222,6.679354433333334,0.0,60.91,5.572068965517241,0.0,0.0,2.700878412666667,-5.143315951000001,0.6683448275862068,28.909655172413796,5.572068965517241,0.0,0.0,0.0,0.4444444444444445,0.3333333333333333,0.4444444444444445,0.6666666666666666,0.0,0.0,0.0,1.0,0.0,0.0,0.0,0.0,0.12,620.5489655172413,24.888888888888886,40.333333333333336,0.0,0.0,0.0,0.0,0.0,1.5555555555555556,1.6666666666666667,3.555555555555556,6.333333333333333,1.3333333333333333,1.0,3.7777777777777772,5.666666666666667,0.0,0.0,0.0,0.0,0.0,0.0,0.0,0.0,0.4444444444444445,0.6666666666666666,0.4444444444444445,0.6666666666666666,0.0,0.0,0.02,3.555555555555556,6.333333333333333,0.44444444444444436,4.666666666666667,16.013333333333332,19.209999999999997,0.0,0.0,0.0,0.005,0.0,6.015555555555554,22.606666666666666,0.0,117.56,0.0,99.4,0.0,0.0,6.713777777777781,35.73533333333334,0.0,0.0,0.0,0.0,0.0,0.0,0.02888888888888891,0.40666666666666673,0.32666666666666666,1.6600000000000001,0.13666666666666666,0.40499999999999997,0.19000000000000003,1.2550000000000001,0.5166666666666665,2.9149999999999996,1.0,3.0,1.4111111111111112,4.366666666666667,1.0,2000.0,300.0,0.2077935242462976
Predict_40,0.04,11.777777777777779,36.666666666666664,59.71278213121212,57.64772121212121,0.0,0.0,0.0,1474.878787878788,0.0,0.0,0.0,141.88888888888889,216.16666666666666,187.21212121212122,0.0,0.0,3540.4242424242425,33.42545454545454,0.0,154.88,68.71818181818182,0.5533333333333333,1.6500000000000001,0.0,0.0,82.66,1.3900896444444448,6.425797766666666,0.0,60.91,5.606969696969697,0.0,0.0,3.2280741926666665,-4.352522281,0.6147272727272727,28.401818181818186,5.606969696969697,0.0,0.0,0.0,0.4444444444444445,0.3333333333333333,0.4444444444444445,0.6666666666666666,0.0,0.0,0.0,1.0,0.0,0.0,0.0,0.0,0.12,623.1260606060606,25.555555555555554,41.333333333333336,0.0,0.0,0.0,0.0,0.0,1.3333333333333333,2.0,3.7777777777777772,6.666666666666667,1.3333333333333333,1.0,3.7777777777777772,5.666666666666667,0.0,0.0,0.0,0.0,0.0,0.0,0.0,0.0,0.0,1.0,0.0,1.0,0.0,0.0,0.0,3.7777777777777772,6.666666666666667,0.44444444444444436,4.666666666666667,15.526666666666666,19.939999999999998,0.0,0.0,0.0,0.005,0.0,5.560564444444442,23.28915333333333,0.0,117.56,0.0,99.4,0.0,0.0,6.291555555555557,36.36866666666666,0.0,0.0,0.0,0.0,0.0,0.0,0.03222222222222223,0.40166666666666667,0.33555555555555544,1.6466666666666665,0.13777777777777778,0.4033333333333333,0.19777777777777783,1.2433333333333334,0.5333333333333333,2.89,1.0,3.0,1.1666666666666667,4.0,1.0,2000.0,300.0,0.19025636116150005
Predict_41,0.02,11.777777777777779,36.666666666666664,65.5937661562069,50.72075862068966,0.0,0.0,0.0,1342.448275862069,0.0,0.0,0.0,141.88888888888889,216.16666666666666,193.0344827586207,0.0,0.0,2581.862068965517,37.071724137931035,0.0,154.88,60.87241379310344,0.5533333333333333,1.6500000000000001,0.0,0.0,82.66,1.3900896444444448,6.425797766666666,0.0,60.91,4.821724137931035,0.0,0.0,3.2280741926666665,-4.352522281,0.6671034482758621,28.822758620689658,4.821724137931035,0.0,0.0,0.0,0.4444444444444445,0.3333333333333333,0.4444444444444445,0.6666666666666666,0.0,0.0,0.0,1.0,0.0,0.0,0.0,0.0,0.12,538.7393103448276,25.555555555555554,41.333333333333336,0.0,0.0,0.0,0.0,0.0,1.3333333333333333,2.0,3.7777777777777772,6.666666666666667,1.3333333333333333,1.0,3.7777777777777772,5.666666666666667,0.0,0.0,0.0,0.0,0.0,0.0,0.0,0.0,0.0,1.0,0.0,1.0,0.0,0.0,0.0,3.7777777777777772,6.666666666666667,0.44444444444444436,4.666666666666667,15.526666666666666,19.939999999999998,0.0,0.0,0.0,0.005,0.0,5.560564444444442,23.28915333333333,0.0,117.56,0.0,99.4,0.0,0.0,6.291555555555557,36.36866666666666,0.0,0.0,0.0,0.0,0.0,0.0,0.03222222222222223,0.40166666666666667,0.33555555555555544,1.6466666666666665,0.13777777777777778,0.4033333333333333,0.19777777777777783,1.2433333333333334,0.5333333333333333,2.89,1.0,3.0,1.1666666666666667,4.0,1.0,2000.0,300.0,0.195080394787869
Predict_42,0.0,12.0,37.0,60.804752436666675,58.749006060606064,0.0,0.0,0.0,1136.6969696969697,0.0,0.04,0.0,7.688888888888883,105.46666666666665,186.96969696969697,0.0,0.0,3094.3636363636365,33.50545454545455,0.0,154.88,38.269696969696966,0.5,1.57,0.0,0.0,82.66,1.705109644444444,6.898327766666667,0.0,60.91,4.373030303030303,0.0,0.0,3.6621229337777783,-3.7014491693333333,0.6137575757575757,28.564242424242426,4.373030303030303,0.0,0.0,0.0,0.4444444444444445,0.3333333333333333,0.4444444444444445,0.6666666666666666,0.0,0.0,0.0,1.0,0.0,0.0,0.0,0.0,0.12,467.80242424242425,26.666666666666668,43.0,0.0,0.0,0.0,0.0,0.0,1.5555555555555556,1.6666666666666667,4.0,7.0,1.3333333333333333,1.0,3.7777777777777772,5.666666666666667,0.0,0.0,0.0,0.0,0.0,0.0,0.0,0.0,0.4444444444444445,0.6666666666666666,0.4444444444444444,1.3333333333333333,0.0,0.0,0.0,4.0,7.0,0.44444444444444436,4.666666666666667,15.453333333333333,20.05,0.0,0.0,0.0,0.005,0.0,6.57593111111111,21.766103333333334,0.0,117.56,0.0,99.4,0.0,0.0,5.854666666666667,37.252,0.0,0.0,0.0,0.0,0.0,0.0,0.03555555555555556,0.39666666666666667,0.35777777777777775,1.6133333333333333,0.14666666666666664,0.38999999999999996,0.21111111111111114,1.2233333333333334,0.5688888888888889,2.8366666666666664,1.0,3.0,1.1,3.9,1.0,2000.0,300.0,0.20018953814259524
Predict_43,0.0,12.0,37.0,66.21505960586208,51.34735172413793,0.0,0.0,0.0,1150.0344827586207,0.0,0.02,0.0,7.688888888888883,105.46666666666665,192.89655172413794,0.0,0.0,2328.0689655172414,37.11724137931035,0.0,154.88,43.54827586206896,0.5,1.57,0.0,0.0,82.66,1.705109644444444,6.898327766666667,0.0,60.91,4.119655172413793,0.0,0.0,3.6621229337777783,-3.7014491693333333,0.666551724137931,28.915172413793105,4.119655172413793,0.0,0.0,0.0,0.4444444444444445,0.3333333333333333,0.4444444444444445,0.6666666666666666,0.0,0.0,0.0,1.0,0.0,0.0,0.0,0.0,0.12,450.3655172413793,26.666666666666668,43.0,0.0,0.0,0.0,0.0,0.0,1.5555555555555556,1.6666666666666667,4.0,7.0,1.3333333333333333,1.0,3.7777777777777772,5.666666666666667,0.0,0.0,0.0,0.0,0.0,0.0,0.0,0.0,0.4444444444444445,0.6666666666666666,0.4444444444444444,1.3333333333333333,0.0,0.0,0.0,4.0,7.0,0.44444444444444436,4.666666666666667,15.453333333333333,20.05,0.0,0.0,0.0,0.005,0.0,6.57593111111111,21.766103333333334,0.0,117.56,0.0,99.4,0.0,0.0,5.854666666666667,37.252,0.0,0.0,0.0,0.0,0.0,0.0,0.03555555555555556,0.39666666666666667,0.35777777777777775,1.6133333333333333,0.14666666666666664,0.38999999999999996,0.21111111111111114,1.2233333333333334,0.5688888888888889,2.8366666666666664,1.0,3.0,1.1,3.9,1.0,2000.0,300.0,0.21505563076726186
Predict_44,0.0,12.222222222222221,37.333333333333336,61.89629975787879,59.332521212121215,0.0,0.0,0.0,1453.060606060606,0.0,0.0,0.0,12.422222222222222,100.43333333333334,186.4848484848485,0.0,0.0,2769.5151515151515,34.07030303030303,0.0,154.88,45.275757575757574,0.52,1.6000000000000003,0.0,0.0,82.66,1.0208837111111109,5.829174433333333,3.4549999999999983,57.455,3.6653939393939394,0.0,0.0,3.2499834371111116,-4.319658414333333,0.6142424242424243,28.738787878787882,3.6653939393939394,0.0,0.04,0.0,0.4444444444444445,0.3333333333333333,0.4444444444444444,0.3333333333333333,0.0,0.0,0.0,1.0,0.0,0.0,0.0,0.0,0.12,427.9309090909091,27.777777777777782,44.666666666666664,0.0,0.0,0.0,0.0,0.0,1.5555555555555554,3.3333333333333335,4.222222222222222,7.333333333333333,1.3333333333333333,1.0,3.7777777777777772,5.666666666666667,0.0,0.0,0.0,0.0,2.2222222222222223,1.6666666666666667,0.4444444444444444,0.3333333333333333,0.4444444444444445,0.6666666666666666,0.4444444444444444,1.3333333333333333,0.0,0.0,0.0,4.222222222222222,7.333333333333333,0.44444444444444436,4.666666666666667,14.935555555555553,20.826666666666664,0.0,0.0,0.0,0.005,0.0,6.139933333333333,22.4201,0.0,117.56,0.0,99.4,0.0,0.0,7.80266666666667,34.102000000000004,0.0,0.0,0.0,0.0,0.0,0.0,0.0377777777777778,0.39333333333333337,0.3844444444444444,1.5733333333333335,0.16333333333333333,0.365,0.22111111111111112,1.2083333333333333,0.6055555555555555,2.7816666666666663,1.0,3.0,1.0666666666666667,3.85,1.0,2000.0,300.0,0.16785827413185717
Predict_45,0.0,12.222222222222221,37.333333333333336,66.83611239206897,51.67935172413793,0.0,0.0,0.0,1330.0344827586207,0.0,0.0,0.0,12.422222222222222,100.43333333333334,192.6206896551724,0.0,0.0,2143.2413793103447,37.438620689655174,0.0,154.88,47.53448275862069,0.52,1.6000000000000003,0.0,0.0,82.66,1.0208837111111109,5.829174433333333,3.4549999999999983,57.455,3.717034482758621,0.0,0.0,3.2499834371111116,-4.319658414333333,0.6668275862068966,29.01448275862069,3.717034482758621,0.0,0.02,0.0,0.4444444444444445,0.3333333333333333,0.4444444444444444,0.3333333333333333,0.0,0.0,0.0,1.0,0.0,0.0,0.0,0.0,0.12,427.67999999999995,27.777777777777782,44.666666666666664,0.0,0.0,0.0,0.0,0.0,1.5555555555555554,3.3333333333333335,4.222222222222222,7.333333333333333,1.3333333333333333,1.0,3.7777777777777772,5.666666666666667,0.0,0.0,0.0,0.0,2.2222222222222223,1.6666666666666667,0.4444444444444444,0.3333333333333333,0.4444444444444445,0.6666666666666666,0.4444444444444444,1.3333333333333333,0.0,0.0,0.0,4.222222222222222,7.333333333333333,0.44444444444444436,4.666666666666667,14.935555555555553,20.826666666666664,0.0,0.0,0.0,0.005,0.0,6.139933333333333,22.4201,0.0,117.56,0.0,99.4,0.0,0.0,7.80266666666667,34.102000000000004,0.0,0.0,0.0,0.0,0.0,0.0,0.0377777777777778,0.39333333333333337,0.3844444444444444,1.5733333333333335,0.16333333333333333,0.365,0.22111111111111112,1.2083333333333333,0.6055555555555555,2.7816666666666663,1.0,3.0,1.0666666666666667,3.85,1.0,2000.0,300.0,0.17560125719974995
Predict_46,0.0,12.444444444444445,37.666666666666664,62.11063360030303,60.276036363636365,0.0,0.0,0.0,1581.5454545454545,0.0,0.0,0.0,19.08888888888889,95.43333333333334,185.75757575757575,0.0,0.0,2769.5151515151515,33.44242424242424,0.0,154.88,64.28181818181817,0.56,1.6600000000000001,0.0,5.189999999999998,77.47,1.3384652000000001,6.348361099999999,10.087489999999999,50.822509999999994,4.6009090909090915,0.0,0.0,2.962373408222222,-4.751073457666667,0.6127878787878788,28.799393939393944,4.6009090909090915,0.0,0.0,0.0,0.4444444444444445,0.3333333333333333,0.4444444444444444,0.3333333333333333,0.0,0.0,0.0,1.0,0.0,0.0,0.0,0.0,0.12,446.1927272727272,28.888888888888886,46.333333333333336,0.0,0.0,0.0,0.0,0.0,1.3333333333333333,3.0,4.444444444444444,7.666666666666667,1.3333333333333333,1.0,3.7777777777777772,5.666666666666667,0.0,0.0,0.0,0.0,1.7777777777777777,1.3333333333333333,0.8888888888888888,0.6666666666666666,0.4444444444444445,0.6666666666666666,0.4444444444444444,1.3333333333333333,0.0,0.0,0.0,4.444444444444444,7.666666666666667,0.44444444444444436,4.666666666666667,15.511111111111111,19.963333333333335,0.0,0.0,0.0,0.005,0.0,7.081733333333332,21.0074,0.0,117.56,0.0,99.4,0.04,0.0,7.253200000000002,34.9262,0.0,0.0,0.0,0.0,0.0,0.0,0.04111111111111113,0.38833333333333336,0.4088888888888888,1.5366666666666664,0.17444444444444443,0.34833333333333333,0.23444444444444443,1.1883333333333332,0.6433333333333332,2.7249999999999996,1.0,3.0,1.1222222222222225,3.9333333333333336,1.0,2000.0,300.0,0.21279911408829766
Predict_47,0.0,12.444444444444445,37.666666666666664,66.95806095758621,52.216179310344835,0.0,0.0,0.0,1403.1379310344828,0.0,0.0,0.0,19.08888888888889,95.43333333333334,192.20689655172413,0.0,0.0,2143.2413793103447,37.08137931034482,0.0,154.88,58.34827586206896,0.56,1.6600000000000001,0.0,5.189999999999998,77.47,1.3384652000000001,6.348361099999999,10.087489999999999,50.822509999999994,4.2493103448275855,0.0,0.0,2.962373408222222,-4.751073457666667,0.666,29.04896551724138,4.2493103448275855,0.0,0.0,0.0,0.4444444444444445,0.3333333333333333,0.4444444444444444,0.3333333333333333,0.0,0.0,0.0,1.0,0.0,0.0,0.0,0.0,0.12,438.07034482758615,28.888888888888886,46.333333333333336,0.0,0.0,0.0,0.0,0.0,1.3333333333333333,3.0,4.444444444444444,7.666666666666667,1.3333333333333333,1.0,3.7777777777777772,5.666666666666667,0.0,0.0,0.0,0.0,1.7777777777777777,1.3333333333333333,0.8888888888888888,0.6666666666666666,0.4444444444444445,0.6666666666666666,0.4444444444444444,1.3333333333333333,0.0,0.0,0.0,4.444444444444444,7.666666666666667,0.44444444444444436,4.666666666666667,15.511111111111111,19.963333333333335,0.0,0.0,0.0,0.005,0.0,7.081733333333332,21.0074,0.0,117.56,0.0,99.4,0.02,0.0,7.253200000000002,34.9262,0.0,0.0,0.0,0.0,0.0,0.0,0.04111111111111113,0.38833333333333336,0.4088888888888888,1.5366666666666664,0.17444444444444443,0.34833333333333333,0.23444444444444443,1.1883333333333332,0.6433333333333332,2.7249999999999996,1.0,3.0,1.1222222222222225,3.9333333333333336,1.0,2000.0,300.0,0.23228518439871426
Predict_48,0.0,13.777777777777779,39.666666666666664,71.32336000272727,64.78924848484849,0.0,0.04,0.0,1404.090909090909,0.0,0.0,0.0,7.25,109.75,204.1818181818182,0.0,0.0,1848.3030303030303,41.35515151515152,0.0,154.88,41.65151515151515,0.5977777777777779,1.3033333333333335,0.0,0.0,82.66,1.1485939333333333,5.6376091,0.0,60.91,4.593636363636364,0.0,0.0,3.4151567037777775,-4.071898514333333,0.6072121212121212,29.061212121212122,4.593636363636364,0.0,0.0,0.0,0.4444444444444445,0.6666666666666666,0.4444444444444444,0.3333333333333333,0.0,0.0,0.0,1.0,0.0,0.0,0.0,0.0,0.12,566.1733333333334,22.222222222222225,22.666666666666668,0.0,0.0,0.0,0.0,0.0,1.5555555555555556,1.6666666666666667,2.888888888888889,3.6666666666666665,1.3333333333333333,1.0,3.111111111111111,2.3333333333333335,0.0,0.0,0.0,0.0,0.0,0.0,0.0,0.0,0.4444444444444445,0.6666666666666666,0.4444444444444444,1.3333333333333333,0.0,0.0,0.0,2.888888888888889,3.6666666666666665,0.6666666666666666,5.0,14.162222222222221,30.843333333333334,0.0,0.0,0.0,0.005,0.0,8.110259999999998,19.46461,0.0,117.56,0.0,99.4,0.0,0.0,8.668000000000003,37.138000000000005,0.0,0.0,0.0,0.0,0.0,0.0,0.23555555555555552,0.5866666666666666,0.24822222222222212,1.8323333333333334,0.11844444444444445,0.4323333333333334,0.16999999999999993,1.4000000000000001,0.4182222222222222,3.232333333333333,1.0,3.0,1.3844444444444448,3.3233333333333337,1.0,2000.0,300.0,0.5767780410335477
Predict_49,0.0,13.777777777777779,39.666666666666664,72.19978460034483,54.784041379310345,0.0,0.02,0.0,1302.1724137931035,0.0,0.0,0.0,7.25,109.75,202.68965517241378,0.0,0.0,1619.103448275862,41.58344827586207,0.0,154.88,45.47241379310344,0.5977777777777779,1.3033333333333335,0.0,0.0,82.66,1.1485939333333333,5.6376091,0.0,60.91,4.245172413793104,0.0,0.0,3.4151567037777775,-4.071898514333333,0.6628275862068965,29.197931034482764,4.245172413793104,0.0,0.0,0.0,0.4444444444444445,0.6666666666666666,0.4444444444444444,0.3333333333333333,0.0,0.0,0.0,1.0,0.0,0.0,0.0,0.0,0.12,506.3351724137931,22.222222222222225,22.666666666666668,0.0,0.0,0.0,0.0,0.0,1.5555555555555556,1.6666666666666667,2.888888888888889,3.6666666666666665,1.3333333333333333,1.0,3.111111111111111,2.3333333333333335,0.0,0.0,0.0,0.0,0.0,0.0,0.0,0.0,0.4444444444444445,0.6666666666666666,0.4444444444444444,1.3333333333333333,0.0,0.0,0.0,2.888888888888889,3.6666666666666665,0.6666666666666666,5.0,14.162222222222221,30.843333333333334,0.0,0.0,0.0,0.005,0.0,8.110259999999998,19.46461,0.0,117.56,0.0,99.4,0.0,0.0,8.668000000000003,37.138000000000005,0.0,0.0,0.0,0.0,0.0,0.0,0.23555555555555552,0.5866666666666666,0.24822222222222212,1.8323333333333334,0.11844444444444445,0.4323333333333334,0.16999999999999993,1.4000000000000001,0.4182222222222222,3.232333333333333,1.0,3.0,1.3844444444444448,3.3233333333333337,1.0,2000.0,300.0,0.5356431427182143
Predict_50,0.0,18.0,45.0,60.97170655303031,74.76815757575758,0.0,0.0,0.0,2066.6363636363635,0.0,0.0,0.0,38.55555555555556,80.83333333333333,194.4848484848485,0.0,0.0,4224.060606060606,35.658181818181816,0.0,154.88,38.269696969696966,0.5066666666666668,1.4400000000000002,0.0,0.0,82.66,1.2231652000000002,6.175411099999999,13.79,47.12,9.461515151515153,0.0,0.0,3.7675229953333336,-6.748824206000001,0.5926666666666667,28.493939393939396,9.461515151515153,0.04,0.0,0.0,0.4444444444444445,0.3333333333333333,0.4444444444444445,0.6666666666666666,0.0,0.0,0.0,1.0,0.0,0.0,0.0,0.0,0.12,931.2642424242424,21.11111111111111,34.666666666666664,0.0,0.0,0.0,0.0,0.0,2.444444444444444,4.333333333333333,6.0,9.0,2.888888888888889,3.6666666666666665,2.6666666666666665,3.0,0.0,0.0,6.222222222222222,4.666666666666667,0.0,0.0,0.0,0.0,0.4444444444444445,0.6666666666666666,0.4444444444444444,1.3333333333333333,0.0,0.0,0.0,2.444444444444444,4.333333333333333,0.6666666666666666,5.0,13.479999999999999,23.01,0.0,0.0,0.0,0.005,0.0,6.999999999999999,21.13,0.0,117.56,0.0,99.4,0.0,0.0,8.853777777777777,32.52533333333333,0.0,0.0,0.0,0.0,0.0,0.0,0.0977777777777778,0.4833333333333334,0.2733333333333334,1.7400000000000002,0.1322222222222222,0.4116666666666666,0.1411111111111111,1.3283333333333334,0.4144444444444444,3.0683333333333334,1.0,3.0,1.1,3.75,1.0,2000.0,300.0,0.7310062532426069
Predict_51,0.0,18.0,45.0,66.31005074103449,60.46169655172414,0.0,0.0,0.0,1679.1379310344828,0.0,0.0,0.0,38.55555555555556,80.83333333333333,197.17241379310346,0.0,0.0,2970.8275862068967,38.34206896551724,0.0,154.88,43.54827586206896,0.5066666666666668,1.4400000000000002,0.0,0.0,82.66,1.2231652000000002,6.175411099999999,13.79,47.12,7.014827586206896,0.0,0.0,3.7675229953333336,-6.748824206000001,0.6545517241379311,28.875172413793106,7.014827586206896,0.02,0.0,0.0,0.4444444444444445,0.3333333333333333,0.4444444444444445,0.6666666666666666,0.0,0.0,0.0,1.0,0.0,0.0,0.0,0.0,0.12,714.0593103448276,21.11111111111111,34.666666666666664,0.0,0.0,0.0,0.0,0.0,2.444444444444444,4.333333333333333,6.0,9.0,2.888888888888889,3.6666666666666665,2.6666666666666665,3.0,0.0,0.0,6.222222222222222,4.666666666666667,0.0,0.0,0.0,0.0,0.4444444444444445,0.6666666666666666,0.4444444444444444,1.3333333333333333,0.0,0.0,0.0,2.444444444444444,4.333333333333333,0.6666666666666666,5.0,13.479999999999999,23.01,0.0,0.0,0.0,0.005,0.0,6.999999999999999,21.13,0.0,117.56,0.0,99.4,0.0,0.0,8.853777777777777,32.52533333333333,0.0,0.0,0.0,0.0,0.0,0.0,0.0977777777777778,0.4833333333333334,0.2733333333333334,1.7400000000000002,0.1322222222222222,0.4116666666666666,0.1411111111111111,1.3283333333333334,0.4144444444444444,3.0683333333333334,1.0,3.0,1.1,3.75,1.0,2000.0,300.0,0.6886883440702973
Predict_52,0.0,18.88888888888889,45.666666666666664,59.417772790606065,76.06512727272727,0.0,0.0,0.0,2297.4242424242425,0.0,0.0,0.0,48.77777777777777,73.16666666666667,191.33333333333334,0.0,0.0,5664.060606060606,34.42181818181818,0.0,154.88,57.32424242424242,0.6488888888888887,1.7933333333333337,0.0,0.0,82.66,1.4540452000000001,6.5217311,0.0,60.91,15.548787878787879,0.0,0.0,4.435189947555556,-7.7503246343333325,0.5897575757575757,28.140000000000004,15.548787878787879,0.0,0.0,0.0,0.4444444444444445,0.3333333333333333,0.4444444444444445,0.6666666666666666,0.0,0.0,0.0,1.0,0.0,0.0,0.0,0.0,0.12,1219.5066666666667,22.444444444444446,36.666666666666664,0.0,0.0,0.0,0.0,0.0,1.777777777777778,3.6666666666666665,6.888888888888888,9.666666666666666,2.0,3.0,2.4444444444444446,3.6666666666666665,0.0,0.0,6.222222222222222,4.666666666666667,0.0,0.0,0.0,0.0,0.4444444444444445,0.6666666666666666,0.4444444444444444,1.3333333333333333,0.0,0.0,0.0,2.6666666666666665,5.0,0.6666666666666666,5.0,14.613333333333332,21.31,0.0,0.0,0.0,0.005,0.0,6.755555555555554,21.496666666666666,0.0,117.56,0.0,99.4,0.0,0.0,8.668000000000003,37.138000000000005,0.0,0.0,0.04,0.0,0.0,0.0,0.08,0.47000000000000003,0.29444444444444445,1.7083333333333333,0.13555555555555557,0.4066666666666667,0.15888888888888894,1.3016666666666667,0.4533333333333333,3.01,1.0,3.0,1.2666666666666668,4.1499999999999995,1.0,2000.0,300.0,0.3319182338011429
Predict_53,0.0,18.88888888888889,45.666666666666664,65.42591601413793,61.1996275862069,0.0,0.0,0.0,1810.448275862069,0.0,0.0,0.0,48.77777777777777,73.16666666666667,195.3793103448276,0.0,0.0,3790.137931034483,37.63862068965517,0.0,154.88,54.38965517241379,0.6488888888888887,1.7933333333333337,0.0,0.0,82.66,1.4540452000000001,6.5217311,0.0,60.91,10.478275862068966,0.0,0.0,4.435189947555556,-7.7503246343333325,0.6528965517241379,28.67379310344828,10.478275862068966,0.0,0.0,0.0,0.4444444444444445,0.3333333333333333,0.4444444444444445,0.6666666666666666,0.0,0.0,0.0,1.0,0.0,0.0,0.0,0.0,0.12,878.0593103448276,22.444444444444446,36.666666666666664,0.0,0.0,0.0,0.0,0.0,1.777777777777778,3.6666666666666665,6.888888888888888,9.666666666666666,2.0,3.0,2.4444444444444446,3.6666666666666665,0.0,0.0,6.222222222222222,4.666666666666667,0.0,0.0,0.0,0.0,0.4444444444444445,0.6666666666666666,0.4444444444444444,1.3333333333333333,0.0,0.0,0.0,2.6666666666666665,5.0,0.6666666666666666,5.0,14.613333333333332,21.31,0.0,0.0,0.0,0.005,0.0,6.755555555555554,21.496666666666666,0.0,117.56,0.0,99.4,0.0,0.0,8.668000000000003,37.138000000000005,0.0,0.0,0.02,0.0,0.0,0.0,0.08,0.47000000000000003,0.29444444444444445,1.7083333333333333,0.13555555555555557,0.4066666666666667,0.15888888888888894,1.3016666666666667,0.4533333333333333,3.01,1.0,3.0,1.2666666666666668,4.1499999999999995,1.0,2000.0,300.0,0.3892908360676428
Predict_54,0.0,19.333333333333332,46.0,59.13937274454546,76.63894545454545,0.0,0.0,0.0,2307.3636363636365,0.0,0.0,0.0,27.444444444444443,89.16666666666667,188.66666666666666,0.0,0.0,6093.151515151515,34.082424242424246,0.0,154.88,41.78484848484848,0.5466666666666667,1.64,0.0,0.0,82.66,1.4472651999999997,6.511561100000001,0.0,60.91,11.12939393939394,0.0,0.0,4.314795980888889,-7.569733684333333,0.5909696969696969,28.433333333333337,11.12939393939394,0.0,0.0,0.0,0.4444444444444445,0.3333333333333333,0.4444444444444445,0.6666666666666666,0.0,0.0,0.0,1.0,0.0,0.0,0.0,0.0,0.12,1162.2945454545454,23.111111111111114,37.666666666666664,0.0,0.0,0.0,0.0,0.0,1.5555555555555554,3.3333333333333335,7.333333333333333,10.0,1.777777777777778,2.6666666666666665,2.6666666666666665,4.0,0.0,0.0,6.222222222222222,4.666666666666667,0.0,0.0,0.0,0.0,0.4444444444444445,0.6666666666666666,0.4444444444444444,1.3333333333333333,0.0,0.0,0.0,2.8888888888888893,5.333333333333333,0.6666666666666666,5.0,14.924444444444442,20.84333333333333,0.0,0.04,0.0,0.005,0.0,7.434999999999999,24.195,0.0,117.56,0.0,99.4,0.0,0.0,8.668000000000003,37.138000000000005,0.0,0.0,0.0,0.0,0.0,0.0,0.06888888888888885,0.4616666666666666,0.3,1.7,0.13444444444444445,0.4083333333333334,0.1655555555555556,1.2916666666666667,0.4655555555555555,2.9916666666666667,1.0,3.0,1.3555555555555554,4.283333333333334,1.0,2000.0,300.0,0.21302752382671433
Predict_55,0.0,19.333333333333332,46.0,65.26751598793103,61.526110344827586,0.0,0.0,0.0,1816.103448275862,0.0,0.0,0.0,27.444444444444443,89.16666666666667,193.86206896551724,0.0,0.0,4034.2758620689656,37.445517241379314,0.0,154.88,45.54827586206896,0.5466666666666667,1.64,0.0,0.0,82.66,1.4472651999999997,6.511561100000001,0.0,60.91,7.963793103448276,0.0,0.0,4.314795980888889,-7.569733684333333,0.6535862068965518,28.84068965517242,7.963793103448276,0.0,0.0,0.0,0.4444444444444445,0.3333333333333333,0.4444444444444445,0.6666666666666666,0.0,0.0,0.0,1.0,0.0,0.0,0.0,0.0,0.12,845.5075862068966,23.111111111111114,37.666666666666664,0.0,0.0,0.0,0.0,0.0,1.5555555555555554,3.3333333333333335,7.333333333333333,10.0,1.777777777777778,2.6666666666666665,2.6666666666666665,4.0,0.0,0.0,6.222222222222222,4.666666666666667,0.0,0.0,0.0,0.0,0.4444444444444445,0.6666666666666666,0.4444444444444444,1.3333333333333333,0.0,0.0,0.0,2.8888888888888893,5.333333333333333,0.6666666666666666,5.0,14.924444444444442,20.84333333333333,0.0,0.02,0.0,0.005,0.0,7.434999999999999,24.195,0.0,117.56,0.0,99.4,0.0,0.0,8.668000000000003,37.138000000000005,0.0,0.0,0.0,0.0,0.0,0.0,0.06888888888888885,0.4616666666666666,0.3,1.7,0.13444444444444445,0.4083333333333334,0.1655555555555556,1.2916666666666667,0.4655555555555555,2.9916666666666667,1.0,3.0,1.3555555555555554,4.283333333333334,1.0,2000.0,300.0,0.21060606384290467
Predict_56,0.0,19.77777777777778,46.333333333333336,58.9632184269697,77.61421818181817,0.0,0.0,0.0,2165.787878787879,0.0,0.0,0.0,9.844444444444443,102.36666666666667,186.96969696969697,0.0,0.0,6473.757575757576,33.79151515151515,0.0,154.88,63.990909090909085,0.6133333333333334,1.7400000000000002,0.0,0.0,82.66,1.5816451999999999,6.713131100000001,0.0,60.91,16.89181818181818,0.0,0.0,4.048946252,-7.170959091,0.5892727272727272,28.244242424242426,16.89181818181818,0.0,0.0,0.0,0.4444444444444445,0.3333333333333333,0.4444444444444445,0.6666666666666666,0.0,0.0,0.0,1.0,0.0,0.0,0.0,0.0,0.12,1125.2036363636364,23.777777777777782,38.666666666666664,0.0,0.0,0.0,0.0,0.0,1.3333333333333333,3.0,7.777777777777779,10.333333333333334,1.5555555555555554,2.3333333333333335,2.8888888888888893,4.333333333333333,0.0,0.0,6.222222222222222,4.666666666666667,0.0,0.0,0.0,0.0,0.4444444444444445,0.6666666666666666,0.4444444444444444,1.3333333333333333,0.04,0.0,0.0,3.1111111111111107,5.666666666666667,0.6666666666666666,5.0,15.191111111111107,20.44333333333333,0.0,0.0,0.0,0.005,0.0,7.434999999999999,24.195,0.0,117.56,0.0,99.4,0.0,0.0,8.668000000000003,37.138000000000005,0.0,0.0,0.0,0.0,0.0,0.0,0.05911111111111108,0.4543333333333333,0.30222222222222217,1.6966666666666665,0.1322222222222222,0.4116666666666666,0.17,1.285,0.4722222222222223,2.981666666666667,1.0,3.0,1.4000000000000001,4.3500000000000005,1.0,2000.0,300.0,0.25151299031496427
Predict_57,0.0,19.77777777777778,46.333333333333336,65.16729025551724,62.08100689655173,0.0,0.0,0.0,1735.551724137931,0.0,0.0,0.0,9.844444444444443,102.36666666666667,192.89655172413794,0.0,0.0,4250.827586206897,37.279999999999994,0.0,154.88,58.18275862068965,0.6133333333333334,1.7400000000000002,0.0,0.0,82.66,1.5816451999999999,6.713131100000001,0.0,60.91,11.242413793103449,0.0,0.0,4.048946252,-7.170959091,0.6526206896551724,28.733103448275866,11.242413793103449,0.0,0.0,0.0,0.4444444444444445,0.3333333333333333,0.4444444444444445,0.6666666666666666,0.0,0.0,0.0,1.0,0.0,0.0,0.0,0.0,0.12,824.4041379310345,23.777777777777782,38.666666666666664,0.0,0.0,0.0,0.0,0.0,1.3333333333333333,3.0,7.777777777777779,10.333333333333334,1.5555555555555554,2.3333333333333335,2.8888888888888893,4.333333333333333,0.0,0.0,6.222222222222222,4.666666666666667,0.0,0.0,0.0,0.0,0.4444444444444445,0.6666666666666666,0.4444444444444444,1.3333333333333333,0.02,0.0,0.0,3.1111111111111107,5.666666666666667,0.6666666666666666,5.0,15.191111111111107,20.44333333333333,0.0,0.0,0.0,0.005,0.0,7.434999999999999,24.195,0.0,117.56,0.0,99.4,0.0,0.0,8.668000000000003,37.138000000000005,0.0,0.0,0.0,0.0,0.0,0.0,0.05911111111111108,0.4543333333333333,0.30222222222222217,1.6966666666666665,0.1322222222222222,0.4116666666666666,0.17,1.285,0.4722222222222223,2.981666666666667,1.0,3.0,1.4000000000000001,4.3500000000000005,1.0,2000.0,300.0,0.2505055745372618
Predict_58,0.0,20.22222222222222,46.666666666666664,59.00318274212122,78.09591515151516,0.0,0.0,0.0,2024.2121212121212,0.0,0.0,0.0,16.555555555555557,122.16666666666667,186.24242424242425,0.0,0.0,6466.484848484848,33.57333333333334,0.0,154.88,74.87575757575756,0.6133333333333334,1.7400000000000002,0.0,0.0,82.66,1.699154088888889,6.889394433333333,0.0,60.91,12.836060606060606,0.0,0.0,3.5217923542222223,-6.380228244333334,0.5895151515151515,28.341212121212124,12.836060606060606,0.0,0.0,0.04,0.4444444444444445,0.3333333333333333,0.4444444444444445,0.6666666666666666,0.0,0.0,0.0,1.0,0.0,0.0,0.0,0.0,0.12,987.7490909090909,24.444444444444446,39.666666666666664,0.0,0.0,0.0,0.0,0.0,1.1111111111111112,2.6666666666666665,8.222222222222221,10.666666666666666,1.3333333333333333,2.0,3.1111111111111107,4.666666666666667,0.0,0.0,6.222222222222222,4.666666666666667,0.0,0.0,0.0,0.0,0.4444444444444445,0.6666666666666666,0.4444444444444444,1.3333333333333333,0.0,0.0,0.0,3.3333333333333335,6.0,0.6666666666666666,5.0,15.39111111111111,20.14333333333333,0.0,0.0,0.0,0.005,0.0,7.434999999999999,24.195,0.0,117.56,0.0,99.4,0.0,0.0,8.668000000000003,37.138000000000005,0.0,0.0,0.0,0.0,0.0,0.0,0.05244444444444444,0.4486666666666667,0.30488888888888876,1.6926666666666665,0.13266666666666668,0.41100000000000003,0.1722222222222222,1.2816666666666665,0.4771111111111111,2.9743333333333335,1.0,3.0,1.4333333333333336,4.3999999999999995,1.0,2000.0,300.0,0.24984748101517856
Predict_59,0.0,20.22222222222222,46.666666666666664,65.19002857275862,62.35507586206897,0.0,0.0,0.0,1655.0,0.0,0.0,0.0,16.555555555555557,122.16666666666667,192.48275862068965,0.0,0.0,4246.689655172414,37.15586206896552,0.0,154.88,64.37586206896552,0.6133333333333334,1.7400000000000002,0.0,0.0,82.66,1.699154088888889,6.889394433333333,0.0,60.91,8.934827586206897,0.0,0.0,3.5217923542222223,-6.380228244333334,0.6527586206896552,28.78827586206897,8.934827586206897,0.0,0.0,0.02,0.4444444444444445,0.3333333333333333,0.4444444444444445,0.6666666666666666,0.0,0.0,0.0,1.0,0.0,0.0,0.0,0.0,0.12,746.1972413793104,24.444444444444446,39.666666666666664,0.0,0.0,0.0,0.0,0.0,1.1111111111111112,2.6666666666666665,8.222222222222221,10.666666666666666,1.3333333333333333,2.0,3.1111111111111107,4.666666666666667,0.0,0.0,6.222222222222222,4.666666666666667,0.0,0.0,0.0,0.0,0.4444444444444445,0.6666666666666666,0.4444444444444444,1.3333333333333333,0.0,0.0,0.0,3.3333333333333335,6.0,0.6666666666666666,5.0,15.39111111111111,20.14333333333333,0.0,0.0,0.0,0.005,0.0,7.434999999999999,24.195,0.0,117.56,0.0,99.4,0.0,0.0,8.668000000000003,37.138000000000005,0.0,0.0,0.0,0.0,0.0,0.0,0.05244444444444444,0.4486666666666667,0.30488888888888876,1.6926666666666665,0.13266666666666668,0.41100000000000003,0.1722222222222222,1.2816666666666665,0.4771111111111111,2.9743333333333335,1.0,3.0,1.4333333333333336,4.3999999999999995,1.0,2000.0,300.0,0.23729407906242853
Predict_60,0.0,20.666666666666668,47.0,59.296979842727275,78.79094545454545,0.0,0.0,0.0,1878.030303030303,0.0,0.0,0.0,16.955555555555552,97.03333333333335,185.03030303030303,0.0,0.0,6110.121212121212,33.306666666666665,0.0,154.88,88.03939393939395,0.6311111111111111,1.7666666666666668,0.0,0.0,82.66,1.6973274222222223,6.886654433333333,0.0,60.91,8.243333333333334,0.0,0.0,2.8951252942222223,-5.440227654333333,0.59,28.52545454545455,8.243333333333334,0.0,0.0,0.0,0.4444444444444445,0.3333333333333333,0.4444444444444445,0.6666666666666666,0.0,0.0,0.0,1.0,0.0,0.0,0.0,0.0,0.12,818.6339393939394,25.111111111111114,40.666666666666664,0.0,0.0,0.0,0.0,0.0,1.1111111111111112,2.3333333333333335,8.666666666666666,11.0,1.111111111111111,1.3333333333333333,3.555555555555556,5.333333333333333,0.0,0.0,6.222222222222222,4.666666666666667,0.0,0.0,0.0,0.0,0.0,1.0,0.0,1.0,0.0,0.0,0.0,3.555555555555556,6.333333333333333,0.6666666666666666,5.0,15.635555555555555,19.776666666666667,0.04,0.0,0.0,0.005,0.0,6.208222222222222,22.317666666666668,0.0,117.56,0.0,99.4,0.0,0.0,8.668000000000003,37.138000000000005,0.0,0.0,0.0,0.0,0.0,0.0,0.04888888888888889,0.44333333333333336,0.3066666666666667,1.6900000000000002,0.15222222222222223,0.38166666666666665,0.15444444444444447,1.3083333333333333,0.46111111111111097,2.998333333333333,1.0,3.0,1.4555555555555557,4.433333333333334,1.0,2000.0,300.0,0.3241929111150953
Predict_61,0.0,20.666666666666668,47.0,65.35718899206897,62.75052413793104,0.0,0.0,0.0,1571.8275862068965,0.0,0.0,0.0,16.955555555555552,97.03333333333335,191.79310344827587,0.0,0.0,4043.9310344827586,37.00413793103448,0.0,154.88,71.86551724137931,0.6311111111111111,1.7666666666666668,0.0,0.0,82.66,1.6973274222222223,6.886654433333333,0.0,60.91,6.321724137931035,0.0,0.0,2.8951252942222223,-5.440227654333333,0.6530344827586206,28.893103448275866,6.321724137931035,0.0,0.0,0.0,0.4444444444444445,0.3333333333333333,0.4444444444444445,0.6666666666666666,0.0,0.0,0.0,1.0,0.0,0.0,0.0,0.0,0.12,649.976551724138,25.111111111111114,40.666666666666664,0.0,0.0,0.0,0.0,0.0,1.1111111111111112,2.3333333333333335,8.666666666666666,11.0,1.111111111111111,1.3333333333333333,3.555555555555556,5.333333333333333,0.0,0.0,6.222222222222222,4.666666666666667,0.0,0.0,0.0,0.0,0.0,1.0,0.0,1.0,0.0,0.0,0.0,3.555555555555556,6.333333333333333,0.6666666666666666,5.0,15.635555555555555,19.776666666666667,0.02,0.0,0.0,0.005,0.0,6.208222222222222,22.317666666666668,0.0,117.56,0.0,99.4,0.0,0.0,8.668000000000003,37.138000000000005,0.0,0.0,0.0,0.0,0.0,0.0,0.04888888888888889,0.44333333333333336,0.3066666666666667,1.6900000000000002,0.15222222222222223,0.38166666666666665,0.15444444444444447,1.3083333333333333,0.46111111111111097,2.998333333333333,1.0,3.0,1.4555555555555557,4.433333333333334,1.0,2000.0,300.0,0.29339589441798813
Predict_62,0.0,21.11111111111111,47.333333333333336,59.68161017242425,79.24732581818182,0.04,0.0,0.0,1643.121212121212,0.0,0.0,0.0,92.55555555555554,179.16666666666666,185.03030303030303,0.0,0.0,5676.181818181818,33.13696969696969,0.0,154.88,92.28181818181818,0.688888888888889,1.8533333333333335,0.0,0.0,82.66,1.7566007555555558,6.975564433333333,0.0,60.91,5.91,0.0,0.0,3.1293410704444447,-4.500621964333333,0.589030303030303,28.418303030303033,5.91,0.0,0.0,0.0,0.4444444444444445,0.3333333333333333,0.4444444444444445,0.6666666666666666,0.0,0.0,0.0,1.0,0.0,0.0,0.0,0.0,0.12,647.9503030303031,25.777777777777782,41.666666666666664,0.0,0.0,0.0,0.0,0.0,1.3333333333333333,2.0,9.111111111111112,11.333333333333334,1.3333333333333333,1.0,3.7777777777777772,5.666666666666667,0.0,0.0,6.222222222222222,4.666666666666667,0.0,0.0,0.0,0.0,0.0,1.0,0.0,1.0,0.0,0.0,0.0,3.7777777777777772,6.666666666666667,0.6666666666666666,5.0,15.791111111111112,19.543333333333333,0.0,0.0,0.0,0.005,0.0,5.844444444444444,22.863333333333333,0.0,117.56,0.0,99.4,0.0,0.0,8.668000000000003,37.138000000000005,0.0,0.0,0.0,0.0,0.0,0.0,0.04400000000000002,0.43599999999999994,0.30888888888888894,1.6866666666666668,0.14777777777777779,0.38833333333333336,0.16111111111111112,1.2983333333333333,0.4699999999999999,2.985,1.0,3.0,1.3444444444444448,4.266666666666667,1.0,2000.0,300.0,0.267827764925643
Predict_63,0.0,21.11111111111111,47.333333333333336,65.57603038655174,63.010188827586205,0.02,0.0,0.0,1438.1724137931035,0.0,0.0,0.0,92.55555555555554,179.16666666666666,191.79310344827587,0.0,0.0,3797.0344827586205,36.907586206896546,0.0,154.88,74.27931034482758,0.688888888888889,1.8533333333333335,0.0,0.0,82.66,1.7566007555555558,6.975564433333333,0.0,60.91,4.994137931034484,0.0,0.0,3.1293410704444447,-4.500621964333333,0.6524827586206897,28.832137931034485,4.994137931034484,0.0,0.0,0.0,0.4444444444444445,0.3333333333333333,0.4444444444444445,0.6666666666666666,0.0,0.0,0.0,1.0,0.0,0.0,0.0,0.0,0.12,552.8634482758621,25.777777777777782,41.666666666666664,0.0,0.0,0.0,0.0,0.0,1.3333333333333333,2.0,9.111111111111112,11.333333333333334,1.3333333333333333,1.0,3.7777777777777772,5.666666666666667,0.0,0.0,6.222222222222222,4.666666666666667,0.0,0.0,0.0,0.0,0.0,1.0,0.0,1.0,0.0,0.0,0.0,3.7777777777777772,6.666666666666667,0.6666666666666666,5.0,15.791111111111112,19.543333333333333,0.0,0.0,0.0,0.005,0.0,5.844444444444444,22.863333333333333,0.0,117.56,0.0,99.4,0.0,0.0,8.668000000000003,37.138000000000005,0.0,0.0,0.0,0.0,0.0,0.0,0.04400000000000002,0.43599999999999994,0.30888888888888894,1.6866666666666668,0.14777777777777779,0.38833333333333336,0.16111111111111112,1.2983333333333333,0.4699999999999999,2.985,1.0,3.0,1.3444444444444448,4.266666666666667,1.0,2000.0,300.0,0.2741131601157976
Predict_64,0.0,22.444444444444446,48.333333333333336,62.92872760030303,81.72815757575758,0.0,0.0,0.0,1374.7575757575758,0.0,0.0,0.0,33.08888888888889,84.93333333333334,187.45454545454547,0.0,0.0,3746.4848484848485,33.42666666666666,0.0,154.88,46.778787878787874,0.6422222222222222,1.7833333333333334,0.0,6.93,75.72999999999999,1.354622977777778,6.372597766666666,9.294999999999998,51.614999999999995,4.024909090909091,0.0,0.0,3.0361550704444453,-4.640400964333334,0.5892727272727272,28.244242424242426,4.024909090909091,0.0,0.0,0.0,0.4444444444444445,0.3333333333333333,0.4444444444444444,0.3333333333333333,0.0,0.0,0.0,1.0,0.0,0.0,0.0,0.0,0.12,469.3515151515151,29.111111111111114,46.666666666666664,0.0,0.0,0.0,0.0,0.0,1.3333333333333333,3.0,10.444444444444445,12.333333333333334,1.3333333333333333,1.0,3.7777777777777772,5.666666666666667,0.0,0.0,6.222222222222222,4.666666666666667,1.7777777777777777,1.3333333333333333,0.8888888888888888,0.6666666666666666,0.4444444444444445,0.6666666666666666,0.4444444444444444,1.3333333333333333,0.0,0.04,0.0,4.444444444444444,7.666666666666667,0.6666666666666666,5.0,15.525555555555556,19.941666666666666,0.0,0.0,0.0,0.005,0.0,6.992782222222221,21.140826666666666,0.0,117.56,0.0,99.4,0.0,0.0,6.93437777777778,35.40443333333334,0.0,0.0,0.0,0.0,0.0,0.0,0.03555555555555556,0.42333333333333334,0.38000000000000006,1.58,0.16333333333333333,0.365,0.2166666666666667,1.215,0.5966666666666667,2.795,1.0,3.0,1.1111111111111112,3.9166666666666665,1.0,2000.0,300.0,0.2744349504513929
Predict_65,0.0,22.444444444444446,48.333333333333336,67.42352823344828,64.42169655172414,0.0,0.0,0.0,1285.4827586206898,0.0,0.0,0.0,33.08888888888889,84.93333333333334,193.17241379310346,0.0,0.0,2699.103448275862,37.07241379310344,0.0,154.88,48.38965517241379,0.6422222222222222,1.7833333333333334,0.0,6.93,75.72999999999999,1.354622977777778,6.372597766666666,9.294999999999998,51.614999999999995,3.921586206896552,0.0,0.0,3.0361550704444453,-4.640400964333334,0.6526206896551724,28.733103448275866,3.921586206896552,0.0,0.0,0.0,0.4444444444444445,0.3333333333333333,0.4444444444444444,0.3333333333333333,0.0,0.0,0.0,1.0,0.0,0.0,0.0,0.0,0.12,451.24689655172415,29.111111111111114,46.666666666666664,0.0,0.0,0.0,0.0,0.0,1.3333333333333333,3.0,10.444444444444445,12.333333333333334,1.3333333333333333,1.0,3.7777777777777772,5.666666666666667,0.0,0.0,6.222222222222222,4.666666666666667,1.7777777777777777,1.3333333333333333,0.8888888888888888,0.6666666666666666,0.4444444444444445,0.6666666666666666,0.4444444444444444,1.3333333333333333,0.0,0.02,0.0,4.444444444444444,7.666666666666667,0.6666666666666666,5.0,15.525555555555556,19.941666666666666,0.0,0.0,0.0,0.005,0.0,6.992782222222221,21.140826666666666,0.0,117.56,0.0,99.4,0.0,0.0,6.93437777777778,35.40443333333334,0.0,0.0,0.0,0.0,0.0,0.0,0.03555555555555556,0.42333333333333334,0.38000000000000006,1.58,0.16333333333333333,0.365,0.2166666666666667,1.215,0.5966666666666667,2.795,1.0,3.0,1.1111111111111112,3.9166666666666665,1.0,2000.0,300.0,0.28358446366878565
Predict_66,0.0,22.888888888888886,48.666666666666664,64.17528179909091,82.15976969696969,0.0,0.0,0.04,1329.909090909091,0.0,0.0,0.0,45.27111111111111,75.79666666666667,187.93939393939394,0.0,0.0,3368.3030303030305,31.827878787878785,0.0,154.88,60.378787878787875,0.5733333333333333,1.6800000000000004,0.0,13.329999999999998,69.33,1.3254829777777777,6.328887766666667,7.805,53.105,5.559939393939394,0.0,0.0,2.959562894888889,-4.755289227666666,0.5873333333333333,28.443030303030305,5.559939393939394,0.0,0.0,0.0,0.4444444444444445,0.3333333333333333,0.4444444444444444,0.3333333333333333,0.0,0.0,0.0,1.0,0.0,0.0,0.0,0.0,0.12,455.72484848484845,30.222222222222218,48.333333333333336,0.0,0.0,0.0,0.0,0.0,1.1111111111111112,2.6666666666666665,10.888888888888888,12.666666666666666,1.3333333333333333,1.0,3.7777777777777772,5.666666666666667,0.0,0.0,6.222222222222222,4.666666666666667,1.3333333333333333,1.0,1.3333333333333333,1.0,0.4444444444444445,0.6666666666666666,0.4444444444444444,1.3333333333333333,0.0,0.0,0.0,4.666666666666667,8.0,0.6666666666666666,5.0,16.99111111111111,17.743333333333332,0.0,0.0,0.0,0.005,0.0,6.621555555555555,21.697666666666667,0.0,117.56,5.550000000000004,93.85,0.0,0.0,8.35155555555556,33.27866666666667,0.0,0.0,0.0,0.0,0.0,0.0,0.03288888888888888,0.41933333333333334,0.3917777777777777,1.5623333333333331,0.1662222222222222,0.36066666666666664,0.22555555555555554,1.2016666666666667,0.6173333333333333,2.764,1.0,3.0,1.1222222222222225,3.9333333333333336,1.0,2000.0,300.0,0.1620860186102738
Predict_67,0.0,22.888888888888886,48.666666666666664,68.13277458793104,64.66726896551725,0.0,0.0,0.02,1259.9655172413793,0.0,0.0,0.0,45.27111111111111,75.79666666666667,193.44827586206895,0.0,0.0,2483.9310344827586,36.16275862068966,0.0,154.88,56.127586206896545,0.5733333333333333,1.6800000000000004,0.0,13.329999999999998,69.33,1.3254829777777777,6.328887766666667,7.805,53.105,4.794965517241379,0.0,0.0,2.959562894888889,-4.755289227666666,0.6515172413793103,28.846206896551728,4.794965517241379,0.0,0.0,0.0,0.4444444444444445,0.3333333333333333,0.4444444444444444,0.3333333333333333,0.0,0.0,0.0,1.0,0.0,0.0,0.0,0.0,0.12,443.49379310344824,30.222222222222218,48.333333333333336,0.0,0.0,0.0,0.0,0.0,1.1111111111111112,2.6666666666666665,10.888888888888888,12.666666666666666,1.3333333333333333,1.0,3.7777777777777772,5.666666666666667,0.0,0.0,6.222222222222222,4.666666666666667,1.3333333333333333,1.0,1.3333333333333333,1.0,0.4444444444444445,0.6666666666666666,0.4444444444444444,1.3333333333333333,0.0,0.0,0.0,4.666666666666667,8.0,0.6666666666666666,5.0,16.99111111111111,17.743333333333332,0.0,0.0,0.0,0.005,0.0,6.621555555555555,21.697666666666667,0.0,117.56,5.550000000000004,93.85,0.0,0.0,8.35155555555556,33.27866666666667,0.0,0.0,0.0,0.0,0.0,0.0,0.03288888888888888,0.41933333333333334,0.3917777777777777,1.5623333333333331,0.1662222222222222,0.36066666666666664,0.22555555555555554,1.2016666666666667,0.6173333333333333,2.764,1.0,3.0,1.1222222222222225,3.9333333333333336,1.0,2000.0,300.0,0.17162418248247616
