,Atomic Number_wt-mad,Atomic Number_wt-mean,Atomic Volume_wt-mad,Atomic Volume_wt-mean,Atomic Weight_wt-mad,Atomic Weight_wt-mean,Bi Loading,Boiling Temperature_wt-mad,Boiling Temperature_wt-mean,Ca Loading,Co Loading,Conductivity_wt-mad,Conductivity_wt-mean,Covalent Radius_wt-mad,Covalent Radius_wt-mean,Cr Loading,Cu Loading,Density_wt-mad,Density_wt-mean,Dipole Polarizability_wt-mad,Dipole Polarizability_wt-mean,Eighth Ionization Energy_wt-mad,Eighth Ionization Energy_wt-mean,Electron Affinity_wt-mad,Electron Affinity_wt-mean,Electronegativity_wt-mad,Electronegativity_wt-mean,Element Dictionary,Fe Loading,Fifth Ionization Energy_wt-mad,Fifth Ionization Energy_wt-mean,First Ionization Energy_wt-mad,First Ionization Energy_wt-mean,Fourth Ionization Energy_wt-mad,Fourth Ionization Energy_wt-mean,Fusion Enthalpy_wt-mad,Fusion Enthalpy_wt-mean,GS Bandgap_wt-mad,GS Bandgap_wt-mean,GS Energy_wt-mad,GS Energy_wt-mean,Heat Capacity (Mass)_wt-mad,Heat Capacity (Mass)_wt-mean,Heat Capacity (Molar)_wt-mad,Heat Capacity (Molar)_wt-mean,Heat Fusion_wt-mad,Heat Fusion_wt-mean,Hf Loading,In Loading,Ir Loading,IsAlkali_wt-mad,IsAlkali_wt-mean,IsDBlock_wt-mad,IsDBlock_wt-mean,IsFBlock_wt-mad,IsFBlock_wt-mean,IsMetal_wt-mad,IsMetal_wt-mean,IsMetalloid_wt-mad,IsMetalloid_wt-mean,IsNonmetal_wt-mad,IsNonmetal_wt-mean,K Loading,Measured Conversion,Melting Temperature_wt-mad,Melting Temperature_wt-mean,Mendeleev Number_wt-mad,Mendeleev Number_wt-mean,Mg Loading,Mn Loading,Mo Loading,Ni Loading,Number Unfilled Electrons_wt-mad,Number Unfilled Electrons_wt-mean,Number Valence Electrons_wt-mad,Number Valence Electrons_wt-mean,Number d-shell Unfilled Electrons_wt-mad,Number d-shell Unfilled Electrons_wt-mean,Number d-shell Valance Electrons_wt-mad,Number d-shell Valance Electrons_wt-mean,Number f-shell Unfilled Electrons_wt-mad,Number f-shell Unfilled Electrons_wt-mean,Number f-shell Valance Electrons_wt-mad,Number f-shell Valance Electrons_wt-mean,Number p-shell Unfilled Electrons_wt-mad,Number p-shell Unfilled Electrons_wt-mean,Number p-shell Valance Electrons_wt-mad,Number p-shell Valance Electrons_wt-mean,Number s-shell Unfilled Electrons_wt-mad,Number s-shell Unfilled Electrons_wt-mean,Number s-shell Valance Electrons_wt-mad,Number s-shell Valance Electrons_wt-mean,Os Loading,Pd Loading,Periodic Table Column_wt-mad,Periodic Table Column_wt-mean,Periodic Table Row_wt-mad,Periodic Table Row_wt-mean,Polarizability_wt-mad,Polarizability_wt-mean,Pt Loading,Re Loading,Rh Loading,Ru Loading,Sc Loading,Second Ionization Energy_wt-mad,Second Ionization Energy_wt-mean,Seventh Ionization Energy_wt-mad,Seventh Ionization Energy_wt-mean,Sixth Ionization Energy_wt-mad,Sixth Ionization Energy_wt-mean,Sr Loading,Third Ionization Energy_wt-mad,Third Ionization Energy_wt-mean,W Loading,XRD 2TH 11.10,XRD 2TH 12.79,XRD 2TH 16.19,XRD 2TH 17.50,XRD 2TH 18.15,XRD 2TH 18.94,XRD 2TH 19.60,XRD 2TH 21.84,XRD 2TH 26.74,XRD 2TH 28.61,XRD 2TH 32.10,XRD 2TH 33.59,XRD 2TH 34.26,XRD 2TH 35.35,XRD 2TH 36.03,XRD 2TH 37.12,XRD 2TH 38.49,XRD 2TH 40.14,XRD 2TH 40.83,XRD 2TH 46.27,XRD 2TH 50.54,XRD 2TH 53.42,Y Loading,Zn Loading,Zunger Pseudopotential (d)_wt-mad,Zunger Pseudopotential (d)_wt-mean,Zunger Pseudopotential (p)_wt-mad,Zunger Pseudopotential (p)_wt-mean,Zunger Pseudopotential (pi)_wt-mad,Zunger Pseudopotential (pi)_wt-mean,Zunger Pseudopotential (s)_wt-mad,Zunger Pseudopotential (s)_wt-mean,Zunger Pseudopotential (sigma)_wt-mad,Zunger Pseudopotential (sigma)_wt-mean,ammonia_concentration,n_averaged,n_elements,phi_wt-mad,phi_wt-mean,reactor_number,space_velocity,standard error,temperature,predictions
87_300_0,870.625,24.875,2120.7253019707878,60.640305790000006,4221.43090891,53.6331,0.0,6812630.854166666,1971.4375,0.0,0.0,13115.78125,110.0625,31898.583333333332,190.25,0.0,0.0,26190581.083333332,3342.625,774.9262249999999,35.4225,21354.005400000002,143.08499999999998,4144.843333333332,56.1125,1.998616666666667,1.1575,"dict_items([('Ru', 1), ('Mo', 3.0), ('K', 12)])",0.0,4951.929328125,72.21187499999999,31.606810558750787,5.04535935,2917.8930375,54.38249999999999,292.4669843749999,11.190625,0.0,0.0,-24.178420973850944,-3.43146458975,0.26153020833333335,0.6296875,730.9566,28.215000000000003,292.4669843749999,11.190625,0.0,0.0,0.0,0.25,0.75,0.16666666666666666,0.25,0.0,0.0,1.0,1.0,0.0,0.0,0.0,0.0,0.12,0.16582702300000002,1865408.6608499999,958.335,549.5416666666667,15.125,0.0,0.0,0.03,0.0,7.791666666666667,2.125,11.875,2.375,3.0,1.125,5.5,1.375,0.0,0.0,0.0,0.0,0.0,0.0,0.0,0.0,1.0,1.0,1.0,1.0,0.0,0.0,11.875,2.375,19.833333333333336,4.25,774.9262249999999,35.4225,0.0,0.0,0.0,0.01,0.0,598.1633333333333,27.8,13587.951984,111.732,7356.187098915001,87.45517500000001,0.0,1393.3437915000002,41.22075,0.0,0.018152071893719732,0.020000197232242032,0.046718065132615005,0.08222373738782769,0.11402808671770626,0.12410493556963573,0.12742497704220992,0.08298769523473915,0.011691403003108676,0.4097843532188394,0.0017020134637661425,0.00589069709181575,0.0061186263742652675,0.048797956945154784,0.02311371749226484,0.032280743029214326,0.0245190760187107,0.024537459888230397,0.208438753126068,0.09719424975753096,0.0645877064592095,0.044749268440143916,0.0,0.0,0.17357499999999998,0.39749999999999996,3.381116666666666,1.9849999999999999,0.21275781250000003,0.5296875,1.8943317708333336,1.4553125,10.338139062500002,3.4403125,1.02,2.0,3.0,11.877187500000002,2.896875,6.0,2536.212871,0.003255444,300.0,0.1799314899199998
83_300_0,926.5,25.5,2096.830064891124,60.419181095000006,4542.1544310975005,55.259975000000004,0.0,5015793.375,1731.375,0.0,0.0,9756.122500000001,100.475,30561.0,187.875,0.0,0.0,31065738.375,3691.125,657.4142249999999,34.2225,17990.8608,116.16,3774.765,55.675,2.0271000000000003,1.165,"dict_items([('Ru', 2), ('Pd', 2.0), ('K', 12)])",0.0,5124.5067,61.995,34.85068377757256,5.2176724750000005,2782.5210749999997,45.6825,166.60379583333335,8.6675,0.0,0.0,-13.44825805988468,-2.6147058022500005,0.259364,0.628,755.3854000000001,28.455000000000002,166.60379583333335,8.6675,0.0,0.0,0.0,0.25,0.75,0.16666666666666666,0.25,0.0,0.0,1.0,1.0,0.0,0.0,0.0,0.0,0.12,0.297161443,1283203.115975,806.77875,685.6666666666667,17.0,0.0,0.0,0.0,0.0,2.0833333333333335,1.25,19.0,3.0,0.375,0.375,12.041666666666668,2.125,0.0,0.0,0.0,0.0,0.0,0.0,0.0,0.0,0.5833333333333334,0.875,0.5833333333333334,0.875,0.0,0.02,19.0,3.0,19.833333333333336,4.25,657.4142249999999,34.2225,0.0,0.0,0.0,0.02,0.0,638.5535583333333,28.24625,10365.2652,88.17,7410.270000000001,74.55000000000001,0.0,1501.9381923333335,42.0295,0.0,0.010637662021268852,0.007171244347753964,0.06766332525250861,0.09608081327047836,0.1070824088417402,0.137818708483796,0.13522164733582004,0.09865610953878552,0.02298982342121543,0.2611548503684318,0.01395549130787562,0.05382794315046231,0.0984063566918786,0.03247339504698046,0.031300871111929286,0.025120024436126067,0.015729186845180734,0.017941596076590433,0.12336223894092364,0.07326537155549043,0.03283591256959105,0.03728229479554157,0.0,0.0,0.15605833333333335,0.38375,3.263975,1.9662499999999998,0.215915625,0.5331250000000001,1.7985718750000002,1.433125,9.909178124999999,3.399375,1.0795660040000001,4.0,3.0,13.291041666666668,3.04375,14.0,2184.35,0.040632661,300.0,0.32564520672500025
77_300_0,1466.0833333333333,30.125,2623.604046279261,63.01731519625,7923.3507415725,68.080025,0.02,3783332.666666666,1556.5,0.0,0.0,7010.1494625,92.48625,31311.0,189.0,0.0,0.0,26155904.833333336,3410.75,597.4623916666666,33.6725,17990.8608,116.16,4847.108749999999,60.3625,1.9194000000000004,1.1425,"dict_items([('Ru', 2), ('Bi', 2.0), ('K', 12)])",0.0,4783.42335,68.995,32.190289422766725,5.086247475,2726.6762249999997,51.345,138.11195358333336,7.96325,0.0,0.0,-11.74174009838928,-2.469195781,0.22814725,0.61275,749.5046833333334,28.3975,138.11195358333336,7.96325,0.0,0.0,0.0,0.25,0.75,0.041666666666666664,0.125,0.0,0.0,1.0,1.0,0.0,0.0,0.0,0.0,0.12,0.049364637999999995,751442.5458083334,646.3225,966.6666666666667,20.0,0.0,0.0,0.0,0.0,4.333333333333333,1.625,68.08333333333333,5.375,0.375,0.375,12.041666666666668,2.125,0.0,0.0,8.166666666666668,1.75,0.375,0.375,0.375,0.375,0.5833333333333334,0.875,1.5,1.125,0.0,0.0,29.0,3.625,21.875,4.375,597.4623916666666,33.6725,0.0,0.0,0.0,0.02,0.0,605.4815249583334,27.905375,10365.2652,88.17,8032.386875000001,85.5875,0.0,1368.0277490000003,41.10825,0.0,0.14186450815340154,0.08918568517330593,0.2715298656461427,0.06325657842419254,0.06593557028349874,0.05648621458432381,0.06213504474055216,0.1052962186112988,0.24264545228348414,1.4345307530398437,0.28210819319237995,0.15315329126625546,0.20136068897437595,0.17293918020776822,0.3500489315329625,0.19571909695369,0.13630900364325346,0.11553636353886447,0.3567998576173245,0.30188912941651425,0.13462666424479128,0.1178111754083562,0.0,0.0,0.16291099999999997,0.38849999999999996,3.0147174583333327,1.9296249999999997,0.18628433333333333,0.5165,1.6981052083333334,1.413125,9.239360999999999,3.34275,1.063311688,4.0,3.0,11.332916666666666,2.88125,10.0,2433.2,0.045606548,300.0,0.257160232445
49_300_0,1238.7083333333333,27.125,2120.264597388016,60.421045863125,6454.715148034999,59.76435,0.0,7400002.5625,1967.5625,0.0,0.0,7229.78125,98.8125,32320.75,189.75,0.0,0.0,45082100.66666667,4164.5,744.0652875,34.91625,17990.8608,116.16,4581.695624999999,60.20625,2.107166666666667,1.175,"dict_items([('Ru', 3), ('W', 1.0), ('K', 12)])",0.0,5124.5067,61.995,33.43752252286541,5.1270931,2782.5210749999997,45.6825,380.90382291666674,12.256250000000001,0.0,0.0,-26.018410359887138,-3.357073617875,0.23314812499999998,0.620625,733.2725937500002,28.228125000000002,380.90382291666674,12.256250000000001,0.0,0.0,0.0,0.25,0.75,0.16666666666666666,0.25,0.0,0.0,1.0,1.0,0.0,0.0,0.0,0.0,0.12,0.56671637,2151210.114391667,972.1475,584.375,15.9375,0.0,0.0,0.0,0.0,6.875,1.875,33.83333333333333,3.5,2.8125,0.9375,5.729166666666667,1.5625,0.0,0.0,4.083333333333334,0.875,0.0,0.0,0.0,0.0,0.625,0.9375,1.4166666666666665,1.0625,0.0,0.0,13.125,2.625,21.5625,4.3125,744.0652875,34.91625,0.0,0.0,0.0,0.03,0.0,599.1389708333334,27.87125,10365.2652,88.17,7410.270000000001,74.55000000000001,0.0,1474.1047072500003,39.692625,0.01,-0.013776033771194542,0.01242703729748456,0.06201875156434361,0.09042810329700582,0.12549477007784707,0.13360681599510466,0.13469046661945133,0.08883657509467502,0.016024796061810218,0.36166453498375,0.007744021133050429,-0.00031277146026744215,0.0069794337004984025,0.06782500235589745,0.05050384991713009,0.03706862414287428,0.0259575625268718,0.03227640869256064,0.16148211310905278,0.09955899580397097,0.048424036361744735,0.031588486330663745,0.0,0.0,0.18741249999999998,0.39874999999999994,3.3841015624999997,1.9809374999999998,0.21756666666666669,0.535,1.8821286458333337,1.4459375,10.31489375,3.426875,1.148003895,3.0,3.0,12.45,3.0,10.0,2038.517588,0.012122562,300.0,0.3696822907400001
59_300_0,1293.75,28.75,2284.5229913680805,61.36547171,6826.587550555834,64.268725,0.0,6668230.041666666,1936.375,0.0,0.0,7628.645833333333,94.375,33601.5,192.375,0.0,0.0,34072224.0,3852.0,820.2489750000001,35.6475,17990.8608,116.16,2443.2287499999998,48.9625,1.5156,1.0525,"dict_items([('Ru', 2), ('Hf', 2.0), ('K', 12)])",0.0,5124.5067,61.995,31.054251047865343,5.028693725,2348.8731,49.848749999999995,226.515625,9.975000000000001,0.0,0.0,-21.70942467514726,-3.216771397875,0.2336848333333333,0.6154999999999999,752.1871708333334,28.423750000000002,226.515625,9.975000000000001,0.02,0.0,0.0,0.25,0.75,0.16666666666666666,0.25,0.0,0.0,1.0,1.0,0.0,0.0,0.0,0.0,0.12,0.7993198579999999,1619459.536475,891.5225,515.6666666666666,14.875,0.0,0.0,0.0,0.0,9.75,2.25,36.0,4.0,5.041666666666666,1.375,3.375,1.125,0.0,0.0,8.166666666666668,1.75,0.0,0.0,0.0,0.0,0.5833333333333334,0.875,1.5,1.125,0.0,0.0,9.75,2.25,21.875,4.375,820.2489750000001,35.6475,0.0,0.0,0.0,0.02,0.0,585.142525,27.6925,10365.2652,88.17,7410.270000000001,74.55000000000001,0.0,1327.871127333333,40.82575,0.0,0.0,0.0,0.0,0.0,0.0,0.0,0.0,0.0,0.0,0.0,0.0,0.0,0.0,0.0,0.0,0.0,0.0,0.0,0.0,0.0,0.0,0.0,0.0,0.0,0.199375,0.4125,3.4734750000000005,1.9962499999999999,0.22049895833333333,0.535625,1.9401968750000003,1.460625,10.606844791666667,3.456875,1.020408163,3.0,3.0,10.546875,2.8125,0.0,2234.988453,0.004969793,300.0,0.84302896764
93_300_0,1428.875,31.0625,2099.600861112869,60.492078328750004,7675.73918200375,70.55441250000001,0.0,8118836.166666667,2150.875,0.0,0.0,8309.21875,93.1875,31614.583333333332,189.6875,0.0,0.0,61144806.083333336,5356.375,726.2077874999999,34.84125,17990.8608,116.16,2482.1566666666663,45.349999999999994,1.81835,1.10875,"dict_items([('Ru', 1), ('Re', 3.0), ('K', 12)])",0.0,5124.5067,61.995,33.7579755819061,5.184313725000001,2782.5210749999997,45.6825,263.84571354166667,10.553125,0.0,0.0,-28.20491922401381,-3.72601208975,0.22953658333333335,0.6083124999999999,751.3353750000001,28.481250000000003,263.84571354166667,10.553125,0.0,0.0,0.0,0.25,0.75,0.16666666666666666,0.25,0.0,0.0,1.0,1.0,0.0,0.0,0.0,0.0,0.12,0.115003504,2270545.220225,1063.8975,597.9583333333333,15.875,0.0,0.0,0.0,0.0,6.458333333333334,1.9375,51.875,5.1875,3.0,1.125,5.5,1.375,0.0,0.0,12.25,2.625,0.0,0.0,0.0,0.0,0.5416666666666666,0.8125,1.5833333333333335,1.1875,0.0,0.0,13.666666666666666,2.5625,22.1875,4.4375,726.2077874999999,34.84125,0.0,0.03,0.0,0.01,0.0,599.31015,24.77,10365.2652,88.17,7410.270000000001,74.55000000000001,0.0,1341.9398497500001,36.133875,0.0,0.0059834167762734,0.0030728656269013443,0.0519455203234433,0.19245717573713889,0.11231231980458416,0.11934100465413705,0.13511447120175807,0.07606367125233525,0.1343138997979888,0.32541966126796673,0.02350639714941251,0.0019429121803620844,0.003925334760661349,0.15291574725207413,0.035091015272063965,0.03897672315018394,0.027360667234822573,0.028949726955083768,0.14347067962868382,0.08848420867511396,0.037356269434759566,0.0769867007864854,0.0,0.0,0.19000468749999994,0.41156249999999994,3.3713124999999993,1.9831249999999998,0.21782031250000003,0.5334375,1.8725130208333334,1.4496875,10.269830729166667,3.4328125000000003,1.01,2.0,3.0,12.850000000000003,3.0,14.0,2442.711443,0.018575461,300.0,0.3317563449499999
33_300_0,581.25,23.25,2285.8487521203547,60.881268280625,2729.8956240454168,49.7934125,0.0,3837397.666666666,1688.5,0.0,0.0,13588.40625,108.5625,30778.125,188.4375,0.0,0.0,15313160.0,3070.0,739.7440606913372,34.895416666875,27940.093649999995,132.7825,2759.158125,55.293749999999996,1.6011979166666668,1.109375,"dict_items([('Ru', 3), ('Mg', 1.0), ('K', 12)])",0.0,7929.851146874999,70.824375,32.97751730452832,5.1134809125,4468.093361101563,52.511593749999996,156.7270697916667,9.516875,0.0,0.0,-10.428279128611637,-2.6435405985000004,0.454932875,0.6763125,739.8887858541666,28.2655625,156.7270697916667,9.516875,0.0,0.0,0.0,0.5416666666666666,0.8125,0.0625,0.1875,0.0,0.0,1.0,1.0,0.0,0.0,0.0,0.0,0.12,0.8140625579999999,1029653.7168916665,798.8975,719.6666666666667,17.0,0.01,0.0,0.0,0.0,2.5,1.5,8.708333333333332,2.375,0.5625,0.5625,3.0625,1.3125,0.0,0.0,0.0,0.0,0.0,0.0,0.0,0.0,0.625,0.9375,1.4166666666666665,1.0625,0.0,0.0,8.708333333333332,2.375,16.5,4.125,739.7440606913372,34.895416666875,0.0,0.0,0.0,0.03,0.0,587.8402940848521,27.804704375,17511.619037500004,102.23375,12336.7153,86.22250000000001,0.0,2300.9362088810417,44.70160625,0.0,0.015401387819898943,0.016955057835497573,0.061016829187450036,0.10837929577449062,0.1425676254428565,0.15218138072346274,0.15774134702495898,0.10373849776691844,0.012254198460884177,0.2033386844967028,0.0011472586732768134,0.001530960361878086,0.0006282648287341508,0.04021981780943359,0.025947838412776973,0.0327441069619877,0.02530242640362806,0.03733257039878198,0.08883825868461763,0.08050569544019702,0.0274223010430433,0.01917637270255693,0.0,0.0,0.14836875,0.36187499999999995,3.0918624999999995,1.9568749999999997,0.2044109375,0.5309375000000001,1.7039953125,1.4259375,9.3873046875,3.3828125,0.9613804440000001,5.0,3.0,10.787812500000003,2.9156250000000004,11.0,2368.054187,0.025140636,300.0,0.44221609628500014
75_300_0,812.2083333333333,24.125,3285.9089933119667,68.10697768187501,3953.596239535,52.06935,0.0,3224977.5,1360.75,0.0,0.0,7717.0975,90.825,35892.666666666664,197.9375,0.0,0.0,10085737.333333332,1908.25,987.9309124999999,37.813125,19276.6563375,139.09125,2247.421014583333,43.574374999999996,1.2315270833333334,0.930625,"dict_items([('Ru', 1), ('Sr', 3.0), ('K', 12)])",0.0,5817.1446,75.42,27.73685943522141,4.783313100000001,3323.29335,56.37,89.55748958333335,5.55625,0.0,0.0,-6.839102349068803,-1.7133469328750002,0.27754666666666666,0.64,770.35903125,28.726875000000003,89.55748958333335,5.55625,0.0,0.0,0.0,0.625,0.9375,0.020833333333333332,0.0625,0.0,0.0,1.0,1.0,0.0,0.0,0.0,0.0,0.12,0.70658984,814959.6670999998,612.21,161.91666666666666,7.25,0.0,0.0,0.0,0.0,1.6666666666666667,1.0,5.958333333333333,1.625,0.1875,0.1875,1.0208333333333335,0.4375,0.0,0.0,0.0,0.0,0.0,0.0,0.0,0.0,0.5416666666666666,0.8125,1.5833333333333335,1.1875,0.0,0.0,5.958333333333333,1.625,19.833333333333336,4.25,987.9309124999999,37.813125,0.0,0.0,0.0,0.01,0.0,531.5750618131251,26.83814375,12077.270100000002,108.045,8708.782500000001,91.57500000000002,0.03,1725.2986415,44.17575,0.0,0.01877807402325608,0.009531361210835507,0.061019952056151724,0.08864106790264431,0.10986199471961873,0.1246328692860536,0.12393449742885156,0.10264651928129773,0.01229822822927034,0.2833460534495653,0.02548342923741513,0.002783705399459165,0.005467123527328003,0.02417339390416002,0.03227021711932722,0.040281695786649516,0.0224647882091056,0.031145954351450476,0.1670234214446231,0.11957189562978215,0.056440227111410876,0.034204496619365886,0.0,0.0,0.20550868749999998,0.4243125,3.6708749999999997,2.0393749999999997,0.2359328125,0.5465625000000001,2.042665104166667,1.4928124999999999,11.191147395833331,3.5321875,0.9273897059999999,4.0,3.0,8.29125,2.475,7.0,2159.5979899999998,0.074278241,300.0,0.7409647371399994
17_300_0,688.0833333333334,22.4375,2023.2938505686848,59.952004772500004,3229.2434335975,47.555475,0.0,4761512.1875,1650.4375,0.0,0.0,32964.0625,159.375,29842.041666666668,186.125,0.0,0.03,22792847.75,3087.625,671.8927874999999,34.175625,23630.4054,147.285,5793.7527083333325,64.83125,1.81835,1.10875,"dict_items([('Ru', 1), ('Cu', 3.0), ('K', 12)])",0.0,6251.2577249999995,76.9575,33.44273477091798,5.164224975000001,3338.21773125,56.44125,122.011046875,6.713125,0.0,0.0,-9.72481897113079,-2.087942161625,0.30121375,0.6548125,736.3853750000001,28.286250000000003,122.011046875,6.713125,0.0,0.0,0.0,0.25,0.75,0.16666666666666666,0.25,0.0,0.0,1.0,1.0,0.0,0.0,0.0,0.0,0.12,0.11075924699999999,960504.4848125,669.9168749999999,727.75,17.75,0.0,0.0,0.0,0.0,2.375,1.1875,22.083333333333332,3.3125,0.1875,0.1875,13.104166666666668,2.3125,0.0,0.0,0.0,0.0,0.0,0.0,0.0,0.0,1.0,1.0,1.0,1.0,0.0,0.0,22.083333333333332,3.3125,17.604166666666664,4.0625,671.8927874999999,34.175625,0.0,0.0,0.0,0.01,0.0,654.1958535266667,28.574825,14653.7451,114.2325,9498.885,93.86250000000001,0.0,1594.2164334375002,43.0415625,0.0,0.0,0.0,0.0,0.0,0.0,0.0,0.0,0.0,0.0,0.0,0.0,0.0,0.0,0.0,0.0,0.0,0.0,0.0,0.0,0.0,0.0,0.0,0.0,0.0,0.11400468749999998,0.34031249999999996,3.0547874999999993,1.9212499999999997,0.21275781250000003,0.5296875,1.6536401041666666,1.3915625,9.204097395833331,3.3128125,1.015100671,6.0,3.0,11.532812500000002,2.859375,3.0,2354.2,0.024467187999999997,300.0,0.19488830114000005
15_300_0,745.5833333333333,24.3125,2030.6254404647004,60.1692463325,3547.7507416474996,52.245975,0.0,5202556.5625,1803.3125,0.0,0.0,25621.479166666668,123.875,30122.625,187.875,0.0,0.01,25976335.25,3518.875,680.3711625,34.606875,20301.2754,126.535,5602.731458333332,62.693749999999994,1.8798499999999998,1.14625,"dict_items([('Ru', 3), ('Cu', 1.0), ('K', 12)])",0.0,5440.988474999999,66.9825,33.14656187330948,5.118489975,2914.00021875,49.26875,178.785203125,9.836875000000001,0.0,0.0,-12.935063856020157,-2.7771895053750004,0.29276125,0.6364375,735.1487916666667,28.238750000000003,178.785203125,9.836875000000001,0.0,0.0,0.0,0.25,0.75,0.16666666666666666,0.25,0.0,0.0,1.0,1.0,0.0,0.0,0.0,0.0,0.12,0.303233369,1184392.5264375,826.0706250000001,686.75,16.75,0.0,0.0,0.0,0.0,3.125,1.5625,19.583333333333336,2.9375,0.5625,0.5625,10.979166666666668,1.9375,0.0,0.0,0.0,0.0,0.0,0.0,0.0,0.0,1.0,1.0,1.0,1.0,0.0,0.0,19.583333333333336,2.9375,18.145833333333332,4.1875,680.3711625,34.606875,0.0,0.0,0.0,0.03,0.0,644.0869489533334,28.133275,12424.8801,96.8575,8195.935000000001,80.98750000000001,0.0,1555.4597498125004,41.9951875,0.0,0.0,0.0,0.0,0.0,0.0,0.0,0.0,0.0,0.0,0.0,0.0,0.0,0.0,0.0,0.0,0.0,0.0,0.0,0.0,0.0,0.0,0.0,0.0,0.0,0.12510156249999999,0.3734375,3.1144124999999994,1.9587499999999998,0.2145151041666667,0.5340625,1.6930036458333333,1.4246875,9.400317187499999,3.3834375000000003,1.005633803,6.0,3.0,12.011770833333337,2.9781250000000004,0.0,2092.910448,0.064583262,300.0,0.5071154878950004
67_300_0,755.625,24.375,2105.6885310666753,60.380230195,3587.5441056600002,52.360600000000005,0.0,3709103.229166666,1677.0625,0.0,0.0,11861.322916666666,106.0625,29398.25,187.25,0.0,0.0,23133230.25,3407.625,542.0017018483354,33.8589583333125,20889.6354,127.035,2759.158125,55.293749999999996,1.76000625,1.130625,"dict_items([('Ru', 3), ('Zn', 1.0), ('K', 12)])",0.0,5549.224224999999,67.1575,36.72511777667731,5.2227286625,2971.356225,49.394999999999996,150.83599987500003,9.428625,0.0,0.0,-10.089300645696479,-2.6246485738125003,0.29348412500000004,0.636625,745.6555937500002,28.298125000000002,150.83599987500003,9.428625,0.0,0.0,0.0,0.25,0.75,0.16666666666666666,0.25,0.0,0.0,1.0,1.0,0.0,0.0,0.0,0.0,0.12,0.512376181,950871.945175,784.5025,728.0,17.0625,0.0,0.0,0.0,0.0,2.5,1.5,21.0,3.0,0.5625,0.5625,10.979166666666668,1.9375,0.0,0.0,0.0,0.0,0.0,0.0,0.0,0.0,0.625,0.9375,1.4166666666666665,1.0625,0.0,0.0,21.0,3.0,18.145833333333332,4.1875,542.0017018483354,33.8589583333125,0.0,0.0,0.0,0.03,0.0,619.0372320369187,27.987774375,12143.4301,96.545,8430.810000000001,81.30000000000001,0.0,1602.6478165624999,42.175312500000004,0.0,0.0,0.0,0.0,0.0,0.0,0.0,0.0,0.0,0.0,0.0,0.0,0.0,0.0,0.0,0.0,0.0,0.0,0.0,0.0,0.0,0.0,0.0,0.0,0.01,0.12364947916666666,0.3728125,3.039391666666666,1.9524999999999997,0.20642343750000003,0.5315625,1.660128645833333,1.4209375,9.192617187499998,3.3734375,1.048201989,4.0,3.0,11.578645833333333,2.9562500000000003,2.0,2594.296482,0.035941601000000004,300.0,0.23100913745000018
16_300_0,716.8333333333334,23.375,2026.9596455166925,60.06062555250001,3388.4970876224997,49.900725,0.0,4982034.375,1726.875,0.0,0.0,29292.770833333336,141.625,29982.333333333336,187.0,0.0,0.02,24384591.5,3303.25,676.131975,34.39125,21965.8404,136.91,5698.242083333333,63.762499999999996,1.8491,1.1275,"dict_items([('Ru', 2), ('Cu', 2.0), ('K', 12)])",0.0,5846.123099999999,71.97,33.29464832211373,5.141357475,3126.1089749999996,52.855,150.39812500000002,8.275,0.0,0.0,-11.329941413575472,-2.4325658335,0.29698749999999996,0.645625,735.7670833333334,28.262500000000003,150.39812500000002,8.275,0.0,0.0,0.0,0.25,0.75,0.16666666666666666,0.25,0.0,0.0,1.0,1.0,0.0,0.0,0.0,0.0,0.12,0.21236674100000003,1072448.505625,747.99375,707.25,17.25,0.0,0.0,0.0,0.0,2.75,1.375,20.833333333333336,3.125,0.375,0.375,12.041666666666668,2.125,0.0,0.0,0.0,0.0,0.0,0.0,0.0,0.0,1.0,1.0,1.0,1.0,0.0,0.0,20.833333333333336,3.125,17.875,4.125,676.131975,34.39125,0.0,0.0,0.0,0.02,0.0,649.14140124,28.35405,13539.3126,105.545,8847.410000000002,87.42500000000001,0.0,1574.8380916250003,42.518375000000006,0.0,0.0,0.0,0.0,0.0,0.0,0.0,0.0,0.0,0.0,0.0,0.0,0.0,0.0,0.0,0.0,0.0,0.0,0.0,0.0,0.0,0.0,0.0,0.0,0.0,0.11955312499999998,0.35687499999999994,3.084599999999999,1.94,0.21363645833333336,0.531875,1.673321875,1.408125,9.302207291666665,3.348125,1.0499092559999998,6.0,3.0,11.772291666666668,2.91875,1.0,2176.45,0.036547505,300.0,0.3021262874200003
50_300_0,1324.3333333333333,29.0,2125.288953251305,60.56422461375001,7013.4269603474995,64.937475,0.0,7730265.375,2055.375,0.0,0.0,6694.75,91.5,32491.083333333336,190.75,0.0,0.0,49736994.0,4594.5,746.0631,35.01,17990.8608,116.16,4473.728749999999,58.787499999999994,2.1251000000000007,1.185,"dict_items([('Ru', 2), ('W', 2.0), ('K', 12)])",0.0,5124.5067,61.995,33.64276547666435,5.1585637250000005,2782.5210749999997,45.6825,407.5534937500001,13.113750000000001,0.0,0.0,-27.84175514834719,-3.5923340584999996,0.2306593333333333,0.614,733.6135375000001,28.24125,407.5534937500001,13.113750000000001,0.0,0.0,0.0,0.25,0.75,0.16666666666666666,0.25,0.0,0.0,1.0,1.0,0.0,0.0,0.0,0.0,0.12,0.38292821,2301683.461058333,1040.1475,572.9166666666666,15.625,0.0,0.0,0.0,0.0,7.333333333333333,2.0,41.08333333333333,4.25,3.375,1.125,5.041666666666666,1.375,0.0,0.0,8.166666666666668,1.75,0.0,0.0,0.0,0.0,0.5833333333333334,0.875,1.5,1.125,0.0,0.0,12.5,2.5,21.875,4.375,746.0631,35.01,0.0,0.0,0.0,0.02,0.0,598.2522333333334,27.83,10365.2652,88.17,7410.270000000001,74.55000000000001,0.0,1408.0222785,37.913250000000005,0.02,0.0012209862032147266,0.0010395624435492268,0.06487554996845557,0.10705546402908568,0.1322844486488504,0.15382032646509464,0.15680062352141122,0.10398498264494467,0.018261130893176748,0.2535421454105324,0.002434520035613657,-9.137010109486546e-05,0.001998744231765737,0.11446430550112995,0.016917963502894384,0.02607994819915196,0.01832996347561201,0.028013339997713292,1.1920736566620178,0.06663045086767362,0.05693510084889058,0.02049094864324447,0.0,0.0,0.191525,0.4075,3.389973958333333,1.9843749999999998,0.21705833333333335,0.5337500000000001,1.8882302083333335,1.450625,10.33935,3.435,1.054006969,3.0,3.0,12.294374999999999,2.9625,11.0,2233.793103,0.020450405,300.0,0.4768074799800003
37_300_0,705.8333333333333,24.0625,2039.112692508264,60.193168991250005,3362.8515194459897,51.707977812500005,0.0,4541473.8125,1749.1875,0.0,0.0,7524.008356249999,99.300625,30632.166666666664,188.3125,0.0,0.0,23650354.0,3428.25,722.0754333333333,34.81,22415.5657125,128.31625,2759.158125,55.293749999999996,1.712797916666667,1.1243750000000001,"dict_items([('Ru', 3), ('Mn', 1.0), ('K', 12)])",0.0,5157.2956,66.52,32.53119875132939,5.100217475,2740.1085375000002,48.8825,175.74884375,9.793750000000001,0.0,0.0,-20.026884381387777,-3.1109339072499997,0.31558954166666664,0.6423125,755.977625,28.356250000000003,175.74884375,9.793750000000001,0.0,0.0,0.0,0.25,0.75,0.16666666666666666,0.25,0.0,0.0,1.0,1.0,0.0,0.0,0.0,0.0,0.12,0.366017921,1243777.767725,836.1475,592.0,16.0,0.0,0.01,0.0,0.0,6.041666666666667,1.8125,14.333333333333332,2.6875,2.333333333333333,0.875,6.5,1.625,0.0,0.0,0.0,0.0,0.0,0.0,0.0,0.0,0.625,0.9375,1.4166666666666665,1.0625,0.0,0.0,14.333333333333332,2.6875,18.145833333333332,4.1875,722.0754333333333,34.81,0.0,0.0,0.0,0.03,0.0,594.2517583333333,27.8425,11319.661226531249,95.6201875,7851.187500000001,80.525,0.0,1503.9072916666664,41.796875,0.0,0.004048479063500858,0.05915601819396035,0.05177637468490266,0.0970860360561098,0.15856275500244205,0.1434151920650447,0.1508304627473607,0.08967861963620963,0.015541169367118798,0.9734453760381804,0.0048921173829041395,0.0047273970616431,0.004934501182923547,0.05688607819826943,0.04978392498130453,0.04647390109155771,0.042539151680800816,0.046354584419423084,0.22505152604896014,0.09940408798944056,0.08649998893905099,0.027916353006908992,0.0,0.0,0.1316875,0.37625,3.1671749999999994,1.9631249999999998,0.20642343750000003,0.5315625,1.7536640625,1.4315625,9.635254687500002,3.3946875,0.969141755,6.0,3.0,12.011770833333337,2.9781250000000004,14.0,2048.075,0.031951098,300.0,0.48851996865500036
69_300_0,701.375,22.625,2112.828111956936,60.58495636000001,3281.876654535,47.89935,0.0,2812548.854166666,1271.6875,0.0,0.0,11847.34375,105.9375,28927.25,184.25,0.0,0.0,18695139.416666668,2753.875,534.5905722194113,31.9318749999375,24466.2054,148.785,2127.299375,42.631249999999994,1.6529854166666667,1.061875,"dict_items([('Ru', 1), ('Zn', 3.0), ('K', 12)])",0.0,6402.378974999999,77.4825,38.512685160600135,5.4769410375000005,3418.0071,56.81999999999999,87.80119379166668,5.4883750000000004,0.0,0.0,-6.267041769192322,-1.6303193669375,0.302127875,0.6553749999999999,750.0362812500002,28.464375000000004,87.80119379166668,5.4883750000000004,0.0,0.0,0.0,0.25,0.75,0.16666666666666666,0.25,0.0,0.0,1.0,1.0,0.0,0.0,0.0,0.0,0.12,0.054859118,660835.714875,545.2125,797.3333333333333,18.6875,0.0,0.0,0.0,0.0,1.6666666666666667,1.0,24.5,3.5,0.1875,0.1875,13.104166666666668,2.3125,0.0,0.0,0.0,0.0,0.0,0.0,0.0,0.0,0.5416666666666666,0.8125,1.5833333333333335,1.1875,0.0,0.0,24.5,3.5,17.604166666666664,4.0625,534.5905722194113,31.9318749999375,0.0,0.0,0.0,0.01,0.0,622.3670888607562,28.138323125,14250.2451,113.295,9830.760000000002,94.80000000000001,0.0,1656.0990976875,43.5819375,0.0,0.0,0.0,0.0,0.0,0.0,0.0,0.0,0.0,0.0,0.0,0.0,0.0,0.0,0.0,0.0,0.0,0.0,0.0,0.0,0.0,0.0,0.0,0.0,0.03,0.11224843749999999,0.33843749999999995,2.9615583333333326,1.9024999999999999,0.20278281250000002,0.5221875,1.6126651041666666,1.3803125,8.945664062499999,3.2828125,1.045576408,4.0,3.0,10.9421875,2.79375,4.0,2221.130653,0.054859118,300.0,0.2322852536450003
82_300_0,921.9583333333334,25.375,2094.377934609603,60.34852410375,4514.670110160001,54.9256,0.0,5230714.5625,1805.5625,0.0,0.0,10030.43,103.3,30632.166666666664,188.3125,0.0,0.0,31248267.604166668,3712.8125,663.1772249999999,34.5225,17990.8608,116.16,3976.47,58.64999999999999,2.0271000000000003,1.165,"dict_items([('Ru', 3), ('Pd', 1.0), ('K', 12)])",0.0,5124.5067,61.995,34.44307617327839,5.156647475,2782.5210749999997,45.6825,192.85338437500002,10.033125000000002,0.0,0.0,-14.7523647852383,-2.86825948975,0.259209125,0.627625,752.1998000000001,28.335,192.85338437500002,10.033125000000002,0.0,0.0,0.0,0.25,0.75,0.16666666666666666,0.25,0.0,0.0,1.0,1.0,0.0,0.0,0.0,0.0,0.12,0.391527275,1360636.9126625,855.463125,670.5416666666667,16.625,0.0,0.0,0.0,0.0,2.5,1.5,18.208333333333332,2.875,0.5625,0.5625,10.979166666666668,1.9375,0.0,0.0,0.0,0.0,0.0,0.0,0.0,0.0,0.625,0.9375,0.625,0.9375,0.0,0.01,18.208333333333332,2.875,19.833333333333336,4.25,663.1772249999999,34.5225,0.0,0.0,0.0,0.03,0.0,634.7810708333334,28.079375,10365.2652,88.17,7410.270000000001,74.55000000000001,0.0,1491.9769681666667,41.750750000000004,0.0,-0.004066715503929494,-0.0008565720957958242,0.08089848339856474,0.09355299310002962,0.11984928853367666,0.1366751273501321,0.14423872348084696,0.11272261448357213,0.029580344232176405,0.3868584088174911,0.02538911262022661,0.017010113852361508,0.03445643703112042,0.033473745646579345,0.05512995085060037,0.040332749857227686,0.026908529567109603,0.027621836143213487,0.19050068430939884,0.09847918156473193,0.0471664574316033,0.0295999376722282,0.0,0.0,0.1573291666666667,0.38687499999999997,3.2733125,1.9718749999999998,0.2165484375,0.5346875,1.8036703125000002,1.4371875,9.937417187499998,3.4090625,0.94972067,4.0,3.0,13.277395833333335,3.0406250000000004,13.0,2474.675,0.078522457,300.0,0.4239377126050003
57_300_0,574.0833333333334,20.75,2902.262026319912,65.78461327937501,2592.8565439725,43.155225,0.0,3317219.5,1379.875,0.03,0.0,17082.8125,121.875,34015.625,194.375,0.0,0.0,8401387.333333332,1705.75,991.1419193860244,37.847499999375,21717.51855,143.76749999999998,2183.5034312499997,43.075624999999995,1.2596,0.94,"dict_items([('Ru', 1), ('Ca', 3.0), ('K', 12)])",0.0,6505.762725,77.83875,28.869573018234846,4.861746225,3736.16660625,58.295625,95.04493645833332,5.764375,0.0,0.0,-7.193870728350249,-1.7631311763125002,0.38528845833333336,0.7039375,757.8315350625,28.5654375,95.04493645833332,5.764375,0.0,0.0,0.0,0.625,0.9375,0.020833333333333332,0.0625,0.0,0.0,1.0,1.0,0.0,0.0,0.0,0.0,0.12,0.26243880199999997,844711.995225,624.3975,155.375,7.0625,0.0,0.0,0.0,0.0,1.6666666666666667,1.0,5.958333333333333,1.625,0.1875,0.1875,1.0208333333333335,0.4375,0.0,0.0,0.0,0.0,0.0,0.0,0.0,0.0,0.5416666666666666,0.8125,1.5833333333333335,1.1875,0.0,0.0,5.958333333333333,1.625,17.604166666666664,4.0625,991.1419193860244,37.847499999375,0.0,0.0,0.0,0.01,0.0,542.2740764599,26.9959475,13709.0076,112.02000000000001,9882.955162500002,94.94625000000002,0.0,1906.2160865381252,45.68008125,0.0,0.0,0.0,0.0,0.0,0.0,0.0,0.0,0.0,0.0,0.0,0.0,0.0,0.0,0.0,0.0,0.0,0.0,0.0,0.0,0.0,0.0,0.0,0.0,0.0,0.142825,0.36937499999999995,3.5597291666666657,2.01875,0.23330781250000004,0.5446875,1.9678734375,1.4740625,10.821897395833332,3.4928125000000003,0.910625108,3.0,3.0,8.510625,2.503125,10.0,2310.452261,0.028828092000000003,300.0,0.59888814861
61_300_0,666.75,23.8125,2326.3740476322114,60.992956894375006,3152.300913348678,51.084094500000006,0.0,5126955.166666666,1797.25,0.0,0.0,7827.6466666666665,99.8,32913.25,190.25,0.0,0.0,17010404.9375,3147.9375,831.9036833333333,35.335,19724.195212500003,126.04124999999999,3156.038333333333,56.425,1.6242500000000004,1.1125,"dict_items([('Ru', 3), ('Sc', 1.0), ('K', 12)])",0.0,5902.4089593749995,67.723125,30.71586131509528,5.04568435,3378.5043973237503,50.2755875,180.99785937500002,9.868125000000001,0.0,0.0,-16.246094777959904,-2.93999314725,0.337542875,0.647875,747.0962916666667,28.306250000000002,180.99785937500002,9.868125000000001,0.0,0.0,0.0,0.25,0.75,0.16666666666666666,0.25,0.0,0.0,1.0,1.0,0.0,0.0,0.0,0.0,0.12,0.99774301,1355237.9250166665,854.585,313.5416666666667,13.4375,0.0,0.0,0.0,0.0,9.625,2.0625,9.75,2.4375,4.5,1.125,3.6666666666666665,1.375,0.0,0.0,0.0,0.0,0.0,0.0,0.0,0.0,0.625,0.9375,1.4166666666666665,1.0625,0.0,0.0,9.75,2.4375,18.145833333333332,4.1875,831.9036833333333,35.335,0.0,0.0,0.0,0.03,0.01,564.2713691490187,27.664985625,12368.465100000001,96.795,8557.346200000002,81.46750000000002,0.0,1361.366201471575,41.23991625,0.0,0.0,0.0,0.0,0.0,0.0,0.0,0.0,0.0,0.0,0.0,0.0,0.0,0.0,0.0,0.0,0.0,0.0,0.0,0.0,0.0,0.0,0.0,0.0,0.0,0.14360416666666664,0.38125,3.3956125000000004,1.9818749999999998,0.22062760416666666,0.5359375000000001,1.8821286458333337,1.4459375,10.3348546875,3.4278125,1.027874564,3.0,3.0,10.548020833333332,2.903125,10.0,2271.047228,0.00225699,300.0,0.784447948170001
106_300_0,954.3333333333334,25.5625,2350.7789609027323,61.060041096875004,4713.037151164166,55.450475,0.0,4549675.0,1749.875,0.0,0.0,10437.534166666666,103.925,30851.166666666664,188.5,0.0,0.0,23399060.666666668,3418.25,725.3016833333332,34.825625,17990.8608,116.16,3399.353333333333,57.099999999999994,1.8220000000000005,1.13875,"dict_items([('Ru', 3), ('In', 1.0), ('K', 12)])",0.0,5124.5067,61.995,29.129776213033264,4.997238725000001,2818.5986624999996,49.0575,135.4861145,9.192562500000001,0.0,0.0,-11.722791387741667,-2.7138237016250004,0.25662641666666663,0.6269374999999999,760.6510000000001,28.3825,135.4861145,9.192562500000001,0.0,0.01,0.0,0.25,0.75,0.0625,0.1875,0.0,0.0,1.0,1.0,0.0,0.0,0.0,0.0,0.12,0.240107882,863637.6870999999,768.069375,778.875,17.4375,0.0,0.0,0.0,0.0,6.041666666666667,1.8125,22.458333333333332,3.0625,0.5625,0.5625,10.979166666666668,1.9375,0.0,0.0,0.0,0.0,0.5208333333333334,0.3125,0.020833333333333332,0.0625,0.625,0.9375,1.4166666666666665,1.0625,0.0,0.0,22.458333333333332,3.0625,19.833333333333336,4.25,725.3016833333332,34.825625,0.0,0.0,0.0,0.03,0.0,628.7581123143751,28.04439375,10365.2652,88.17,7410.270000000001,74.55000000000001,0.0,1413.3403390000003,41.444500000000005,0.0,0.06527381144164926,0.06324339623589396,0.21130280866053747,0.054337164310302534,0.07823858073345329,0.0887506166726721,0.09507156653746653,0.12368548709659676,0.16648805004436024,0.6693624006239172,0.20319905016878612,0.1284537672671507,0.14959739941118222,0.18785854873522276,0.31645715235362354,0.21850238986288484,0.14777000661722614,0.1144469964833964,0.2729664964510249,0.3753413167927273,0.060844249136441625,0.07486829328312908,0.0,0.0,0.1511875,0.38437499999999997,3.07685,1.955625,0.19242343750000002,0.5271875,1.7260286458333332,1.4284375,9.413333854166666,3.3840624999999998,1.037277147,3.0,3.0,11.333437500000002,2.94375,11.0,2401.133005,0.032394592,300.0,0.3496803383300001
90_300_0,1467.0833333333333,31.4375,2084.636742708867,60.38674387375001,7941.935416691251,71.6812875,0.0,6540040.833333334,1931.875,0.0,0.0,13652.125,111.75,30676.041666666668,187.8125,0.0,0.0,67338814.41666666,5645.125,693.8874749999999,34.4475,17990.8608,116.16,7110.928541666666,70.94375,2.0271000000000003,1.165,"dict_items([('Ru', 1), ('Ir', 3.0), ('K', 12)])",0.0,5124.5067,61.995,37.18099372832798,5.3968449750000005,2782.5210749999997,45.6825,324.71018020833327,11.873125,0.0,0.0,-19.503817208395084,-3.05691527975,0.2278977083333333,0.6071875,745.8571999999999,28.410000000000004,324.71018020833327,11.873125,0.0,0.0,0.03,0.25,0.75,0.16666666666666666,0.25,0.0,0.0,1.0,1.0,0.0,0.0,0.0,0.0,0.12,0.16996720699999998,1759495.9702249998,928.8975,674.3333333333333,17.0,0.0,0.0,0.0,0.0,4.166666666666666,1.5625,59.333333333333336,5.5625,1.5,0.75,8.166666666666668,1.75,0.0,0.0,12.25,2.625,0.0,0.0,0.0,0.0,0.5416666666666666,0.8125,1.5833333333333335,1.1875,0.0,0.0,17.625,2.9375,22.1875,4.4375,693.8874749999999,34.4475,0.0,0.0,0.0,0.01,0.0,599.31015,24.77,10365.2652,88.17,7410.270000000001,74.55000000000001,0.0,1341.9398497500001,36.133875,0.0,0.037741858113053486,0.0373927508555423,0.1030835204675818,0.127129911513641,0.13980089530083306,0.15133521379759496,0.16055488641414864,0.11551666318527427,0.04550386579553538,0.3609893269332168,0.028226714030896626,0.008977770077346797,0.027398592715062262,0.1226271123980172,0.09746350686490116,0.05202686742095803,0.03802422015294888,0.033157996644687014,0.16705644296465713,0.1159578905663083,0.08238845365967377,0.04581741896100396,0.0,0.0,0.18137350000000002,0.40425,3.349787333333333,1.9789999999999999,0.21985931250000001,0.5349375000000001,1.8508067708333331,1.4440625,10.181328895833335,3.4230625000000003,0.93,2.0,3.0,13.488749999999998,3.065625,10.0,2540.703518,0.013594981,300.0,0.308365381335
74_300_0,824.8333333333333,24.5,3160.0004804343434,65.49727415875,4017.4244194308335,52.909975,0.0,3634987.5,1533.75,0.0,0.0,8150.4275,95.925,35337.333333333336,194.875,0.0,0.0,13303184.0,2517.0,961.8858916666666,36.81625,18217.309025000002,131.4475,2557.751370833333,49.591249999999995,1.3349125000000002,1.00875,"dict_items([('Ru', 2), ('Sr', 2.0), ('K', 12)])",0.0,5471.9878499999995,70.945,28.340519217578603,4.887416225000001,3113.2661625,52.8075,120.94794375000002,7.50375,0.0,0.0,-8.713142882573123,-2.1828356810000002,0.27570358333333334,0.63575,765.7834375,28.556250000000002,120.94794375000002,7.50375,0.0,0.0,0.0,0.5833333333333334,0.875,0.041666666666666664,0.125,0.0,0.0,1.0,1.0,0.0,0.0,0.0,0.0,0.12,0.688602092,944499.7964749999,709.5225,228.91666666666666,10.25,0.0,0.0,0.0,0.0,2.0833333333333335,1.25,7.333333333333333,2.0,0.375,0.375,2.041666666666667,0.875,0.0,0.0,0.0,0.0,0.0,0.0,0.0,0.0,0.5833333333333334,0.875,1.5,1.125,0.0,0.0,7.333333333333333,2.0,19.833333333333336,4.25,961.8858916666666,36.81625,0.0,0.0,0.0,0.02,0.0,538.6682124587501,27.1962625,11336.727600000002,101.42,8169.090000000001,85.9,0.02,1690.1000223333333,43.2745,0.0,0.032031004518162466,0.007869411047739236,0.07785343443150705,0.08195388752856385,0.09987246884252372,0.11749528131067873,0.11732749750431253,0.08350230198202545,0.034664814955905496,0.33047974474018804,0.024867146097212592,0.009196675180677662,0.01717658693589554,0.04980368089513101,0.06927188487798926,0.0651815121486654,0.0375834742509106,0.034964719412407065,0.20082147898108185,0.13252004770486986,0.06732760402181351,0.05443991923569005,0.0,0.0,0.19996912499999997,0.412875,3.63375,2.01875,0.23444895833333335,0.5431250000000001,2.019146875,1.475625,11.071344791666665,3.494375,1.020408163,4.0,3.0,8.919375,2.6625,6.0,2419.375,0.09862959800000001,300.0,0.7477991510800004
43_300_0,696.0,24.0,2036.4563618000402,60.18568355375,3300.3663210225004,51.52410625,0.0,5003879.229166666,1787.3125,0.0,0.0,11043.541666666666,104.84375,30632.166666666664,188.3125,0.01,0.0,23133230.25,3407.625,750.5558083333332,34.9475,21682.819712499997,127.70375,4230.958333333333,59.3125,1.7647500000000003,1.13125,"dict_items([('Ru', 3), ('Cr', 1.0), ('K', 12)])",0.0,5045.535174999999,66.33624999999999,31.139563433156916,5.0584981,2683.231425,48.754999999999995,212.59626562500003,10.299375000000001,0.0,0.0,-20.730079159684017,-3.141255862875,0.30826391666666664,0.6404375,723.13994375,28.170625,212.59626562500003,10.299375000000001,0.0,0.0,0.0,0.25,0.75,0.16666666666666666,0.25,0.0,0.0,1.0,1.0,0.0,0.0,0.0,0.0,0.12,0.553851534,1498564.2112666667,877.46,569.25,15.8125,0.0,0.0,0.0,0.0,6.875,1.875,13.125,2.625,2.333333333333333,0.875,6.5,1.625,0.0,0.0,0.0,0.0,0.0,0.0,0.0,0.0,1.0,1.0,1.0,1.0,0.0,0.0,13.125,2.625,18.145833333333332,4.1875,750.5558083333332,34.9475,0.0,0.0,0.0,0.03,0.0,603.2435878227083,27.89535625,13634.4301875,98.18125,7621.794464937813,80.21468125000001,0.0,1460.2415815000002,41.627625,0.0,0.0030420456219919967,0.02210491781863746,0.06357460129217969,0.1020794597601654,0.14000259149091462,0.14206816184986035,0.14636532111003633,0.1027194258599683,0.014322356196461428,0.055157177225550594,0.0042007899756623494,0.002543322113431381,0.004319884418815633,0.10329626040846844,0.027297832094783567,0.03268931296928464,0.02811525859554924,0.025546623137790124,0.017432610318001685,0.07664364396532722,0.01074019154932053,0.026343842592848343,0.0,0.0,0.13464166666666666,0.37749999999999995,3.2733125,1.9718749999999998,0.21858593750000002,0.5353125000000001,1.7980973958333335,1.4365625,9.924233854166665,3.4084375,0.992184108,5.0,3.0,12.261562500000002,2.990625,5.0,1828.512563,0.025160832999999997,300.0,0.38299859731500036
66_300_0,915.75,25.4375,2073.3943345055072,60.307423750000005,4451.1172916287505,54.935381250000006,0.0,5636328.1875,1794.4375,0.0,0.0,13833.15625,112.3125,30769.333333333332,188.0,0.0,0.0,32090720.666666664,3749.5,709.2093499999999,34.635,17990.8608,116.16,5464.693333333333,63.2,2.0846666666666667,1.18,"dict_items([('Ru', 1), ('Rh', 3.0), ('K', 12)])",0.0,5124.5067,61.995,32.66198411392923,5.114072475,2782.5210749999997,45.6825,205.89261875,9.14875,0.0,0.0,-16.12974207594322,-2.757877917875,0.25923204166666663,0.6281875,744.1310000000001,28.387500000000003,205.89261875,9.14875,0.0,0.0,0.0,0.25,0.75,0.16666666666666666,0.25,0.0,0.0,1.0,1.0,0.0,0.0,0.0,0.0,0.12,0.58634798,1441521.326475,834.7725,661.2916666666667,16.8125,0.0,0.0,0.0,0.0,4.166666666666666,1.5625,17.625,2.9375,0.9375,0.5625,9.6875,1.9375,0.0,0.0,0.0,0.0,0.0,0.0,0.0,0.0,1.0,1.0,1.0,1.0,0.0,0.0,17.625,2.9375,19.833333333333336,4.25,709.2093499999999,34.635,0.0,0.0,0.03,0.01,0.0,623.9317333333333,28.16,10365.2652,88.17,7410.270000000001,74.55000000000001,0.0,1473.216129,41.957625,0.0,0.0,0.0,0.0,0.0,0.0,0.0,0.0,0.0,0.0,0.0,0.0,0.0,0.0,0.0,0.0,0.0,0.0,0.0,0.0,0.0,0.0,0.0,0.0,0.0,0.158875,0.38437499999999997,3.2933291666666658,1.9681249999999997,0.21782031250000003,0.5334375,1.8148796875,1.4346875,9.998597395833333,3.4028125,0.941666667,4.0,3.0,13.213125000000003,3.0375,1.0,2381.909548,0.043421964,300.0,0.3732162031300002
73_300_0,837.4583333333333,24.875,3034.09196755672,62.887570635625,4081.2525993266668,53.750600000000006,0.0,4044997.5,1706.75,0.0,0.0,8583.7575,101.025,34782.0,191.8125,0.0,0.0,16520630.666666666,3125.75,935.8408708333333,35.819375,17157.9617125,123.80375,2868.081727083333,55.608124999999994,1.438297916666667,1.086875,"dict_items([('Ru', 3), ('Sr', 1.0), ('K', 12)])",0.0,5126.831099999999,66.47,28.944178999935787,4.99151935,2903.2389749999998,49.245,152.33839791666668,9.451250000000002,0.0,0.0,-10.587183416077446,-2.652324429125,0.2738605,0.6315,761.2078437499999,28.385625000000005,152.33839791666668,9.451250000000002,0.0,0.0,0.0,0.5416666666666666,0.8125,0.0625,0.1875,0.0,0.0,1.0,1.0,0.0,0.0,0.0,0.0,0.12,0.842363016,1074039.9258499998,806.835,295.91666666666663,13.25,0.0,0.0,0.0,0.0,2.5,1.5,8.708333333333332,2.375,0.5625,0.5625,3.0625,1.3125,0.0,0.0,0.0,0.0,0.0,0.0,0.0,0.0,0.625,0.9375,1.4166666666666665,1.0625,0.0,0.0,8.708333333333332,2.375,19.833333333333336,4.25,935.8408708333333,35.819375,0.0,0.0,0.0,0.03,0.0,545.761363104375,27.55438125,10596.1851,94.795,7629.397500000001,80.22500000000001,0.01,1654.9014031666666,42.37325,0.0,0.007181258806950162,0.008143058938662127,0.07683544738937657,0.08753783784766223,0.10882127552397236,0.12804609699960254,0.13893520535591686,0.09411902575939253,0.019648233657505856,0.2813978248229931,0.017481200340413002,0.003425317294899461,0.003413173415395905,0.020219276513524058,0.040979824497192334,0.039071735213291936,0.022436910749228024,0.02619680278956887,0.12698209667721905,0.09898286226968228,0.04873353166423738,0.012597290076237113,0.0,0.0,0.19442956249999999,0.4014375,3.596625,1.998125,0.23296510416666666,0.5396875,1.9956286458333334,1.4584375,10.951542187499998,3.4565625,1.0899898890000002,4.0,3.0,9.547500000000001,2.85,5.0,1963.090452,0.047738585,300.0,0.8824987020999996
60_300_0,1372.5,30.5,2304.7677449670455,61.90927400875,7340.5568335975,69.107475,0.0,6765728.854166666,1964.6875,0.0,0.0,7153.75,88.5,33918.083333333336,194.1875,0.0,0.0,34591887.333333336,3910.75,829.7406000000001,36.06,17990.8608,116.16,2127.299375,42.631249999999994,1.4346,0.9962500000000001,"dict_items([('Ru', 1), ('Hf', 3.0), ('K', 12)])",0.0,5124.5067,61.995,30.84759477503578,4.995229350000001,2447.0299499999996,51.931875,210.35013020833333,9.263125,0.0,0.0,-22.029852844103605,-3.2642505081874997,0.23145429166666664,0.609625,754.9492812500001,28.528125000000003,210.35013020833333,9.263125,0.03,0.0,0.0,0.25,0.75,0.16666666666666666,0.25,0.0,0.0,1.0,1.0,0.0,0.0,0.0,0.0,0.12,0.815484798,1607992.8171,885.21,491.8333333333333,14.1875,0.0,0.0,0.0,0.0,10.833333333333332,2.5,41.625,4.625,6.1875,1.6875,2.4375,0.8125,0.0,0.0,12.25,2.625,0.0,0.0,0.0,0.0,0.5416666666666666,0.8125,1.5833333333333335,1.1875,0.0,0.0,8.666666666666666,2.0,22.1875,4.4375,829.7406000000001,36.06,0.0,0.0,0.0,0.01,0.0,582.818225,27.5825,10365.2652,88.17,7410.270000000001,74.55000000000001,0.0,1317.3613789999997,40.502625,0.0,0.0,0.0,0.0,0.0,0.0,0.0,0.0,0.0,0.0,0.0,0.0,0.0,0.0,0.0,0.0,0.0,0.0,0.0,0.0,0.0,0.0,0.0,0.0,0.0,0.2048125,0.42374999999999996,3.4897875000000003,2.0056249999999998,0.2203703125,0.5353125,1.953065104166667,1.4703125,10.665334895833334,3.4759375,1.017094017,3.0,3.0,10.125,2.7,1.0,2320.496084,0.005644400999999999,300.0,0.7636238899599995
85_300_0,879.375,25.125,2112.2751150994914,60.398680005,4271.706559451666,54.27185,0.0,6601403.229166666,1910.3125,0.0,0.0,12802.96875,107.4375,31730.916666666664,189.25,0.0,0.0,28237561.916666664,3603.875,766.1755583333332,35.0225,18675.1474,125.13499999999999,4416.303333333333,59.787499999999994,2.00725,1.1625,"dict_items([('Ru', 3), ('Mo', 1.0), ('K', 12)])",0.0,4484.847859375001,65.40062499999999,31.81672716524791,5.0788681,2606.6940375,48.582499999999996,296.09321562499997,11.329375,0.0,0.0,-22.72386573254352,-3.2250303147499997,0.26085529166666666,0.6280625,730.9566,28.215000000000003,296.09321562499997,11.329375,0.0,0.0,0.0,0.25,0.75,0.16666666666666666,0.25,0.0,0.0,1.0,1.0,0.0,0.0,0.0,0.0,0.12,0.207592836,1795090.9870999998,922.21,576.7916666666667,15.875,0.0,0.0,0.01,0.0,6.875,1.875,13.125,2.625,2.333333333333333,0.875,6.5,1.625,0.0,0.0,0.0,0.0,0.0,0.0,0.0,0.0,1.0,1.0,1.0,1.0,0.0,0.0,13.125,2.625,19.833333333333336,4.25,766.1755583333332,35.0225,0.0,0.0,0.0,0.03,0.0,599.7770833333334,27.875,11677.670688,96.024,6632.518226305001,78.85172500000002,0.0,1399.0056265,41.38825,0.0,0.037763355446491946,0.029490839172623136,0.08793978724742878,0.10452722285152848,0.1267929260997087,0.13894109088627585,0.14129613323429455,0.10287585377176513,0.029072376331528905,0.2599808015017277,0.01550370355238059,-0.001818282733985905,0.006439403442051943,0.040164942603105096,0.04020169954455293,0.03442355871812928,0.023337847971303238,0.025366150073791283,0.19403780009804172,0.10294082019777252,0.04704157800162628,0.05397755294854237,0.0,0.0,0.17139166666666666,0.39249999999999996,3.3725999999999994,1.9799999999999998,0.2145151041666667,0.5340625,1.8821286458333337,1.4459375,10.294942187500002,3.4259375,0.98,2.0,3.0,12.261562500000002,2.990625,4.0,2271.25,0.008592479,300.0,0.2638560857299998
65_300_0,913.5,25.375,2073.0556113382813,60.297571537500005,4441.822250797501,54.820662500000005,0.0,5725650.375,1822.875,0.0,0.0,13579.125,110.25,30810.25,188.25,0.0,0.0,32047927.33333333,3744.5,710.4891416666666,34.6975,17990.8608,116.16,5419.298333333332,62.675,2.0758333333333336,1.175,"dict_items([('Ru', 2), ('Rh', 2.0), ('K', 12)])",0.0,5124.5067,61.995,32.62270598416423,5.1079224750000005,2782.5210749999997,45.6825,222.77136875,9.898750000000001,0.0,0.0,-16.83924675561173,-2.879189671,0.2591030833333333,0.627875,742.6237333333335,28.330000000000002,222.77136875,9.898750000000001,0.0,0.0,0.0,0.25,0.75,0.16666666666666666,0.25,0.0,0.0,1.0,1.0,0.0,0.0,0.0,0.0,0.12,0.813473852,1481454.5785583332,857.8975,653.9166666666667,16.625,0.0,0.0,0.0,0.0,4.333333333333333,1.625,17.25,2.875,1.0416666666666667,0.625,9.375,1.875,0.0,0.0,0.0,0.0,0.0,0.0,0.0,0.0,1.0,1.0,1.0,1.0,0.0,0.0,17.25,2.875,19.833333333333336,4.25,710.4891416666666,34.6975,0.0,0.0,0.02,0.02,0.0,622.1038083333334,28.0775,10365.2652,88.17,7410.270000000001,74.55000000000001,0.0,1467.5323740000001,41.79575,0.0,0.0,0.0,0.0,0.0,0.0,0.0,0.0,0.0,0.0,0.0,0.0,0.0,0.0,0.0,0.0,0.0,0.0,0.0,0.0,0.0,0.0,0.0,0.0,0.0,0.15965,0.38625,3.2985583333333324,1.97125,0.21820312500000003,0.534375,1.8176468749999999,1.4368750000000001,10.014207291666667,3.408125,1.152512998,4.0,3.0,13.213125000000002,3.0375,0.0,2279.15,0.038327593,300.0,0.5720364620199998
63_300_0,586.25,20.9375,2380.923503667336,62.423136458125,2719.464399886234,44.0698335,0.0,4656265.166666666,1632.25,0.0,0.0,6835.465,87.15,33432.25,193.25,0.0,0.0,10671228.479166668,1974.8125,856.0355999999999,36.36,22816.8288375,145.80374999999998,2574.3316666666665,46.025,1.4709500000000002,1.0075,"dict_items([('Ru', 1), ('Sc', 3.0), ('K', 12)])",0.0,6900.878428125,79.179375,30.10785953954391,4.945808100000001,3995.8126014712507,59.4617625,124.84943229166669,6.806875,0.0,0.0,-14.23665782218027,-2.5763530872500002,0.35903412500000004,0.689125,751.9130750000002,28.488750000000003,124.84943229166669,6.806875,0.0,0.0,0.0,0.25,0.75,0.16666666666666666,0.25,0.0,0.0,1.0,1.0,0.0,0.0,0.0,0.0,0.12,0.525061903,1198041.2045999998,755.46,182.29166666666666,7.8125,0.0,0.0,0.0,0.0,12.541666666666668,2.6875,7.25,1.8125,7.5,1.875,1.6666666666666665,0.625,0.0,0.0,0.0,0.0,0.0,0.0,0.0,0.0,0.5416666666666666,0.8125,1.5833333333333335,1.1875,0.0,0.0,7.25,1.8125,17.604166666666664,4.0625,856.0355999999999,36.36,0.0,0.0,0.0,0.01,0.03,554.1744706970562,27.169956875,14572.6701,114.045,10010.574600000002,95.30250000000001,0.0,1346.043620734725,40.775748750000005,0.0,0.0,0.0,0.0,0.0,0.0,0.0,0.0,0.0,0.0,0.0,0.0,0.0,0.0,0.0,0.0,0.0,0.0,0.0,0.0,0.0,0.0,0.0,0.0,0.0,0.13701249999999998,0.36374999999999996,3.410604166666667,1.9906249999999999,0.2203703125,0.5353125,1.8943317708333336,1.4553125,10.3895015625,3.4459375000000003,0.968836125,3.0,3.0,9.571562499999999,2.634375,12.0,1868.821464,0.015261236000000001,300.0,0.4329423434299995
41_300_0,705.25,23.25,2005.452578073169,59.949543366250005,3267.5728230183336,49.29415,0.0,4968935.041666667,1725.125,0.0,0.0,10642.839999999998,102.8625,29326.0,186.0,0.0,0.0,24360311.5,3301.75,685.1983916666666,34.4725,21612.8004,136.41,5492.428749999999,62.9625,1.8549125000000002,1.1287500000000001,"dict_items([('Ru', 2), ('Ni', 2.0), ('K', 12)])",0.0,5674.4384,71.5025,33.076496220280475,5.130534975,3042.6182249999997,52.544999999999995,170.54260000000002,8.760000000000002,0.0,0.0,-14.073954840797889,-2.6657745522500003,0.3132223333333333,0.653,756.5380375000001,28.466250000000002,170.54260000000002,8.760000000000002,0.0,0.0,0.0,0.25,0.75,0.16666666666666666,0.25,0.0,0.0,1.0,1.0,0.0,0.0,0.0,0.0,0.12,0.397457438,1236822.6039749999,794.2725,675.0,16.875,0.0,0.0,0.0,0.02,3.5,1.5,19.0,3.0,1.0416666666666667,0.625,9.375,1.875,0.0,0.0,0.0,0.0,0.0,0.0,0.0,0.0,0.5833333333333334,0.875,1.5,1.125,0.0,0.0,19.0,3.0,17.875,4.125,685.1983916666666,34.4725,0.0,0.0,0.0,0.02,0.0,623.1816553394,28.088605,13128.717600000002,104.795,9130.785000000002,88.05000000000001,0.0,1543.908464,42.312,0.0,0.01975244196210736,0.0002730538817797981,0.09070358493113444,0.08167186881261414,0.09784171315238156,0.1226725802944622,0.11838128436632185,0.10508103042494277,0.03485203749069807,0.6691083511057158,0.04454464360381585,0.013225531001489677,0.022993101024992288,0.05036620906904943,0.09494779658479792,0.07258521882880041,0.03898979268906578,0.0354214707362462,0.4278624459181146,0.1528323929849349,0.04766408780593299,0.031447152676812404,0.0,0.0,0.121165625,0.35812499999999997,3.1354749999999996,1.9474999999999998,0.20910312500000003,0.529375,1.7230218750000001,1.418125,9.507890625,3.365625,1.046207498,5.0,3.0,12.90354166666667,3.0125,13.0,2276.708543,0.026677706000000002,300.0,0.3121784716650002
108_300_0,977.6666666666667,26.1875,2411.005521946705,62.624389065625,4859.101803347499,57.168975,0.0,3874325.0,1490.125,0.0,0.0,9995.6275,99.525,30769.333333333332,188.0,0.0,0.0,19069387.333333332,2785.75,725.4318499999999,34.831875,17990.8608,116.16,2860.576666666667,48.05,1.7380000000000004,1.08625,"dict_items([('Ru', 1), ('In', 3.0), ('K', 12)])",0.0,5124.5067,61.995,27.982784132722347,4.800471225000001,3206.4199124999996,55.8075,70.45359016666667,4.7801875,0.0,0.0,-8.198041045055714,-1.897844750375,0.25637058333333335,0.6263124999999999,769.629,28.7175,70.45359016666667,4.7801875,0.0,0.03,0.0,0.25,0.75,0.020833333333333332,0.0625,0.0,0.0,1.0,1.0,0.0,0.0,0.0,0.0,0.12,0.212177537,557617.9420999999,495.913125,884.9583333333333,19.8125,0.0,0.0,0.0,0.0,6.458333333333334,1.9375,27.041666666666668,3.6875,0.1875,0.1875,13.104166666666668,2.3125,0.0,0.0,0.0,0.0,1.5625,0.9375,0.0625,0.1875,0.5416666666666666,0.8125,1.5833333333333335,1.1875,0.0,0.0,27.041666666666668,3.6875,19.833333333333336,4.25,725.4318499999999,34.831875,0.0,0.0,0.0,0.01,0.0,634.6722544431251,28.30818125,10365.2652,88.17,7410.270000000001,74.55000000000001,0.0,1411.4647290000003,41.3895,0.0,0.10047417990017517,0.04439800675166667,0.29161433384486496,0.047919795494465366,0.05006567723131858,0.05837883702278963,0.06692358315328331,0.1366437466619635,0.21616681818519548,0.671182511554308,0.2310593209123432,0.1262334417746735,0.16750348785167873,0.17918420829742684,0.3439947244917211,0.2180520418690559,0.14032532570024542,0.13285992851079018,0.26613027443057025,0.33996016577168003,0.06434403335463626,0.05521491936972625,0.0,0.0,0.14676250000000002,0.373125,3.008016666666667,1.9118749999999998,0.1858078125,0.5090625,1.6950651041666664,1.4028125,9.220355729166666,3.3146875,1.054888508,3.0,3.0,10.611562500000002,2.75625,13.0,2268.817734,0.016420089,300.0,0.15962727652
45_300_0,623.5,21.5,2030.2180744338377,60.00131643625001,2907.4389648075003,45.389868750000005,0.0,4486290.854166666,1602.4375,0.0,0.0,10773.625,102.28125,30489.833333333332,187.4375,0.03,0.0,18695139.416666668,2753.875,755.9249749999999,35.1975,25602.846337499996,150.79125,3901.041666666666,54.6875,1.65945,1.06375,"dict_items([('Ru', 1), ('Cr', 3.0), ('K', 12)])",0.0,5705.926125,75.01875,30.68249621384579,4.984249350000001,3021.4214999999995,54.9,167.2104010416667,8.100625,0.0,0.0,-20.986695258262,-3.180141234125,0.32095908333333334,0.6668125,720.86173125,28.081875000000004,167.2104010416667,8.100625,0.0,0.0,0.0,0.25,0.75,0.16666666666666666,0.25,0.0,0.0,1.0,1.0,0.0,0.0,0.0,0.0,0.12,0.244143542,1407408.0733499997,824.085,537.75,14.9375,0.0,0.0,0.0,0.0,7.791666666666667,2.125,11.875,2.375,3.0,1.125,5.5,1.375,0.0,0.0,0.0,0.0,0.0,0.0,0.0,0.0,1.0,1.0,1.0,1.0,0.0,0.0,11.875,2.375,17.604166666666664,4.0625,755.9249749999999,35.1975,0.0,0.0,0.0,0.01,0.0,602.5021126347915,27.86106875,16414.9547625,118.20375,8698.28159981344,91.54404375000001,0.0,1471.1598165000003,41.938875,0.0,0.029840831906520437,0.009592897771214257,0.06289123576732944,0.10343886617119448,0.11626317969218215,0.13369343329441366,0.14159949110756928,0.08817039736207731,0.012146008916851487,0.4569895542195494,0.002449979542329964,0.0015753119141679447,0.002079562833946167,0.047705181965791835,0.017127794446288275,0.03139188119660126,0.021802622320186253,0.027275177170170903,0.33101401794997776,0.07680810306283857,0.03947610817305023,0.022726800829294472,0.0,0.0,0.12572499999999998,0.3525,3.2546375,1.9606249999999998,0.21782031250000003,0.5334375,1.7863630208333334,1.4271875,9.864180729166666,3.3878125,0.9649280579999999,3.0,3.0,11.877187500000002,2.896875,9.0,2153.137255,0.015857146000000003,300.0,0.35870762552500013
29_300_0,847.875,24.9375,2509.516041056436,61.493200766875006,4110.427564742031,53.830965625000005,0.0,5532828.8125,1829.4375,0.0,0.0,7881.123749999999,99.8875,34406.166666666664,191.5,0.0,0.0,19119001.916666664,3240.875,897.3278708333333,35.64125,17632.14165,124.2225,3415.2914583333336,57.14375,1.5599666666666667,1.10375,"dict_items([('Ru', 3), ('Y', 1.0), ('K', 12)])",0.0,5333.242725,66.8075,30.008483368719222,5.024172475,3005.46425371875,49.469812499999996,169.1300354166667,9.69875,0.0,0.0,-16.48411838139478,-2.9511860650625,0.271961,0.631,758.31339375,28.369375,169.1300354166667,9.69875,0.0,0.0,0.0,0.25,0.75,0.16666666666666666,0.25,0.0,0.0,1.0,1.0,0.0,0.0,0.0,0.0,0.12,0.952420307,1349482.9593916666,853.6475,319.5,13.5,0.0,0.0,0.0,0.0,9.625,2.0625,9.75,2.4375,4.5,1.125,3.6666666666666665,1.375,0.0,0.0,0.0,0.0,0.0,0.0,0.0,0.0,0.625,0.9375,1.4166666666666665,1.0625,0.0,0.0,9.75,2.4375,19.833333333333336,4.25,897.3278708333333,35.64125,0.0,0.0,0.0,0.03,0.0,558.2347353333334,27.629,11143.1476,95.42,7730.872500000001,80.36250000000001,0.0,1294.7593164999998,40.975125,0.0,-0.002194666204896973,-0.001298106540419636,0.05651442396191745,0.09507026340108272,0.12080266260216715,0.1413662821524751,0.1472667005898038,0.08532476644814888,0.01176904443511845,1.079018524653141,0.0078349046726092,0.0025617481930735896,0.0015764335000962929,0.012348420296179002,0.021497150054007836,0.03505573626771541,0.01826035080397658,0.033216739355330316,0.229523408644788,0.09091191275349048,0.05254823666592222,0.04436752890324384,0.01,0.0,0.18579166666666663,0.39812499999999995,3.4648749999999997,1.9874999999999998,0.21858593750000002,0.5353125000000001,1.9386703125,1.4521875,10.588504687499999,3.4396875,1.1563007029999999,6.0,3.0,10.488333333333335,2.9000000000000004,5.0,1825.8875,0.005739581999999999,300.0,0.8524417280599991
56_300_0,615.5833333333334,22.25,2821.2804740895986,63.949031223750005,2821.8895091725,46.967225,0.0,3717786.0,1546.5,0.02,0.0,16346.9375,116.625,33687.5,192.5,0.0,0.0,11732144.0,2382.0,964.7359101333412,36.83916666625,20327.3889,134.565,2496.9260375,49.25875,1.3601,1.0150000000000001,"dict_items([('Ru', 2), ('Ca', 2.0), ('K', 12)])",0.0,6064.35585,72.5575,29.332500477089468,4.939704975,3466.7082124999997,54.091249999999995,126.0120875,7.6425,0.0,0.0,-9.041754161906006,-2.216025176625,0.37129724999999997,0.678375,754.7325383750001,28.448625000000003,126.0120875,7.6425,0.0,0.0,0.0,0.5833333333333334,0.875,0.041666666666666664,0.125,0.0,0.0,1.0,1.0,0.0,0.0,0.0,0.0,0.12,0.6971633009999999,970864.6360583333,717.6475,222.75,10.125,0.0,0.0,0.0,0.0,2.0833333333333335,1.25,7.333333333333333,2.0,0.375,0.375,2.041666666666667,0.875,0.0,0.0,0.0,0.0,0.0,0.0,0.0,0.0,0.5833333333333334,0.875,1.5,1.125,0.0,0.0,7.333333333333333,2.0,17.875,4.125,964.7359101333412,36.83916666625,0.0,0.0,0.0,0.02,0.0,548.4110798065999,27.301465,12736.0866,104.07000000000001,9175.273275000001,88.14750000000001,0.0,1847.6820971587501,44.2773875,0.0,0.0,0.0,0.0,0.0,0.0,0.0,0.0,0.0,0.0,0.0,0.0,0.0,0.0,0.0,0.0,0.0,0.0,0.0,0.0,0.0,0.0,0.0,0.0,0.0,0.14548333333333335,0.37625,3.535483333333332,2.005,0.23210312500000005,0.541875,1.953271875,1.463125,10.745407291666666,3.468125,1.072858287,3.0,3.0,9.11625,2.68125,14.0,1934.7254899999998,0.022414884,300.0,0.6662126421499999
40_300_1,735.5833333333333,24.25,2010.944177061147,60.113705239375,3443.137046272917,51.942687500000005,0.0,5191620.8125,1802.4375,0.0,0.0,10811.619999999999,104.49375,29542.791666666664,187.375,0.0,0.0,25956726.25,3518.125,688.6768083333333,34.6475,20008.5954,126.285,5434.091458333332,62.293749999999996,1.8846979166666669,1.146875,"dict_items([('Ru', 3), ('Ni', 1.0), ('K', 12)])",0.0,5297.1808,66.74875,32.963955990078595,5.113078725,2843.93169375,49.113749999999996,196.2286322916667,10.079375,0.0,0.0,-15.277782637955816,-2.89379386475,0.307046625,0.6401249999999999,753.19934375,28.340625000000003,196.2286322916667,10.079375,0.0,0.0,0.0,0.25,0.75,0.16666666666666666,0.25,0.0,0.0,1.0,1.0,0.0,0.0,0.0,0.0,0.12,0.537932085,1322369.9970999998,849.21,662.5,16.5625,0.0,0.0,0.0,0.01,3.7916666666666665,1.625,18.208333333333332,2.875,1.1458333333333333,0.6875,9.0625,1.8125,0.0,0.0,0.0,0.0,0.0,0.0,0.0,0.0,0.625,0.9375,1.4166666666666665,1.0625,0.0,0.0,18.208333333333332,2.875,18.145833333333332,4.1875,688.6768083333333,34.6475,0.0,0.0,0.0,0.03,0.0,621.2280979197001,28.0005525,12087.3276,96.4825,8430.810000000001,81.30000000000001,0.0,1528.583224,41.892,0.0,0.14348674858388705,0.11238787423409284,0.2737195241612076,0.08613410380195494,0.1203793296337378,0.10738121340060527,0.1116198220073452,0.16257406773016636,0.1914924455849535,3.9138915203186446,0.2260154428013537,0.129025690556779,0.1712975595173826,0.2251838472429734,0.4148047550620608,0.2572351612997762,0.16553664232732668,0.1807249844222978,1.350424485949938,0.3909368382846621,0.16309218819966334,0.07953508991996201,0.0,0.0,0.1265578125,0.37406249999999996,3.1596249999999997,1.9625,0.21046093750000003,0.5328125,1.7370703125000002,1.4296875,9.5829296875,3.3921875,1.011608624,3.0,3.0,12.957083333333337,3.0250000000000004,3.0,2393.819095,0.018925942,300.0,0.3518192779850002
64_300_0,666.75,23.8125,2326.3740476322114,60.992956894375006,3152.300913348678,51.084094500000006,0.0,5126955.166666666,1797.25,0.0,0.0,7827.6466666666665,99.8,32913.25,190.25,0.0,0.0,17010404.9375,3147.9375,831.9036833333333,35.335,19724.195212500003,126.04124999999999,3156.038333333333,56.425,1.6242500000000004,1.1125,"dict_items([('Ru', 3), ('Sc', 1.0), ('K', 12)])",0.0,5902.4089593749995,67.723125,30.71586131509528,5.04568435,3378.5043973237503,50.2755875,180.99785937500002,9.868125000000001,0.0,0.0,-16.246094777959904,-2.93999314725,0.337542875,0.647875,747.0962916666667,28.306250000000002,180.99785937500002,9.868125000000001,0.0,0.0,0.0,0.25,0.75,0.16666666666666666,0.25,0.0,0.0,1.0,1.0,0.0,0.0,0.0,0.0,0.12,0.777252535,1355237.9250166665,854.585,313.5416666666667,13.4375,0.0,0.0,0.0,0.0,9.625,2.0625,9.75,2.4375,4.5,1.125,3.6666666666666665,1.375,0.0,0.0,0.0,0.0,0.0,0.0,0.0,0.0,0.625,0.9375,1.4166666666666665,1.0625,0.0,0.0,9.75,2.4375,18.145833333333332,4.1875,831.9036833333333,35.335,0.0,0.0,0.0,0.03,0.01,564.2713691490187,27.664985625,12368.465100000001,96.795,8557.346200000002,81.46750000000002,0.0,1361.366201471575,41.23991625,0.0,0.0,0.0,0.0,0.0,0.0,0.0,0.0,0.0,0.0,0.0,0.0,0.0,0.0,0.0,0.0,0.0,0.0,0.0,0.0,0.0,0.0,0.0,0.0,0.0,0.14360416666666664,0.38125,3.3956125000000004,1.9818749999999998,0.22062760416666666,0.5359375000000001,1.8821286458333337,1.4459375,10.3348546875,3.4278125,1.074766355,3.0,3.0,10.548020833333332,2.903125,13.0,2548.259056,0.010154993000000001,300.0,0.9716336918299985
39_300_0,636.1666666666666,21.6875,2033.374200351535,60.023772748750005,2987.82497245622,45.941483437500004,0.0,3863506.270833334,1488.0625,0.0,0.0,6489.842568749999,85.651875,30489.833333333332,187.4375,0.0,0.0,19424920.666666668,2815.75,721.5568499999999,34.785,26662.7163375,152.62875,2127.299375,42.631249999999994,1.5890270833333333,1.043125,"dict_items([('Ru', 1), ('Mn', 3.0), ('K', 12)])",0.0,5858.9421,75.57,32.589816196171725,5.109407475,3098.8605375,55.2825,118.14539375,6.58375,0.0,0.0,-19.886812050094502,-3.08917536725,0.3303909583333333,0.6724375,763.5090749999999,28.63875,118.14539375,6.58375,0.0,0.0,0.0,0.25,0.75,0.16666666666666666,0.25,0.0,0.0,1.0,1.0,0.0,0.0,0.0,0.0,0.12,0.274478783,1041476.407725,700.1475,573.5,15.5,0.0,0.03,0.0,0.0,6.458333333333334,1.9375,13.666666666666666,2.5625,3.0,1.125,5.5,1.375,0.0,0.0,0.0,0.0,0.0,0.0,0.0,0.0,0.5416666666666666,0.8125,1.5833333333333335,1.1875,0.0,0.0,13.666666666666666,2.5625,17.604166666666664,4.0625,721.5568499999999,34.785,0.0,0.0,0.0,0.01,0.0,591.2636916666667,27.7025,13083.589969593748,110.5205625,9016.3125,92.47500000000001,0.0,1527.2861629999998,42.446625,0.0,0.032956202552203814,0.0362521310426166,0.06143512778028527,0.09912693819802812,0.14385135266746174,0.14840375433362782,0.15452278138541742,0.10133504173677604,0.010114705803675406,0.6537878974660027,0.008699650928007714,0.0019427772985657922,0.007628032311414706,0.10613564046275864,0.04353071116709982,0.05020792588594241,0.03588840720155614,0.047706702372028016,0.2476955034583081,0.08997875733500478,0.3346771302463225,0.02567227216375627,0.0,0.0,0.1220625,0.34875,3.1207916666666664,1.9343749999999997,0.20278281250000002,0.5221875,1.7299296874999999,1.4121875,9.498659895833335,3.3465625,1.068773234,3.0,3.0,11.532812500000002,2.859375,1.0,2083.431373,0.018088359,300.0,0.2908304716199999
34_300_0,531.25,21.25,2308.5040588532706,61.484669448750005,2466.8582724933335,44.9956,0.0,3402750.166666666,1497.25,0.0,0.0,13893.5,111.0,30727.083333333336,188.125,0.0,0.0,11998634.0,2405.5,741.2898130106495,34.968333333749996,31437.800099999997,149.405,2443.2287499999998,48.9625,1.5209125000000001,1.05375,"dict_items([('Ru', 2), ('Mg', 2.0), ('K', 12)])",0.0,8918.432118749999,79.65375,33.09268873897104,5.13133935,5049.165582828125,59.3406875,125.73572500000003,7.635000000000001,0.0,0.0,-8.54158219133141,-2.16526801975,0.4879355833333333,0.725375,741.2123267083333,28.316125000000003,125.73572500000003,7.635000000000001,0.0,0.0,0.0,0.5833333333333334,0.875,0.041666666666666664,0.125,0.0,0.0,1.0,1.0,0.0,0.0,0.0,0.0,0.12,0.404469788,894002.9560583333,693.6475,751.4166666666667,17.75,0.02,0.0,0.0,0.0,2.0833333333333335,1.25,7.333333333333333,2.0,0.375,0.375,2.041666666666667,0.875,0.0,0.0,0.0,0.0,0.0,0.0,0.0,0.0,0.5833333333333334,0.875,1.5,1.125,0.0,0.0,7.333333333333333,2.0,16.0,4.0,741.2898130106495,34.968333333749996,0.0,0.0,0.0,0.02,0.0,585.5613052113708,27.69690875,19920.598775000002,116.2975,14006.816599999998,97.89500000000001,0.0,2467.174484962083,47.9312125,0.0,0.01584580484267338,0.0011354077007120335,0.052740529805573234,0.09292308588332356,0.1170205870690728,0.13003104072918792,0.13882507064882324,0.07864083496861071,0.00020306330827504424,0.4499273428131901,0.00636471575405406,0.009153926396847246,0.0106747868949843,0.15348697720534293,0.045039669296912624,0.06546153263823433,0.04530170978256545,0.05477780978837327,0.21194978251968696,0.13711210887745373,0.12203893454053598,0.08586156305165478,0.0,0.0,0.1368375,0.33375,3.0592749999999995,1.9362499999999998,0.202365625,0.525625,1.685696875,1.410625,9.287578125,3.346875,1.053984576,6.0,3.0,10.336875000000003,2.79375,11.0,2304.825,0.013313795,300.0,0.5712952274700005
51_300_0,1409.9583333333335,30.875,2130.313309114594,60.707403364375004,7572.13877266,70.1106,0.0,8060528.1875,2143.1875,0.0,0.0,6159.71875,84.1875,32661.416666666668,191.75,0.0,0.0,54391887.333333336,5024.5,748.0609125,35.10375,17990.8608,116.16,4365.761874999999,57.36874999999999,2.143033333333334,1.195,"dict_items([('Ru', 1), ('W', 3.0), ('K', 12)])",0.0,5124.5067,61.995,33.84800843046329,5.19003435,2782.5210749999997,45.6825,434.2031645833334,13.971250000000001,0.0,0.0,-29.66509993680724,-3.8275944991250004,0.22817054166666664,0.607375,733.9544812500002,28.254375000000003,434.2031645833334,13.971250000000001,0.0,0.0,0.0,0.25,0.75,0.16666666666666666,0.25,0.0,0.0,1.0,1.0,0.0,0.0,0.0,0.0,0.12,0.288939823,2452156.8077249997,1108.1475,561.4583333333333,15.3125,0.0,0.0,0.0,0.0,7.791666666666667,2.125,48.333333333333336,5.0,3.9375,1.3125,4.354166666666666,1.1875,0.0,0.0,12.25,2.625,0.0,0.0,0.0,0.0,0.5416666666666666,0.8125,1.5833333333333335,1.1875,0.0,0.0,11.875,2.375,22.1875,4.4375,748.0609125,35.10375,0.0,0.0,0.0,0.01,0.0,597.3654958333334,27.78875,10365.2652,88.17,7410.270000000001,74.55000000000001,0.0,1341.9398497500001,36.133875,0.03,0.008759354163310928,-0.0019880355152646547,0.05730589998063474,0.09458790988648202,0.11930753189417463,0.13599550017964548,0.138266919449164,0.08899442106360002,0.013977883135642466,1.100905649723892,0.005730664985676682,0.004718845328306671,0.003420926164091456,0.19787802502145246,0.02709856363739365,0.039141711649471125,0.026211099836929548,0.04280070233603879,0.4665973326842239,0.0966117505604425,0.08662428939321523,0.04764435704331328,0.0,0.0,0.1956375,0.41625,3.3958463541666664,1.9878124999999998,0.21655000000000002,0.5325,1.8943317708333336,1.4553125,10.36380625,3.443125,1.2126592859999998,3.0,3.0,12.138749999999998,2.925,12.0,1909.9646460000001,0.012289353000000001,300.0,0.5310802931400002
44_300_0,659.75,22.75,2033.337218116939,60.093499995,3103.9026429150003,48.456987500000004,0.0,4745085.041666666,1694.875,0.0,0.0,10908.583333333332,103.5625,30561.0,187.875,0.02,0.0,20914184.833333336,3080.75,753.2403916666665,35.0725,23642.833024999996,139.2475,4065.9999999999995,57.0,1.7121000000000004,1.0975000000000001,"dict_items([('Ru', 2), ('Cr', 2.0), ('K', 12)])",0.0,5375.7306499999995,70.6775,30.91102982350135,5.021373725,2852.3264624999997,51.8275,189.90333333333336,9.200000000000001,0.0,0.0,-20.85838720897301,-3.1606985485,0.3146115,0.653625,722.0008375,28.126250000000002,189.90333333333336,9.200000000000001,0.0,0.0,0.0,0.25,0.75,0.16666666666666666,0.25,0.0,0.0,1.0,1.0,0.0,0.0,0.0,0.0,0.12,0.352000575,1452986.142308333,850.7725,553.5,15.375,0.0,0.0,0.0,0.0,7.333333333333333,2.0,12.5,2.5,2.6666666666666665,1.0,6.0,1.5,0.0,0.0,0.0,0.0,0.0,0.0,0.0,0.0,1.0,1.0,1.0,1.0,0.0,0.0,12.5,2.5,17.875,4.125,753.2403916666665,35.0725,0.0,0.0,0.0,0.02,0.0,602.8728502287499,27.8782125,15024.692475,108.1925,8160.038032375626,85.87936250000001,0.0,1465.7006990000002,41.78325,0.0,0.0040619651389243545,-0.002018941365899253,0.05368960609333786,0.09382521363818404,0.11672065629550098,0.13097636526145,0.13593578387443375,0.08565459043488757,0.008170930430596798,0.4267329168605472,0.0011853217324837642,-0.0018949973842015675,-0.0007598964187309036,0.11831983932830073,0.01892955799235978,0.02854520988262928,0.020215833457849497,0.02804432248847568,0.12635678837213649,0.07623576488175443,0.03754014017008092,0.02685638506317045,0.0,0.0,0.13018333333333332,0.365,3.263975,1.9662499999999998,0.21820312500000003,0.534375,1.7922302083333332,1.431875,9.894207291666666,3.3981250000000003,1.00752587,5.0,3.0,12.069375000000003,2.94375,6.0,2109.974874,0.01169539,300.0,0.38866942117000036
40_300_0,735.5833333333333,24.25,2010.944177061147,60.113705239375,3443.137046272917,51.942687500000005,0.0,5191620.8125,1802.4375,0.0,0.0,10811.619999999999,104.49375,29542.791666666664,187.375,0.0,0.0,25956726.25,3518.125,688.6768083333333,34.6475,20008.5954,126.285,5434.091458333332,62.293749999999996,1.8846979166666669,1.146875,"dict_items([('Ru', 3), ('Ni', 1.0), ('K', 12)])",0.0,5297.1808,66.74875,32.963955990078595,5.113078725,2843.93169375,49.113749999999996,196.2286322916667,10.079375,0.0,0.0,-15.277782637955816,-2.89379386475,0.307046625,0.6401249999999999,753.19934375,28.340625000000003,196.2286322916667,10.079375,0.0,0.0,0.0,0.25,0.75,0.16666666666666666,0.25,0.0,0.0,1.0,1.0,0.0,0.0,0.0,0.0,0.12,0.555772206,1322369.9970999998,849.21,662.5,16.5625,0.0,0.0,0.0,0.01,3.7916666666666665,1.625,18.208333333333332,2.875,1.1458333333333333,0.6875,9.0625,1.8125,0.0,0.0,0.0,0.0,0.0,0.0,0.0,0.0,0.625,0.9375,1.4166666666666665,1.0625,0.0,0.0,18.208333333333332,2.875,18.145833333333332,4.1875,688.6768083333333,34.6475,0.0,0.0,0.0,0.03,0.0,621.2280979197001,28.0005525,12087.3276,96.4825,8430.810000000001,81.30000000000001,0.0,1528.583224,41.892,0.0,0.14348674858388705,0.11238787423409284,0.2737195241612076,0.08613410380195494,0.1203793296337378,0.10738121340060527,0.1116198220073452,0.16257406773016636,0.1914924455849535,3.9138915203186446,0.2260154428013537,0.129025690556779,0.1712975595173826,0.2251838472429734,0.4148047550620608,0.2572351612997762,0.16553664232732668,0.1807249844222978,1.350424485949938,0.3909368382846621,0.16309218819966334,0.07953508991996201,0.0,0.0,0.1265578125,0.37406249999999996,3.1596249999999997,1.9625,0.21046093750000003,0.5328125,1.7370703125000002,1.4296875,9.5829296875,3.3921875,1.010270775,5.0,3.0,12.957083333333337,3.0250000000000004,12.0,2115.225,0.049665642,300.0,0.3510049981850002
107_300_0,966.0,25.875,2380.8922414247186,61.84221508125,4786.069477255833,56.309725,0.0,4212000.0,1620.0,0.0,0.0,10216.580833333333,101.725,30810.25,188.25,0.0,0.0,21234224.0,3102.0,725.3667666666665,34.82875,17990.8608,116.16,3129.965,52.574999999999996,1.7800000000000005,1.1125,"dict_items([('Ru', 2), ('In', 2.0), ('K', 12)])",0.0,5124.5067,61.995,28.556280172877806,4.898854975000001,3012.5092874999996,52.4325,102.96985233333334,6.986375,0.0,0.0,-9.96041621639869,-2.305834226,0.2564985,0.626625,765.1400000000001,28.550000000000004,102.96985233333334,6.986375,0.0,0.02,0.0,0.25,0.75,0.041666666666666664,0.125,0.0,0.0,1.0,1.0,0.0,0.0,0.0,0.0,0.12,0.134311166,710627.8145999999,631.99125,831.9166666666666,18.625,0.0,0.0,0.0,0.0,6.25,1.875,24.75,3.375,0.375,0.375,12.041666666666668,2.125,0.0,0.0,0.0,0.0,1.0416666666666667,0.625,0.041666666666666664,0.125,0.5833333333333334,0.875,1.5,1.125,0.0,0.0,24.75,3.375,19.833333333333336,4.25,725.3667666666665,34.82875,0.0,0.0,0.0,0.02,0.0,631.7151833787501,28.1762875,10365.2652,88.17,7410.270000000001,74.55000000000001,0.0,1412.4025340000003,41.417,0.0,0.11758514766725832,0.08164629877333388,0.33988150960997,0.05322160459830892,0.05504670470473797,0.07771598099797558,0.08509112074234823,0.1595441123109776,0.24084504434821946,0.31543457614650605,0.2445873227647103,0.13722627540434745,0.19113012533763316,0.21508482499398168,0.37071816947420894,0.2430172832986328,0.15286135885356547,0.12314831504078964,0.0778838765753465,0.3991942711433621,0.016506701737509552,0.060552056316886,0.0,0.0,0.148975,0.37875,3.0424333333333333,1.9337499999999999,0.189115625,0.5181250000000001,1.710546875,1.415625,9.316844791666666,3.349375,1.0470275070000001,3.0,3.0,10.9725,2.85,12.0,2192.931034,0.016839121000000002,300.0,0.2861851262850001
76_300_0,1347.4583333333333,27.6875,2566.5782347644745,61.64759115437501,7138.4179108125,61.335625,0.01,4176189.166666666,1718.125,0.0,0.0,7527.0353562499995,99.30562499999999,31290.291666666664,188.875,0.0,0.0,27397270.25,3572.625,607.6648083333332,34.2475,17990.8608,116.16,4897.798124999999,60.99374999999999,1.9383000000000004,1.15375,"dict_items([('Ru', 3), ('Bi', 1.0), ('K', 12)])",0.0,4540.768349999999,65.495,32.21995608417298,5.090934975,2576.3226937499994,48.513749999999995,167.90403700000002,9.681000000000001,0.0,0.0,-13.293432335477029,-2.7955044791250003,0.23084666666666667,0.62,747.0962916666667,28.306250000000002,167.90403700000002,9.681000000000001,0.0,0.0,0.0,0.25,0.75,0.0625,0.1875,0.0,0.0,1.0,1.0,0.0,0.0,0.0,0.0,0.12,0.251493649,901321.8045166668,775.2349999999999,876.0416666666667,18.125,0.0,0.0,0.0,0.0,4.5,1.6875,51.45833333333333,4.0625,0.5625,0.5625,10.979166666666668,1.9375,0.0,0.0,4.083333333333334,0.875,0.1875,0.1875,0.1875,0.1875,0.625,0.9375,1.4166666666666665,1.0625,0.0,0.0,25.5,3.1875,21.5625,4.3125,607.6648083333332,34.2475,0.0,0.0,0.0,0.03,0.0,605.5588228958334,27.9089375,10365.2652,88.17,7514.452187500001,80.06875000000001,0.0,1374.0803065000002,41.290125,0.0,-0.0015691217981108755,0.0188299953095948,0.05969358284660345,0.07824112849952702,0.10478988976946184,0.121573526070034,0.1216015025970172,0.08114571838467008,0.01694758613361065,0.3613114563890675,0.013484452657119388,0.0011248608620414331,0.008510511465230509,0.0593663924403475,0.04739333325806504,0.03100747064870892,0.02041213618740999,0.025893447821709305,0.18785718871247328,0.1050229180258558,0.08191528404708212,0.047393017502481684,0.0,0.0,0.16322549999999997,0.38925,3.0521158124999994,1.9535624999999999,0.18984591666666664,0.526375,1.7150036458333333,1.4271875,9.344393,3.38075,1.0316139770000001,4.0,3.0,11.640208333333334,2.959375,9.0,2362.139303,0.023283046,300.0,0.28114540077
33_300_1,581.25,23.25,2285.8487521203547,60.881268280625,2729.8956240454168,49.7934125,0.0,3837397.666666666,1688.5,0.0,0.0,13588.40625,108.5625,30778.125,188.4375,0.0,0.0,15313160.0,3070.0,739.7440606913372,34.895416666875,27940.093649999995,132.7825,2759.158125,55.293749999999996,1.6011979166666668,1.109375,"dict_items([('Ru', 3), ('Mg', 1.0), ('K', 12)])",0.0,7929.851146874999,70.824375,32.97751730452832,5.1134809125,4468.093361101563,52.511593749999996,156.7270697916667,9.516875,0.0,0.0,-10.428279128611637,-2.6435405985000004,0.454932875,0.6763125,739.8887858541666,28.2655625,156.7270697916667,9.516875,0.0,0.0,0.0,0.5416666666666666,0.8125,0.0625,0.1875,0.0,0.0,1.0,1.0,0.0,0.0,0.0,0.0,0.12,0.9668549940000001,1029653.7168916665,798.8975,719.6666666666667,17.0,0.01,0.0,0.0,0.0,2.5,1.5,8.708333333333332,2.375,0.5625,0.5625,3.0625,1.3125,0.0,0.0,0.0,0.0,0.0,0.0,0.0,0.0,0.625,0.9375,1.4166666666666665,1.0625,0.0,0.0,8.708333333333332,2.375,16.5,4.125,739.7440606913372,34.895416666875,0.0,0.0,0.0,0.03,0.0,587.8402940848521,27.804704375,17511.619037500004,102.23375,12336.7153,86.22250000000001,0.0,2300.9362088810417,44.70160625,0.0,0.015401387819898943,0.016955057835497573,0.061016829187450036,0.10837929577449062,0.1425676254428565,0.15218138072346274,0.15774134702495898,0.10373849776691844,0.012254198460884177,0.2033386844967028,0.0011472586732768134,0.001530960361878086,0.0006282648287341508,0.04021981780943359,0.025947838412776973,0.0327441069619877,0.02530242640362806,0.03733257039878198,0.08883825868461763,0.08050569544019702,0.0274223010430433,0.01917637270255693,0.0,0.0,0.14836875,0.36187499999999995,3.0918624999999995,1.9568749999999997,0.2044109375,0.5309375000000001,1.7039953125,1.4259375,9.3873046875,3.3828125,1.048951049,6.0,3.0,10.787812500000003,2.9156250000000004,9.0,2259.4,0.005196434000000001,300.0,0.44122238199499997
58_300_0,1215.0,27.0,2264.278237769116,60.82166941125001,6312.618267514166,59.429975,0.0,6570731.229166666,1908.0625,0.0,0.0,8103.541666666667,100.25,33284.916666666664,190.5625,0.0,0.0,33552560.666666668,3793.25,810.7573500000001,35.235,17990.8608,116.16,2759.158125,55.293749999999996,1.5966,1.1087500000000001,"dict_items([('Ru', 3), ('Hf', 1.0), ('K', 12)])",0.0,5124.5067,61.995,31.260907320694905,5.0621581,2250.7162499999995,47.765625,242.68111979166665,10.686875,0.0,0.0,-21.388996506190917,-3.1692922875625005,0.23591537499999998,0.621375,749.4250604166668,28.319375,242.68111979166665,10.686875,0.01,0.0,0.0,0.25,0.75,0.16666666666666666,0.25,0.0,0.0,1.0,1.0,0.0,0.0,0.0,0.0,0.12,0.792496931,1630926.2558499998,897.835,539.5,15.5625,0.0,0.0,0.0,0.0,8.666666666666666,2.0,30.375,3.375,3.895833333333333,1.0625,4.3125,1.4375,0.0,0.0,4.083333333333334,0.875,0.0,0.0,0.0,0.0,0.625,0.9375,1.4166666666666665,1.0625,0.0,0.0,10.833333333333332,2.5,21.5625,4.3125,810.7573500000001,35.235,0.0,0.0,0.0,0.03,0.0,587.466825,27.802500000000002,10365.2652,88.17,7410.270000000001,74.55000000000001,0.0,1338.3808756666665,41.148875000000004,0.0,0.0,0.0,0.0,0.0,0.0,0.0,0.0,0.0,0.0,0.0,0.0,0.0,0.0,0.0,0.0,0.0,0.0,0.0,0.0,0.0,0.0,0.0,0.0,0.0,0.19393749999999998,0.40125,3.4571625000000004,1.986875,0.22062760416666666,0.5359375000000001,1.9273286458333336,1.4509375,10.548354687500002,3.4378125,1.064773736,3.0,3.0,10.96875,2.9250000000000003,14.0,2248.3080809999997,0.040118522999999996,300.0,0.6860212078749999
62_300_0,626.5,22.375,2353.6487756497736,61.70804667625001,2935.8826566174557,47.576964000000004,0.0,4891610.166666666,1714.75,0.0,0.0,7331.555833333334,93.475,33172.75,191.75,0.0,0.0,13840816.708333334,2561.375,843.9696416666666,35.8475,21270.512025,135.92249999999999,2865.185,51.224999999999994,1.5476000000000003,1.06,"dict_items([('Ru', 2), ('Sc', 2.0), ('K', 12)])",0.0,6401.64369375,73.45125,30.411860427319596,4.995746225,3687.1584993975002,54.868674999999996,152.92364583333335,8.3375,0.0,0.0,-15.241376300070089,-2.75817311725,0.3482885,0.6685,749.5046833333334,28.3975,152.92364583333335,8.3375,0.0,0.0,0.0,0.25,0.75,0.16666666666666666,0.25,0.0,0.0,1.0,1.0,0.0,0.0,0.0,0.0,0.12,0.591565323,1276639.5648083333,805.0225,247.91666666666663,10.625,0.0,0.0,0.0,0.0,11.083333333333334,2.375,8.5,2.125,6.0,1.5,2.6666666666666665,1.0,0.0,0.0,0.0,0.0,0.0,0.0,0.0,0.0,0.5833333333333334,0.875,1.5,1.125,0.0,0.0,8.5,2.125,17.875,4.125,843.9696416666666,35.8475,0.0,0.0,0.0,0.02,0.02,559.2229199230376,27.41747125,13470.5676,105.42,9283.960400000002,88.38500000000002,0.0,1353.7049111031502,41.0078325,0.0,0.0,0.0,0.0,0.0,0.0,0.0,0.0,0.0,0.0,0.0,0.0,0.0,0.0,0.0,0.0,0.0,0.0,0.0,0.0,0.0,0.0,0.0,0.0,0.0,0.1403083333333333,0.37249999999999994,3.4031083333333334,1.9862499999999998,0.22049895833333333,0.535625,1.8882302083333335,1.450625,10.362178125,3.436875,1.0403726709999999,3.0,3.0,10.059791666666666,2.76875,11.0,2552.3503739999996,0.0026545229999999998,300.0,0.7433750520500001
38_300_1,671.0,22.875,2036.2434464298994,60.108470870000005,3175.338245951105,48.824730625,0.0,4202490.041666667,1618.625,0.0,0.0,7006.925462499999,92.47625,30561.0,187.875,0.0,0.0,21537637.333333336,3122.0,721.8161416666666,34.7975,24539.141024999997,140.4725,2443.2287499999998,48.9625,1.6509125,1.08375,"dict_items([('Ru', 2), ('Mn', 2.0), ('K', 12)])",0.0,5508.11885,71.045,32.56050747375056,5.104812475,2919.4845375,52.082499999999996,146.94711875000002,8.18875,0.0,0.0,-19.95684821574114,-3.1000546372500004,0.32299025,0.6573749999999999,759.74335,28.497500000000002,146.94711875000002,8.18875,0.0,0.0,0.0,0.25,0.75,0.16666666666666666,0.25,0.0,0.0,1.0,1.0,0.0,0.0,0.0,0.0,0.12,0.46879234700000005,1142627.087725,768.1475,582.75,15.75,0.0,0.02,0.0,0.0,6.25,1.875,14.0,2.625,2.6666666666666665,1.0,6.0,1.5,0.0,0.0,0.0,0.0,0.0,0.0,0.0,0.0,0.5833333333333334,0.875,1.5,1.125,0.0,0.0,14.0,2.625,17.875,4.125,721.8161416666666,34.7975,0.0,0.0,0.0,0.02,0.0,592.757725,27.7725,12201.625598062497,103.070375,8433.75,86.50000000000001,0.0,1515.596727333333,42.12175,0.0,0.037456517863370266,0.029728763446719413,0.061796360646981165,0.10178592177055627,0.1435438870743759,0.14700239663040698,0.148221175331643,0.10228126534200807,0.008754132798504316,0.05265044607628151,0.010765191636032888,0.01123776070535781,0.011591388341087541,0.08103433191256235,0.03973805805702803,0.05321863219281893,0.04344718381044918,0.033228276451464187,0.01571042145101821,0.11218884247604294,0.010428849082296118,0.04728645717377007,0.0,0.0,0.12687500000000002,0.3625,3.143983333333333,1.9487499999999998,0.20460312500000002,0.526875,1.741796875,1.421875,9.566957291666668,3.370625,1.142721218,3.0,3.0,11.772291666666668,2.91875,0.0,2055.173267,0.011298785,300.0,0.3718333211100001
42_300_0,674.9166666666666,22.25,1999.9609790851907,59.785381493125,3092.00859976375,46.6456125,0.0,4746249.270833334,1647.8125,0.0,0.0,10474.06,101.23125,29109.208333333332,184.625,0.0,0.0,22763896.75,3085.375,681.7199749999999,34.2975,23217.005400000002,146.535,5550.766041666666,63.631249999999994,1.8251270833333333,1.110625,"dict_items([('Ru', 1), ('Ni', 3.0), ('K', 12)])",0.0,6051.696,76.25625,33.18903645048235,5.147991225,3241.3047562499996,55.97624999999999,144.85656770833336,7.440625,0.0,0.0,-12.870127043639958,-2.4377552397500004,0.3193980416666667,0.665875,759.87673125,28.591875,144.85656770833336,7.440625,0.0,0.0,0.0,0.25,0.75,0.16666666666666666,0.25,0.0,0.0,1.0,1.0,0.0,0.0,0.0,0.0,0.12,0.19801765,1151275.21085,739.335,687.5,17.1875,0.0,0.0,0.0,0.03,3.2083333333333335,1.375,19.791666666666664,3.125,0.9375,0.5625,9.6875,1.9375,0.0,0.0,0.0,0.0,0.0,0.0,0.0,0.0,0.5416666666666666,0.8125,1.5833333333333335,1.1875,0.0,0.0,19.791666666666664,3.125,17.604166666666664,4.0625,681.7199749999999,34.2975,0.0,0.0,0.0,0.01,0.0,625.1352127591,28.1766575,14170.107600000001,113.1075,9830.760000000002,94.80000000000001,0.0,1559.2337040000002,42.732,0.0,0.010651220273612016,0.002370486196306502,0.0646485669463079,0.09231005547226964,0.1118350592773718,0.13351939097184584,0.1408903409668906,0.09537913682348204,0.014558126925051831,0.3878019025253002,0.010982906699177564,0.004266834521103064,0.005276829633732811,0.015867879944170302,0.03582143572227039,0.05003989537857551,0.027448992129371016,0.019983251566853245,0.2970115297254429,0.08759976471771587,0.037948030177743834,0.026247724915166137,0.0,0.0,0.11577343749999999,0.3421875,3.111325,1.9324999999999999,0.20774531250000003,0.5259375000000001,1.7089734375,1.4065625000000002,9.4328515625,3.3390625000000003,1.0743310209999999,5.0,3.0,12.850000000000003,3.0,14.0,1992.775,0.026691499,300.0,0.303640155905
31_300_0,826.625,24.3125,2608.7107247891036,63.923868075625,3994.3237180035935,52.310446875000004,0.0,5228505.270833334,1728.8125,0.0,0.0,6896.846249999999,87.4125,35394.333333333336,197.0,0.0,0.0,13294885.083333332,2253.625,938.5546625,37.27875,19920.92415,140.3475,2879.6327083333335,48.18125,1.3868333333333334,0.98125,"dict_items([('Ru', 1), ('Y', 3.0), ('K', 12)])",0.0,6101.606475,76.4325,29.154967233529224,4.881272475,3465.6492336562496,57.0444375,109.83970208333335,6.29875,0.0,0.0,-14.578011850416216,-2.6099318406875,0.2751935,0.6385,766.5662812500001,28.678125,109.83970208333335,6.29875,0.0,0.0,0.0,0.25,0.75,0.16666666666666666,0.25,0.0,0.0,1.0,1.0,0.0,0.0,0.0,0.0,0.12,0.8505184020000001,1189817.7827249998,752.6475,189.33333333333334,8.0,0.0,0.0,0.0,0.0,12.541666666666668,2.6875,7.25,1.8125,7.5,1.875,1.6666666666666665,0.625,0.0,0.0,0.0,0.0,0.0,0.0,0.0,0.0,0.5416666666666666,0.8125,1.5833333333333335,1.1875,0.0,0.0,7.25,1.8125,19.833333333333336,4.25,938.5546625,37.27875,0.0,0.0,0.0,0.01,0.0,546.7786893333334,27.062,12836.4576,109.92,8849.1975,91.98750000000001,0.0,1263.3581414999999,39.981375,0.0,0.035089973647580056,0.024237366725560854,0.06706209022020422,0.11284750863197833,0.1249424718819419,0.14945478714050514,0.15331980539709197,0.09517336760489452,0.006651435731906519,1.2916189740284398,0.00692676765994138,0.0033435081423454373,0.006336818705759397,0.018142702242336092,0.020478791148338588,0.04004430896846177,0.02709169524256629,0.028258367769063562,0.3999667352553901,0.1060147110448098,0.0791302178677431,0.05317420029109501,0.03,0.0,0.19337499999999996,0.41437499999999994,3.4997416666666665,2.0075,0.21782031250000003,0.5334375,1.9678734375,1.4740625,10.717409895833333,3.4815625,1.048180924,5.0,3.0,9.493750000000002,2.625,10.0,2008.575,0.028151119,300.0,0.6350362353599999
86_300_0,875.0,25.0,2116.5002085351393,60.5194928975,4246.568734180833,53.952475,0.0,6707017.041666666,1940.875,0.0,0.0,12959.375,108.75,31814.75,189.75,0.0,0.0,27214071.5,3473.25,770.5508916666666,35.2225,20014.5764,134.10999999999999,4280.573333333333,57.949999999999996,2.0029333333333335,1.1600000000000001,"dict_items([('Ru', 2), ('Mo', 2.0), ('K', 12)])",0.0,4718.38859375,68.80624999999999,31.71176886199935,5.062113725000001,2762.2935375,51.482499999999995,294.28009999999995,11.26,0.0,0.0,-23.451143353197235,-3.3282474522500003,0.26119275,0.628875,730.9566,28.215000000000003,294.28009999999995,11.26,0.0,0.0,0.0,0.25,0.75,0.16666666666666666,0.25,0.0,0.0,1.0,1.0,0.0,0.0,0.0,0.0,0.12,0.007846155,1830249.823975,940.2725,563.1666666666667,15.5,0.0,0.0,0.02,0.0,7.333333333333333,2.0,12.5,2.5,2.6666666666666665,1.0,6.0,1.5,0.0,0.0,0.0,0.0,0.0,0.0,0.0,0.0,1.0,1.0,1.0,1.0,0.0,0.0,12.5,2.5,19.833333333333336,4.25,770.5508916666666,35.2225,0.0,0.0,0.0,0.02,0.0,598.9702083333334,27.8375,12632.811335999999,103.878,6994.352662610001,83.15345,0.0,1396.1747090000001,41.304500000000004,0.0,0.032120535981508117,0.03900696531136108,0.06803342610784477,0.10458779684527604,0.14480107516619029,0.1464617185759986,0.15149370281551458,0.09628971599420008,0.016585108314614544,0.2810602237975799,0.004887577619609951,0.0030596123881887483,-0.00018372882198732995,0.07894540901033001,0.020678274025566518,0.025153201457017653,0.02145860430708876,0.023693171796124683,0.1680078996712152,0.07225938883010236,0.05026784470464448,0.033490555489707814,0.0,0.0,0.17248333333333332,0.39499999999999996,3.376858333333333,1.9825,0.21363645833333336,0.531875,1.8882302083333335,1.450625,10.316540625000002,3.433125,0.93,2.0,3.0,12.069375000000003,2.94375,5.0,2111.275,0.007846155,300.0,0.26025251516999987
