,mean_fit_time,mean_score_time,mean_test_score,mean_train_score,param_max_depth,param_min_samples_leaf,param_min_samples_split,param_n_estimators,params,rank_test_score,split0_test_score,split0_train_score,split1_test_score,split1_train_score,split2_test_score,split2_train_score,split3_test_score,split3_train_score,split4_test_score,split4_train_score,split5_test_score,split5_train_score,split6_test_score,split6_train_score,split7_test_score,split7_train_score,split8_test_score,split8_train_score,split9_test_score,split9_train_score,std_fit_time,std_score_time,std_test_score,std_train_score
0,0.0546422004699707,0.0010009288787841796,0.6473370531731223,0.9904593254189973,,1,2,10,"{'max_depth': None, 'min_samples_leaf': 1, 'min_samples_split': 2, 'n_estimators': 10}",22,-0.0688636563580598,0.9924169109805968,0.3559469732513023,0.9905005556529372,0.658538596055094,0.990256839897038,0.9443297400818548,0.9904426199428032,0.7794578334155948,0.9899058467488262,0.7907499432805583,0.9902522144171116,0.9448418565976228,0.9912882663253206,0.799551503328779,0.9911779116306249,0.35307079483512216,0.9895165883522579,0.928501261033899,0.9888355002424556,0.0031940100528566,0.00022348477570283097,0.31726152151301035,0.0009462253842949161
1,0.2772223711013794,0.00315241813659668,0.6604543584498966,0.990749873515596,,1,2,50,"{'max_depth': None, 'min_samples_leaf': 1, 'min_samples_split': 2, 'n_estimators': 50}",8,-0.07361436519298103,0.9927170252897748,0.5130314243580079,0.990574809793703,0.63333305071037,0.9904927922092501,0.9449136591597658,0.9906385829530913,0.7396489189397214,0.989895839155408,0.8301972763485337,0.9902834741653992,0.9531990393681301,0.9916752577562722,0.8017988704996469,0.9912511427860536,0.38680431668751225,0.9900417120114788,0.886389515870067,0.9899280990355289,0.028138676159399124,0.0002288891075886512,0.3022778748740917,0.000849124591882639
2,0.5501412153244019,0.006154704093933106,0.6563473413294936,0.9908951829826581,,1,2,100,"{'max_depth': None, 'min_samples_leaf': 1, 'min_samples_split': 2, 'n_estimators': 100}",15,-0.021317369979018563,0.9927870823095105,0.46066467162955416,0.9906978369699245,0.6336145337401067,0.9907150153950931,0.9457009654395045,0.9908416473659926,0.7246810362651588,0.9902227124908564,0.8146898480758065,0.9905280213737342,0.9532385399159401,0.9917340042726697,0.792325609187084,0.9913128153263908,0.39458605255012014,0.9901194612025621,0.8763445566100287,0.9899932331198475,0.01998675785778004,0.0013247617635965435,0.2896947762316284,0.0008083238774901118
3,2.6809152603149413,0.029323434829711913,0.6520155364585595,0.9909114976958726,,1,2,500,"{'max_depth': None, 'min_samples_leaf': 1, 'min_samples_split': 2, 'n_estimators': 500}",17,-0.020701312185357867,0.9928272173055847,0.3762153145046666,0.9907924939748611,0.6367277992935629,0.9906880859922953,0.9444853689011542,0.9908257968803044,0.7264435696999068,0.9901990456658093,0.8243401935902587,0.9905127908007222,0.9536262631701533,0.9917697001778619,0.801811251110396,0.9913183276148049,0.39849162386410153,0.9901403027352098,0.8907218378341933,0.990041215811273,0.10549701412418941,0.003596108881220746,0.2981150100460088,0.0008162175151368047
4,0.05184159278869629,0.0010509967803955078,0.6509355929188754,0.9899172446176563,,1,3,10,"{'max_depth': None, 'min_samples_leaf': 1, 'min_samples_split': 3, 'n_estimators': 10}",20,-0.016278764093531795,0.9924002857922217,0.47423966228250697,0.9894164700121005,0.6325384625470856,0.9893778430048833,0.918544133241911,0.9898864628313463,0.7099776840273195,0.9893945457800989,0.8319700861875087,0.9892584676298342,0.9522442728871751,0.9913306896285267,0.7599584886615012,0.9904441027779366,0.34654993265361733,0.9893340836479778,0.9102943794980747,0.988329495071638,0.004386264161480988,0.00026934958023894093,0.2917318853247176,0.0011203483007574497
5,0.2555549144744873,0.003703665733337402,0.6418833247080509,0.9907594284180622,,1,3,50,"{'max_depth': None, 'min_samples_leaf': 1, 'min_samples_split': 3, 'n_estimators': 50}",23,-0.04282436834437964,0.992688045302228,0.3126484835102671,0.9904678114872569,0.6399311846268874,0.9905192078725906,0.9432741259645407,0.9907210833776956,0.7040691564174741,0.990150551106734,0.8295521110759042,0.9904177729039921,0.9532233151729809,0.9916692737294251,0.7791481068827927,0.9910837661344286,0.4288389841973739,0.9899970590990599,0.8838068632000879,0.9898797131672109,0.012727969844788476,0.0013093161891429117,0.30525134244529617,0.0008148226303531995
6,0.5258203744888306,0.0057043790817260746,0.6555956222987794,0.9908632176325355,,1,3,100,"{'max_depth': None, 'min_samples_leaf': 1, 'min_samples_split': 3, 'n_estimators': 100}",16,-0.028060884987612278,0.9928228058921518,0.4391486511829736,0.9907939651718872,0.6624375858024409,0.9906950086219098,0.9468827290758366,0.9907956936581647,0.7071263402317776,0.9901015055892195,0.8134976068765324,0.9905008967972297,0.9550829930660758,0.9916740497587978,0.7981043312542649,0.9912044682384201,0.38168992428780624,0.9900245415223538,0.8914406611141815,0.9900192410752195,0.022226043640225474,0.0003321996774062675,0.29524060280898357,0.0008233281358981793
7,2.5704232931137083,0.029273366928100585,0.659525672803733,0.9908921756105862,,1,3,500,"{'max_depth': None, 'min_samples_leaf': 1, 'min_samples_split': 3, 'n_estimators': 500}",13,-0.006973183668148364,0.9928045083696169,0.4204911173023601,0.9907425294423426,0.6329008323688043,0.9906983483557968,0.9446679257525561,0.9907956414931821,0.7210469613999265,0.9901622332734492,0.8217632221345562,0.9904570457598254,0.9536877489964681,0.9917831179217736,0.8061075018631645,0.9912849793031095,0.4202931455937461,0.990116516723829,0.8927339045467211,0.990076835462936,0.07465884912284441,0.0039480125309646315,0.28936852258275236,0.0008162690370044478
8,0.04798822402954102,0.0009511470794677735,0.6600959059120631,0.9881427559834638,,2,2,10,"{'max_depth': None, 'min_samples_leaf': 2, 'min_samples_split': 2, 'n_estimators': 10}",10,0.026358649980017135,0.9911614621098565,0.4702671644345546,0.9877743788585998,0.6423572361018639,0.9887479942830636,0.9328745776997152,0.9888618259649719,0.7064873565517893,0.98902829189774,0.7839333560918018,0.9847405186636878,0.9498382520149732,0.9890968726739436,0.725451017621452,0.987805577231897,0.4479243108447586,0.9881966653830007,0.9258920238228653,0.9860139727678768,0.002253751250750692,0.0001500773352414014,0.271556246864052,0.0016748047178308562
9,0.24106802940368652,0.003152608871459961,0.647677926347051,0.9893085156478589,,2,2,50,"{'max_depth': None, 'min_samples_leaf': 2, 'min_samples_split': 2, 'n_estimators': 50}",21,0.013531579136117577,0.9913364178718552,0.516688037726007,0.9890471972707583,0.6267929444424123,0.9894588089820284,0.9426977021014393,0.9891318106897624,0.7103023961850989,0.9886372271651898,0.7999642683457504,0.9891471028690529,0.955682988466154,0.9898256693838026,0.784203194089503,0.9897459900054,0.2562771332188971,0.9884296449728202,0.8803242885671294,0.9883252872679189,0.009475463606540706,0.00022881638564661627,0.2928902103741552,0.0008312131661376918
10,0.4856402397155762,0.006055378913879394,0.6518307418160079,0.9893789569053434,,2,2,100,"{'max_depth': None, 'min_samples_leaf': 2, 'min_samples_split': 2, 'n_estimators': 100}",18,-0.021476977628310138,0.9918839361175824,0.450060394646495,0.9890997226673603,0.6241741967347028,0.9891392838324735,0.9457782934305307,0.9888270944784157,0.7333013857541877,0.9885424627857758,0.8364823135838586,0.9892781702956154,0.9548160016345568,0.9906557366154986,0.7926542151224474,0.9897876679020448,0.34154638731497955,0.9884130396099127,0.872048145118704,0.9881624547487547,0.015444497186531903,0.0011722627698507592,0.2970490962196731,0.001078649762989921
11,2.3608190298080443,0.02682185173034668,0.6626104219256922,0.9895049947155655,,2,2,500,"{'max_depth': None, 'min_samples_leaf': 2, 'min_samples_split': 2, 'n_estimators': 500}",7,-0.024567238845949912,0.9917017253690603,0.4357324734075754,0.9892064240333491,0.6373516305224258,0.9892094984591923,0.9439265444520436,0.9893783229868031,0.7183744804919209,0.9889256439204009,0.8350255246476934,0.9890754760957337,0.9533800040524595,0.990373905575638,0.79412383087349,0.9898893018131405,0.4490122900560709,0.9887736209432272,0.8953150037674175,0.9885160279591094,0.06669294059355055,0.001006283764714152,0.2902438057730881,0.0008918479824252162
12,0.048438429832458496,0.000851130485534668,0.6355917216164255,0.9881632691032285,,2,3,10,"{'max_depth': None, 'min_samples_leaf': 2, 'min_samples_split': 3, 'n_estimators': 10}",24,-0.0861453283552478,0.9913367478281135,0.44956033241471416,0.989223243353347,0.5924265096767056,0.9872366725277514,0.9469219851663546,0.9878083032014896,0.6878585764193493,0.9881655748435766,0.8342767214415647,0.9867022325556786,0.9578220557588843,0.9885270208908593,0.8052007852552991,0.9876885143901147,0.2708879335521903,0.9877387054197756,0.9085983845708132,0.9872056760215799,0.007458495795033232,0.0002294768717359606,0.32265255606700927,0.0012557338083752972
13,0.2437206983566284,0.0031527280807495117,0.6518081414518746,0.9892954859012134,,2,3,50,"{'max_depth': None, 'min_samples_leaf': 2, 'min_samples_split': 3, 'n_estimators': 50}",19,0.020231918300291585,0.9915587072704111,0.3552176051711524,0.9890979331258144,0.634353449686008,0.9888184012459279,0.9407924327590329,0.9886622546999342,0.7299971620494118,0.9891160425362608,0.8174062967659905,0.9883996572598132,0.9565321733487032,0.9907917976944246,0.7928712522697902,0.9898978008962114,0.39879476429425564,0.9882968490463597,0.8836333061960377,0.9883154152369747,0.010365202419435348,0.00032057294827280396,0.2896136760149875,0.0010575464469278536
14,0.48173716068267824,0.005804538726806641,0.6571998673229426,0.9893129850601834,,2,3,100,"{'max_depth': None, 'min_samples_leaf': 2, 'min_samples_split': 3, 'n_estimators': 100}",14,-0.014478041977959322,0.9916636089052495,0.4906337230512182,0.9889134761420121,0.6143359535826899,0.9891469812899836,0.9416769672280578,0.9889631130083851,0.7122092399301658,0.9886616495670368,0.8366975568368434,0.9890716034051172,0.9534051188895373,0.9903940602152459,0.7903317072301024,0.9894471430565602,0.37009020654570446,0.9887522241399266,0.8877069261355028,0.9881159908723182,0.023296188339962273,0.0005103842844678365,0.2901487979623326,0.0009618461583555114
15,2.401717019081116,0.028373074531555176,0.6652580126028228,0.9895079825933522,,2,3,500,"{'max_depth': None, 'min_samples_leaf': 2, 'min_samples_split': 3, 'n_estimators': 500}",3,-0.004634980440742842,0.9917551768076703,0.4912630973294125,0.9891255620238221,0.6351713560462144,0.9891950059928978,0.9430496300574691,0.9892158007928453,0.7202164485568947,0.9889862798686999,0.8303435649094634,0.9891483995165515,0.9532494570342185,0.9905064012788999,0.8016240686405025,0.9898173883515097,0.40815714116807655,0.988747910614819,0.8848224681484532,0.9885819006858059,0.08511052696652299,0.003117927084357816,0.28412006684376573,0.0009115280859492419
16,0.044384765625,0.0010011911392211914,0.6702313207824399,0.9837719333746152,,3,2,10,"{'max_depth': None, 'min_samples_leaf': 3, 'min_samples_split': 2, 'n_estimators': 10}",2,0.0005314599060100011,0.9873809535544175,0.49046437435681456,0.9825264152034844,0.6436399699333933,0.9857167655809522,0.9414087962409463,0.984108168822527,0.7497567404513834,0.9841533269350664,0.8246847942771122,0.9840924233847447,0.9481300726010028,0.9851115122077423,0.7847378100921796,0.9814619879326619,0.4492614223713408,0.9818674285161886,0.8804505119904434,0.9813003516083673,0.004528524918820166,6.401882926033761e-07,0.27797981714675335,0.0018864283244428982
17,0.21818301677703858,0.0034526824951171876,0.6719504234356936,0.985426406868554,,3,2,50,"{'max_depth': None, 'min_samples_leaf': 3, 'min_samples_split': 2, 'n_estimators': 50}",1,-0.01383052477773461,0.988515750989228,0.49167555937692564,0.9845444637687425,0.6963291188491585,0.985170182021801,0.9369892571803372,0.9847956828182411,0.7373287233814636,0.9860312076842517,0.8609310164315277,0.9861625694369037,0.9492351224179122,0.9860710616085647,0.7979519560806335,0.9844203772715133,0.4044559214960456,0.9841517171189399,0.8694008157215805,0.9844010559673547,0.01547422980666492,0.0013691417949970666,0.28656780267881576,0.0012568575015885408
18,0.42926573753356934,0.005754923820495606,0.6598298006091959,0.9851779488383837,,3,2,100,"{'max_depth': None, 'min_samples_leaf': 3, 'min_samples_split': 2, 'n_estimators': 100}",11,-0.011702549327162306,0.9885668966246518,0.431159732583821,0.9846566472743908,0.6635664454741705,0.9845342335741195,0.9292153116931647,0.9849348911092112,0.7310661434388497,0.9856930294340439,0.8520758384952675,0.9850047907746756,0.9515791930253417,0.9868396397069984,0.7991905521651345,0.9843812949815708,0.37891210142308274,0.9841074605786976,0.8846302044362626,0.9830606043254766,0.018879055452289285,0.0004042395192652399,0.2925839103317923,0.0014680063816536664
19,2.2169952630996703,0.026871657371520995,0.6651845548546351,0.9855067463227746,,3,2,500,"{'max_depth': None, 'min_samples_leaf': 3, 'min_samples_split': 2, 'n_estimators': 500}",4,-0.008645875981513118,0.9889134083033048,0.4424576985274771,0.9849934797266706,0.6757970162638072,0.9849124147172721,0.9363002138111705,0.9849388371651435,0.7288476965787419,0.9858737522846752,0.845212180211365,0.985329090613723,0.9501994366756307,0.9869098504960615,0.8008365164976876,0.9850042560506936,0.4029423523970778,0.9844416962643071,0.8892471399846952,0.9837506776058943,0.07064949974822651,0.0009507092483650442,0.289240612421521,0.0013838388997276343
20,0.04718890190124512,0.0009999275207519531,0.6627329305900618,0.9841589834635138,,3,3,10,"{'max_depth': None, 'min_samples_leaf': 3, 'min_samples_split': 3, 'n_estimators': 10}",6,-0.058708005984870804,0.9881802449832411,0.5664889412883626,0.9841353766149904,0.6899070139450453,0.9822778328254016,0.9469553544736379,0.9832169395885392,0.7350791496428652,0.9837655779931725,0.8809300300148094,0.9843472461762544,0.9466579432702182,0.9858676684638578,0.8015337680145239,0.982012940905006,0.2505970363129715,0.984917567197278,0.8782385170227582,0.9828684398873981,0.006261879993599238,1.5742849368304422e-06,0.3137667302815775,0.001747957141591254
21,0.2242414951324463,0.0031023740768432615,0.6604489942788796,0.985237717047255,,3,3,50,"{'max_depth': None, 'min_samples_leaf': 3, 'min_samples_split': 3, 'n_estimators': 50}",9,-0.014610907419719599,0.9882262496571287,0.4167984071788869,0.9849547719672817,0.6901710912188928,0.9844156163428002,0.9368759518740164,0.9841481366067185,0.7302102553618096,0.985791902132171,0.8487972110111414,0.985396591639786,0.9521524889280188,0.9866102174024339,0.801671986541433,0.9844329750057069,0.38821389903415704,0.9844716090131768,0.8658388057538117,0.9839291007053462,0.007841199434418345,0.00020005796737096565,0.2929824183019833,0.001266394395767402
22,0.4506718158721924,0.006104850769042968,0.6596217285214786,0.9853586013239509,,3,3,100,"{'max_depth': None, 'min_samples_leaf': 3, 'min_samples_split': 3, 'n_estimators': 100}",12,0.02113757890506751,0.9889182115984861,0.38467400099522286,0.9849668487319746,0.652671574246884,0.98487949347222,0.9381335258680854,0.9851681921634968,0.718700344526602,0.9851688885948202,0.8476024683640108,0.9853496293011801,0.951290009845003,0.9865640195953662,0.8019837987816876,0.9846711446418089,0.4013264933904772,0.9845847303493269,0.890259919116335,0.9833148547908279,0.02829628262903822,0.0008610241065988835,0.28791816833165673,0.0014081041465232606
23,2.278506350517273,0.029573774337768553,0.6639066704535755,0.9855642756999032,,3,3,500,"{'max_depth': None, 'min_samples_leaf': 3, 'min_samples_split': 3, 'n_estimators': 500}",5,-0.010919438582695395,0.9888960164385822,0.46556280162153363,0.9849794497202996,0.6517233262127141,0.9851417380488403,0.9352325796089015,0.9848846484010595,0.7281967958628572,0.9859063157127217,0.8444932219755066,0.9853882575684536,0.9502935706239529,0.9869500785428879,0.8038898896195202,0.9848636808289941,0.3907364215504875,0.9848672581543864,0.8909103205729556,0.9837653135828062,0.06754550772505036,0.005154085715153683,0.28933543147505975,0.0013551495751885315
24,0.02552025318145752,0.001102447509765625,0.5253077975608064,0.8266775026133744,3,1,2,10,"{'max_depth': 3, 'min_samples_leaf': 1, 'min_samples_split': 2, 'n_estimators': 10}",70,-0.6276796651837753,0.7982863229717923,0.3710283678915174,0.8175779967080061,0.5740984747236819,0.842181211673063,0.8546568908876852,0.8363590246402716,0.5894342513380483,0.8295605808868876,0.848598187013853,0.8303473683146907,0.9146318376915161,0.8195378118397044,0.636051591129134,0.8398082424114065,0.2704238163223278,0.836213751553825,0.8383819059765304,0.8169027151340962,0.0030684375967494704,0.00019948535371785365,0.43723792918534077,0.01286318402741188
25,0.11279072761535644,0.003402900695800781,0.5288091951554645,0.829922148241913,3,1,2,50,"{'max_depth': 3, 'min_samples_leaf': 1, 'min_samples_split': 2, 'n_estimators': 50}",66,-0.5315128315843392,0.8191263314340441,0.3590798295457496,0.8255456099298188,0.5974744866430182,0.8414904666293734,0.8577386057871602,0.8238973000327741,0.5640671081472435,0.8427634693866929,0.8427359680085132,0.8243206003506938,0.9240355839318303,0.8246172645400516,0.6239531391283943,0.8361493643139254,0.22724848430484657,0.8397442311346217,0.8388418484314634,0.8215668446671327,0.00899402797172317,0.0006249204726526149,0.41573181531914644,0.008575020834959457
26,0.22818300724029542,0.0057048797607421875,0.5322511780171265,0.8318128077871917,3,1,2,100,"{'max_depth': 3, 'min_samples_leaf': 1, 'min_samples_split': 2, 'n_estimators': 100}",61,-0.4797258109213933,0.8320607494602159,0.33921714816531134,0.8295757634836505,0.5848183653870238,0.8400583568431395,0.8513077991366707,0.8229859277484848,0.5811918868765937,0.8403198388609425,0.8401882751693176,0.830884034500029,0.9296034657141727,0.8204001380959498,0.6387084740381502,0.8394111775917379,0.2031999787840858,0.841516673418357,0.8492555018566535,0.8209154178694091,0.01231656510875068,0.0010545325446095369,0.40624938368918667,0.007906347441300768
27,1.1008568286895752,0.027822995185852052,0.531982225090582,0.8310502885345041,3,1,2,500,"{'max_depth': 3, 'min_samples_leaf': 1, 'min_samples_split': 2, 'n_estimators': 500}",62,-0.5379293608528337,0.8209440078795059,0.3360373979685237,0.8275317452372739,0.5811286774451238,0.8410895522223525,0.8616525388167999,0.8287124922387189,0.5785576934909925,0.8410010413811151,0.8400993015692705,0.8285049699395994,0.9264778338595887,0.8207043329586711,0.6370341506448347,0.8390596377564773,0.26357560594464424,0.840956744032548,0.8492119109184396,0.8219983616987795,0.024857585966033532,0.004604014365588303,0.4172787828726181,0.008231214996593066
28,0.025371074676513672,0.001000356674194336,0.5391095215427176,0.8273739635284023,3,1,3,10,"{'max_depth': 3, 'min_samples_leaf': 1, 'min_samples_split': 3, 'n_estimators': 10}",54,-0.4978447499605139,0.8312473201160622,0.2891590334301751,0.8204183117326789,0.5902417176516707,0.83889767699227,0.8639666843284257,0.822219550428122,0.5689524175860686,0.8443775125221163,0.8548180079870614,0.8236894956187024,0.9331500563941632,0.8119037080411156,0.6343365986428503,0.8353278861718243,0.3143001584033459,0.8393951845713752,0.8563052246299506,0.806262989089756,0.004945511484145785,0.00022376232844036303,0.4089151161614772,0.01190890674703638
29,0.11704940795898437,0.0031025886535644533,0.5443482279921594,0.8302020441830512,3,1,3,50,"{'max_depth': 3, 'min_samples_leaf': 1, 'min_samples_split': 3, 'n_estimators': 50}",53,-0.4961138846760575,0.8255294366939654,0.3257214852908328,0.8243531025383133,0.5880264131973267,0.839862884773906,0.8585312084167424,0.8267078217201015,0.5788671452116063,0.8403948093547673,0.8336253987907136,0.8268621453384783,0.9195906808354761,0.8209264450007394,0.652965371520027,0.8411110966393733,0.33903010056552485,0.8403224372932554,0.8591761943816746,0.8159502624776122,0.009038280051674038,0.0008315270939530769,0.40248411560220754,0.008872496835508453
30,0.23508861064910888,0.006406092643737793,0.5294880374066383,0.8305921364575874,3,1,3,100,"{'max_depth': 3, 'min_samples_leaf': 1, 'min_samples_split': 3, 'n_estimators': 100}",65,-0.5191276405385636,0.8258012509673026,0.31045784545967925,0.8287597251655141,0.5856609418970792,0.8407607011881788,0.8531726968444624,0.8250554309975617,0.5784492239170502,0.8401115671067443,0.844744910974186,0.826967877754899,0.9133540293247486,0.8214322133334984,0.6382840347355299,0.8391074364657346,0.2612557573063605,0.8364575916313396,0.84467472439765,0.8214675699651015,0.01800569812658055,0.002710922241456015,0.41206658088445636,0.007336182562633171
31,1.0997772216796875,0.024619746208190917,0.5332621096891086,0.8314326484486895,3,1,3,500,"{'max_depth': 3, 'min_samples_leaf': 1, 'min_samples_split': 3, 'n_estimators': 500}",59,-0.5283432460558752,0.8244147793336646,0.33664575392362306,0.8272855992078401,0.5857539735327466,0.842921664544596,0.86043414717916,0.8269144106091476,0.5805255954974112,0.8406344025762935,0.8444498167094473,0.8283614452365549,0.92496200465579,0.8205285947051134,0.6346585513617411,0.8389592934859302,0.26321607154562177,0.8435706094753481,0.8462452856491484,0.8207356853124051,0.019537752711490462,0.0030340948926471543,0.4146719026347649,0.008661806557101978
32,0.02297215461730957,0.001201295852661133,0.5486935576687205,0.8286509040359468,3,2,2,10,"{'max_depth': 3, 'min_samples_leaf': 2, 'min_samples_split': 2, 'n_estimators': 10}",49,-0.39164166427796787,0.831005286724729,0.3466484068225848,0.8256290398935687,0.6571739411770912,0.8413199094257457,0.8667964589198602,0.8300967063719256,0.57444514147995,0.8337855566328259,0.8381130756731123,0.8222164971294011,0.9020512589430022,0.8123374708018385,0.6547941414206119,0.8372871487732928,0.2150706218969881,0.8333459071419661,0.8379447056799826,0.8194855174641732,0.0032831298860168754,0.0004591820542941053,0.38230037248615883,0.008317423065192541
33,0.11044464111328126,0.0034024715423583984,0.5278159362442024,0.8318674518594369,3,2,2,50,"{'max_depth': 3, 'min_samples_leaf': 2, 'min_samples_split': 2, 'n_estimators': 50}",69,-0.48679992332011945,0.8330705985082982,0.3581688073211067,0.8249375512446518,0.597197721191403,0.8423657263565891,0.8506307035336211,0.8243271247748538,0.578597988763385,0.8383272448429512,0.8470848986834142,0.830570127552739,0.9242069246329734,0.8227299018159057,0.6390395039276409,0.8390555416723559,0.14063368375562146,0.8444893322192242,0.8443897246933254,0.8188013696067995,0.006355145642018174,0.0015627217925540443,0.41236828185944185,0.008515580927348556
34,0.2214334487915039,0.005454397201538086,0.5318728899368417,0.8308078307855217,3,2,2,100,"{'max_depth': 3, 'min_samples_leaf': 2, 'min_samples_split': 2, 'n_estimators': 100}",63,-0.5383104217864714,0.8224762075488328,0.3451515947958893,0.8257110241005328,0.5910089518032855,0.8419591358375729,0.8631279305542473,0.8282666066685735,0.5847027863658514,0.8420333183171292,0.8424449024894604,0.8235672494359452,0.9255077380590404,0.819968414740178,0.6361021245662426,0.8400806833572225,0.2451905092583777,0.8441210606568099,0.8397129681595096,0.819894607192421,0.009317429587756006,0.0008208901542184157,0.41784126225497914,0.009510308464714373
35,1.1085731983184814,0.025019359588623048,0.5333960885344131,0.831406123193468,3,2,2,500,"{'max_depth': 3, 'min_samples_leaf': 2, 'min_samples_split': 2, 'n_estimators': 500}",58,-0.5311670997731526,0.823873256268686,0.3409330826586848,0.8260861287750136,0.5810350089722801,0.8412188108169192,0.8614230921918116,0.8274305109853273,0.5857875982837989,0.8409040722634316,0.8400518959531522,0.8296703949798272,0.9229363040384708,0.8221553914504245,0.6402024982032958,0.8397951674671522,0.26407263460768415,0.8430907001312953,0.8445975941851093,0.8198367987966029,0.034139509604994865,0.0039013399876689754,0.41472657524828516,0.008465785559146595
36,0.024769806861877443,0.0009505748748779297,0.4947422251413928,0.8263646542027697,3,2,3,10,"{'max_depth': 3, 'min_samples_leaf': 2, 'min_samples_split': 3, 'n_estimators': 10}",72,-0.5828058491479366,0.8182014362302326,0.19414246898743104,0.8246621952320135,0.5736681113923041,0.8377352060336912,0.8491459353677249,0.8238611968483989,0.600156317327311,0.8319057472347926,0.8159070334101092,0.8201990685631434,0.9043315917402193,0.8171332466551613,0.6420279222433918,0.8345285857793101,0.13069456057989903,0.8375824010675204,0.837599068759592,0.8178374583834329,0.004072694061011492,0.00035013526197626914,0.4413624458804402,0.007900828928078368
37,0.1110389232635498,0.0028524160385131835,0.5459677389771387,0.8307716774560223,3,2,3,50,"{'max_depth': 3, 'min_samples_leaf': 2, 'min_samples_split': 3, 'n_estimators': 50}",50,-0.4811015388976798,0.8271828688724042,0.33102474893822476,0.8278999939334551,0.5766580992148667,0.8432447979885741,0.8603306450089427,0.8278613469098874,0.5808086658121886,0.8397615191169766,0.8447970163498945,0.8258210607263905,0.9105540690530176,0.820061927563207,0.6379713185934233,0.8407515263500702,0.3701941849596313,0.8375235603437626,0.8441618550162672,0.8176081727554958,0.009881350580348601,0.0003201709854237206,0.3952892998775893,0.008506836294116265
38,0.22198247909545898,0.007356405258178711,0.5278354200477163,0.8313821924966851,3,2,3,100,"{'max_depth': 3, 'min_samples_leaf': 2, 'min_samples_split': 3, 'n_estimators': 100}",68,-0.5259456872668444,0.8252252906221427,0.3227146488541217,0.8266416302534801,0.5845820620700608,0.8418516433525762,0.8613009837526726,0.8280156756582788,0.5928104868425728,0.8399373056308234,0.8499208451551561,0.8287509557544137,0.9260693104161866,0.819422894158973,0.6387020040000337,0.8404144831519459,0.1965554869506957,0.8425461915658261,0.847579526519067,0.8210158548183896,0.0196005920442343,0.0038182733641763454,0.420462486871807,0.008474311174019795
39,1.1124463081359863,0.026475024223327637,0.5328194738302081,0.8308341240884957,3,2,3,500,"{'max_depth': 3, 'min_samples_leaf': 2, 'min_samples_split': 3, 'n_estimators': 500}",60,-0.5331792668599329,0.8210700311566503,0.3413097109929517,0.8271605022960464,0.5800808231623068,0.8410406395686272,0.8604496405346158,0.827013554429704,0.5817593214051565,0.8406941996698097,0.842046858174833,0.8287443927759972,0.9264357172857683,0.8212153122785495,0.6384720958943715,0.8392823053099401,0.25983703133266844,0.841329813666751,0.8469006355379162,0.8207904897328806,0.036920282886215385,0.0038307012792721893,0.41597495099606185,0.00839117502752201
40,0.023169493675231932,0.001050424575805664,0.5212749002581245,0.8236210551921926,3,3,2,10,"{'max_depth': 3, 'min_samples_leaf': 3, 'min_samples_split': 2, 'n_estimators': 10}",71,-0.5297938172823835,0.8167756289541921,0.32941055090219895,0.817029624501965,0.5677025700265976,0.8282435302211881,0.862376683413394,0.8234371417178163,0.5902883009648419,0.8282228470027334,0.8598478087222139,0.8203055358876272,0.9251726024584301,0.809046086245315,0.6399304436797588,0.8389904006617821,0.16112724523641786,0.8445212205041064,0.8224199444204898,0.8096385362252009,0.0036376923164059168,0.0005208568782850466,0.4227281661665524,0.011067300128323411
41,0.11394121646881103,0.0029024839401245116,0.5389000853485599,0.8303467905115296,3,3,2,50,"{'max_depth': 3, 'min_samples_leaf': 3, 'min_samples_split': 2, 'n_estimators': 50}",55,-0.5142569406536712,0.829569318486518,0.3389178780430552,0.8202135305057126,0.5790152603594756,0.8439301104459357,0.8595318073893952,0.823007905265004,0.582150771592352,0.8397096897471593,0.8406766360519791,0.8259673820200794,0.9313245843239385,0.817547828576181,0.6524521245983674,0.8438669663454627,0.2905323936578945,0.8415524353575666,0.8445188600634168,0.818102738365676,0.006783906435120186,0.0002999630443858796,0.4097270543577372,0.010346923260552773
42,0.22123684883117675,0.005304670333862305,0.5450668121449057,0.8315686904154808,3,3,2,100,"{'max_depth': 3, 'min_samples_leaf': 3, 'min_samples_split': 2, 'n_estimators': 100}",51,-0.5102751699407417,0.8267492812651375,0.3238656004684183,0.8254186892507847,0.5868507050891707,0.8374640679741329,0.8624527397397683,0.8269765827155235,0.5866379109813782,0.8421642153483392,0.8391487274462794,0.8312181978758014,0.9186280949864876,0.8212878141721864,0.6568929534451684,0.8444913190182626,0.3561418503717222,0.8383745053888064,0.8464834834659886,0.8215422311458321,0.012271798158471446,0.0006019398321416008,0.40528084429175465,0.008054935700965412
43,1.075123953819275,0.024418950080871582,0.5366203823250323,0.8314267048697717,3,3,2,500,"{'max_depth': 3, 'min_samples_leaf': 3, 'min_samples_split': 2, 'n_estimators': 500}",57,-0.5161854066266776,0.8237155138562491,0.3326252938514632,0.8266449990006924,0.5788135046350109,0.8414134450161418,0.8603562015770407,0.8279613849886593,0.5862801562361777,0.8412013076537299,0.8457281938741199,0.8303385921338147,0.9244103225865027,0.8216583281850482,0.6381808752976087,0.8393554033756033,0.2846630071860785,0.8427130161717491,0.8472405464991407,0.8192650583160292,0.031230814635009034,0.0008002981585699839,0.41055642233055245,0.00851098913264264
44,0.02211782932281494,0.0007505178451538086,0.5445527911892492,0.8296509656606978,3,3,3,10,"{'max_depth': 3, 'min_samples_leaf': 3, 'min_samples_split': 3, 'n_estimators': 10}",52,-0.42424536313616157,0.8323877495664332,0.3171635655836572,0.828506012101832,0.5756935107864155,0.8410944498649724,0.8630901353063477,0.8216394655084072,0.565260096443545,0.8327027898032918,0.8505749100547111,0.8240900575878135,0.9167562039131333,0.8268395944460211,0.6346770775651605,0.833248095561625,0.3437326596505459,0.846930759225073,0.8179667281293274,0.809070682941509,0.001158169553840455,0.00025022078037442784,0.38175608502974795,0.009935583291758462
45,0.11189355850219726,0.004003667831420898,0.5283279491122078,0.8298366172682663,3,3,3,50,"{'max_depth': 3, 'min_samples_leaf': 3, 'min_samples_split': 3, 'n_estimators': 50}",67,-0.5420752884195243,0.8236248012715641,0.32989461300222067,0.8265408075893343,0.5713469544610462,0.8395140511568723,0.8593511519437865,0.8242147751030495,0.5925176763896145,0.841037551292968,0.8461716635165206,0.8283718238206934,0.9145759079829962,0.818232015879654,0.6400436815652665,0.8402344309767793,0.24169106847055033,0.8396634261310811,0.8458232846607625,0.8169324894606655,0.010164035793665328,0.0022824294861083136,0.4191535066987126,0.008989868678084581
46,0.21742827892303468,0.005104160308837891,0.537891716423241,0.8303028656310671,3,3,3,100,"{'max_depth': 3, 'min_samples_leaf': 3, 'min_samples_split': 3, 'n_estimators': 100}",56,-0.5062441504323572,0.824636680228718,0.3513745953626616,0.8284307679916318,0.575142185041924,0.8416265653501676,0.8557570617827209,0.8237147326285572,0.5831486936206887,0.8397264364693738,0.8410821591314195,0.8269446883396353,0.9227902101877675,0.8194364492879921,0.6349504266364238,0.8396027946284813,0.28640264067276144,0.8397680704966848,0.8500912281513897,0.8191414708894297,0.009952016903861279,0.00020040369219373753,0.40617157870700804,0.00852088985765289
47,1.1073797225952149,0.026070332527160643,0.5312486793045661,0.8315722873709964,3,3,3,500,"{'max_depth': 3, 'min_samples_leaf': 3, 'min_samples_split': 3, 'n_estimators': 500}",64,-0.5327814000781719,0.8227198563968083,0.32227624512321973,0.8280426615030996,0.5789272236363161,0.8424572997494296,0.8579191121840981,0.8276994670171439,0.5860349697957667,0.840969557653795,0.844630087493722,0.8289495615967163,0.9205094020085701,0.8221591712367943,0.6461819407330478,0.8411510161034513,0.2578361773666994,0.8421224217637262,0.8470669906502929,0.8194518606889992,0.027134434355399393,0.0025461335791610073,0.4166226761015587,0.008706677220910716
48,0.028772830963134766,0.0010010480880737304,0.5517054705043094,0.9525144537946684,5,1,2,10,"{'max_depth': 5, 'min_samples_leaf': 1, 'min_samples_split': 2, 'n_estimators': 10}",48,-0.15507025623691773,0.9369402805342621,0.0671620904718565,0.9547688491830122,0.6182846729166277,0.9491641500390907,0.8768124211955749,0.9514146858748392,0.6622421546005317,0.9629254431952978,0.8388506324147444,0.9493991098956457,0.9308956098708476,0.9530110070860379,0.6400644607115578,0.9552916521293777,0.23531077979252202,0.9589329726319932,0.8175821279990868,0.9532963873771277,0.000929469698054786,9.359257901377926e-07,0.3560318446012716,0.00654166235682805
49,0.14857282638549804,0.0030524492263793944,0.6068025340534982,0.9548910548007589,5,1,2,50,"{'max_depth': 5, 'min_samples_leaf': 1, 'min_samples_split': 2, 'n_estimators': 50}",29,-0.09425909038083113,0.9423201302011224,0.34949389435225375,0.9577284016494981,0.5902845410571167,0.9569311955377421,0.8938810681882933,0.9486815898787135,0.6492401056463005,0.9620703940075889,0.8216282103054146,0.955111881750295,0.944304203285356,0.9581390468771033,0.6635747266682535,0.9574454470563039,0.4322337985022361,0.9537063574796517,0.8297751520768614,0.9567761035695697,0.008683044721208372,0.0003502065648359917,0.298405710243302,0.005314332283453793
50,0.2944425344467163,0.00515451431274414,0.6003782291723336,0.9549131276695316,5,1,2,100,"{'max_depth': 5, 'min_samples_leaf': 1, 'min_samples_split': 2, 'n_estimators': 100}",36,-0.07888637639055696,0.9401431852537173,0.3409457699149625,0.9591194655868613,0.5844791067358844,0.9552713057113926,0.8975271981825667,0.9540523502193758,0.6440241444070933,0.962980906247162,0.8230756401067806,0.9566621402799604,0.9420922599211993,0.9540174595942961,0.6683726923181099,0.9573660117182264,0.3559629582242787,0.9548661646264005,0.8380711396298576,0.9546522874579244,0.011920100859609359,0.0002291385681026066,0.3017896947842357,0.005583465839955185
51,1.4900176286697389,0.030074071884155274,0.6002892685419434,0.9554322330474425,5,1,2,500,"{'max_depth': 5, 'min_samples_leaf': 1, 'min_samples_split': 2, 'n_estimators': 500}",37,-0.08580635036021533,0.9405756235034115,0.3417548712428603,0.9585042177894912,0.5851838724440396,0.956157882569696,0.8939971548602731,0.9522136939649722,0.6432393961172324,0.964252584234167,0.8276901370686505,0.9556498085065507,0.9424529015101661,0.9564952849234369,0.6553420474318656,0.9566884190168232,0.36381082843631085,0.9572863596483001,0.8471851686454814,0.9564984563175772,0.06459728175228066,0.004478397087746673,0.3031632990950103,0.0057111306462536504
52,0.029874181747436522,0.0011011123657226562,0.6109920906030006,0.9507840604719557,5,1,3,10,"{'max_depth': 5, 'min_samples_leaf': 1, 'min_samples_split': 3, 'n_estimators': 10}",26,-0.07372208012030579,0.9382278981914567,0.32643302384168316,0.9506023710028824,0.5882854270477829,0.9529900771743661,0.9021051408813371,0.9540142521174806,0.6345260844207609,0.9553021814003558,0.8123276439531367,0.9517579151189783,0.937930243731282,0.9457454919854,0.6622421232538311,0.9558344394609085,0.4998544206067207,0.9517656695226215,0.8322081599009244,0.9516003087451069,0.003928902561972189,0.0005389870681352981,0.29185031821002766,0.004968661766816544
53,0.15342314243316652,0.002902531623840332,0.5913203772408302,0.9541946673232747,5,1,3,50,"{'max_depth': 5, 'min_samples_leaf': 1, 'min_samples_split': 3, 'n_estimators': 50}",47,-0.11918068780341405,0.9389854490156653,0.35975899713627,0.9576831331595278,0.5516874355950725,0.9550195872690753,0.8955918968678022,0.9544135067442713,0.6504554282860433,0.9636737711241556,0.8258781210020447,0.951610817320578,0.9434035498358325,0.9557579845173381,0.6462529141372582,0.9548406302798823,0.33210896906409904,0.9549602822783069,0.8391719893651268,0.9550015115239459,0.011944960663599217,0.0005836255449379377,0.3116583909789827,0.005872360524923424
54,0.299401593208313,0.005855035781860351,0.5954716106117343,0.9551571129784342,5,1,3,100,"{'max_depth': 5, 'min_samples_leaf': 1, 'min_samples_split': 3, 'n_estimators': 100}",42,-0.07145686890783676,0.9391357142396084,0.34371459956904105,0.9566609703641216,0.5996745089318076,0.9550292017632562,0.8932976198336499,0.9538574815715944,0.6620689954341826,0.9641778806001023,0.8259012111083386,0.954790888019888,0.9421272264177286,0.9558453664667876,0.6564532951401895,0.956096787806065,0.285060108798029,0.9592951440761128,0.8295043400524938,0.9566816948768065,0.007842636344864403,0.0008967797201981722,0.3055341187342783,0.00602465691834863
55,1.4885140180587768,0.028072571754455565,0.5926076737851746,0.9554554545327265,5,1,3,500,"{'max_depth': 5, 'min_samples_leaf': 1, 'min_samples_split': 3, 'n_estimators': 500}",45,-0.10164077220735401,0.9406512592004505,0.296733699348538,0.9575652520693831,0.5716334078156065,0.9554903736428435,0.8963436520470013,0.9532983023950401,0.6560594935375211,0.9647915248993627,0.8284175483979531,0.9557016329563064,0.9428455080480235,0.9577887662652321,0.6561492102195255,0.956864110488694,0.35099879485168567,0.9570944663824941,0.841069390988551,0.9553088570274588,0.05843174320633779,0.004416300265379877,0.3119947390872516,0.005706393689483947
56,0.03017430305480957,0.000950932502746582,0.6141314988794305,0.9530739273822892,5,2,2,10,"{'max_depth': 5, 'min_samples_leaf': 2, 'min_samples_split': 2, 'n_estimators': 10}",25,-0.033007447392206846,0.9484459159121954,0.4556425853556981,0.9507472140914728,0.5599457799496764,0.949410967993414,0.9013862707406107,0.9569556741226137,0.6184573202911381,0.9565874643885778,0.8514549001083884,0.9567547305157323,0.9277701588180881,0.9524169224240975,0.6529315981480464,0.9511701466008095,0.35247615241595365,0.9525609331804986,0.8644554913689791,0.9556893045934798,0.00405922383447841,0.000269779851201843,0.2863988222896743,0.0030392427664499106
57,0.14912045001983643,0.003102684020996094,0.5947701768960016,0.9541445990103623,5,2,2,50,"{'max_depth': 5, 'min_samples_leaf': 2, 'min_samples_split': 2, 'n_estimators': 50}",44,-0.09837575916711772,0.9400944705099827,0.3268382089229759,0.9532415708691401,0.6163347933946464,0.9534217601756114,0.8994253464505364,0.955083942676258,0.649884107203087,0.9603935451766911,0.8307864981617844,0.9558989470923372,0.9459941475594122,0.9548639489533222,0.6574169884014113,0.9555351646115,0.30799462785562925,0.9583617775892503,0.8235683532667162,0.9545508624495302,0.0081204101363412,0.0004899264443581329,0.31155490530301255,0.00512010039712938
58,0.295043420791626,0.006406354904174805,0.6024768682456723,0.9548081125469705,5,2,2,100,"{'max_depth': 5, 'min_samples_leaf': 2, 'min_samples_split': 2, 'n_estimators': 100}",33,-0.06658885115381286,0.9449717284361453,0.347440228152344,0.9562437508943875,0.5844754096199823,0.9548194342650401,0.8924807494449198,0.9530084509038664,0.6501132894310806,0.9642343838919565,0.8354025529770435,0.9551273209721804,0.9437938879270905,0.9538436033610567,0.6524123464561304,0.9557816763260576,0.3429163406722838,0.9570105985731735,0.8540202271510886,0.9530401778458415,0.01473298988452871,0.0023251931675946705,0.3012426769496256,0.004481802625551417
59,1.4724968194961547,0.025670623779296874,0.6036471579577402,0.9548759893083792,5,2,2,500,"{'max_depth': 5, 'min_samples_leaf': 2, 'min_samples_split': 2, 'n_estimators': 500}",31,-0.07995230705429868,0.9407447716109744,0.34387602167775244,0.9566455689030509,0.5769427306444309,0.9559044066068311,0.8948821077678553,0.9525245423028752,0.6474428791410592,0.9639500137881724,0.8356516140236743,0.9547530115297295,0.942528360006135,0.9559081071663568,0.6622934791426583,0.9560084815971801,0.38701118786248556,0.9574841570499025,0.8377369063820039,0.9548368325287194,0.043184063116543187,0.002193609131415197,0.30009380522454804,0.005485568273068596
60,0.029323220252990723,0.0010513067245483398,0.6105777928105931,0.9520589201434415,5,2,3,10,"{'max_depth': 5, 'min_samples_leaf': 2, 'min_samples_split': 3, 'n_estimators': 10}",27,-0.0036756450990120815,0.946714498230323,0.47890058212661635,0.9518216577798972,0.6872236404151626,0.9504801605132569,0.8823477506546505,0.9491907397097337,0.594770976199317,0.9588563601624391,0.7994712428552097,0.9545281042181732,0.935550183479492,0.9510222051158234,0.6597876213969902,0.9520086079432464,0.23178433025835732,0.9530571368472248,0.8490594059279273,0.9529097309142981,0.0015693528159650087,0.0001506437278543939,0.2866378166782473,0.003073072822323856
61,0.1447359085083008,0.004804682731628418,0.5977779843744062,0.953912316140987,5,2,3,50,"{'max_depth': 5, 'min_samples_leaf': 2, 'min_samples_split': 3, 'n_estimators': 50}",40,-0.10581854478253616,0.9366662690732196,0.34030718033536733,0.9569158204816806,0.6052449589398099,0.9554625438828218,0.8975393770585359,0.9526315126822346,0.6393572473362394,0.9644643000911113,0.8217697333865304,0.9526163620619548,0.9399499290406924,0.9542731128214591,0.6485255328794377,0.9557871797359466,0.37146869161713403,0.9564769979626907,0.8316011472138131,0.9538290626167515,0.008170201692779752,0.00216138777838438,0.30552276771739595,0.006585928297048038
62,0.2994954824447632,0.005704689025878906,0.5959778685627085,0.9544582213189852,5,2,3,100,"{'max_depth': 5, 'min_samples_leaf': 2, 'min_samples_split': 3, 'n_estimators': 100}",41,-0.0924064836751719,0.9417216899346128,0.2784346265753713,0.9577049407945325,0.5945605987074558,0.9544648677440611,0.9003424730205133,0.9530934893940352,0.6329627721792962,0.9629776969287484,0.8352311748266866,0.9533853435015082,0.9406811199808064,0.953969679236186,0.6501551690591652,0.9544043836089235,0.3952205636264261,0.959485873154467,0.8373299320129312,0.953374248892776,0.01861284189643242,0.000980520880315453,0.3084044807691327,0.0052445146486765045
63,1.458227014541626,0.027271580696105958,0.5995018792824791,0.9548160872965756,5,2,3,500,"{'max_depth': 5, 'min_samples_leaf': 2, 'min_samples_split': 3, 'n_estimators': 500}",38,-0.08554352761002337,0.9397372527688487,0.3570499494751316,0.957353164693879,0.5837524220067783,0.9554508438105405,0.8942008442083967,0.9537429409736214,0.6476100766924547,0.9633385495186055,0.8339183026384055,0.9556422102770847,0.9417219054715591,0.9550042746562131,0.6575245558941467,0.9558384314539763,0.3368229511114127,0.9577155046454221,0.8397017855529836,0.9543377001675654,0.035344206249427086,0.003430562688910189,0.3039660888210019,0.005642636706968776
64,0.030972862243652345,0.0008512258529663086,0.5952467498283419,0.9485916417948328,5,3,2,10,"{'max_depth': 5, 'min_samples_leaf': 3, 'min_samples_split': 2, 'n_estimators': 10}",43,-0.06754453873336641,0.9305081382730795,0.30004988870300897,0.9500629422312233,0.666219718530316,0.9478998770900215,0.8836865783937897,0.9499076931654096,0.6248779954372173,0.95733727869153,0.8009533713160817,0.9497047846312386,0.9439310131014292,0.9517184696329605,0.6572566574673139,0.9503270665023263,0.34210413197117373,0.9476430238289523,0.8130591143709756,0.9508071439015864,0.003834132591710533,0.00022964492019422216,0.29986630692757316,0.006539959348422645
65,0.14571692943572997,0.0036530494689941406,0.6084138361056766,0.9521457378377768,5,3,2,50,"{'max_depth': 5, 'min_samples_leaf': 3, 'min_samples_split': 2, 'n_estimators': 50}",28,-0.09398236656978853,0.9414803743429841,0.2865563997427769,0.9543994166837179,0.60389272593705,0.9496978706170403,0.8956262486932844,0.9482915077498152,0.6497385415697168,0.9611596625023475,0.8659227378011207,0.9557449620578448,0.9440066969969058,0.9562235329118369,0.6766761522654529,0.9555620237638086,0.4080354731145024,0.9501327252753416,0.860630987442938,0.9487653024730311,0.007881250387385408,0.0016616584503955898,0.31202906932261815,0.005269349373395733
66,0.29053759574890137,0.006303906440734863,0.5921763862779674,0.9519680333307129,5,3,2,100,"{'max_depth': 5, 'min_samples_leaf': 3, 'min_samples_split': 2, 'n_estimators': 100}",46,-0.06904802362312501,0.9378345562377501,0.3018020133982887,0.9561146859676182,0.597449909180318,0.9527698416042547,0.8783148980930297,0.950980842382241,0.6469785154615368,0.960755013133596,0.8451099916795834,0.9518382236245134,0.94111186979526,0.9535490351912013,0.6555668527259099,0.9510376115174556,0.28134780256493785,0.9542847643170553,0.855175587716349,0.9505157593314427,0.01342753389912268,0.0024520585550513456,0.31082629530225653,0.005537479605256429
67,1.461499238014221,0.02637195587158203,0.6026501370476423,0.9522875336151809,5,3,2,500,"{'max_depth': 5, 'min_samples_leaf': 3, 'min_samples_split': 2, 'n_estimators': 500}",32,-0.09724572063600845,0.9381557614282977,0.3327452677905167,0.9548246907389755,0.6187884085909099,0.952570771594229,0.8925143418158721,0.9500040128052536,0.6554333194060807,0.9612804208601942,0.8523538153587035,0.9528839795162453,0.9416232900703131,0.9531439668462297,0.6636149386207031,0.9539455937019393,0.33845993501490435,0.9547536235304408,0.8404897330132974,0.9513125151300044,0.043364384799785397,0.005009454827578923,0.31012805150208367,0.005506192085429643
68,0.029622149467468262,0.0010515928268432617,0.598028955905169,0.9489357318559348,5,3,3,10,"{'max_depth': 5, 'min_samples_leaf': 3, 'min_samples_split': 3, 'n_estimators': 10}",39,-0.013879125830566164,0.9384465372806722,0.08460808958304977,0.9535365271509861,0.6660086731944523,0.9500494091691313,0.8884145210384303,0.9424278112041855,0.6240620362673474,0.956678790925497,0.8175605075133752,0.942161302496325,0.9426041629720315,0.9550109357147425,0.6449855212132387,0.9480116660257164,0.4655126633193175,0.9570541260405859,0.8746571800095936,0.9459802125515057,0.0019867725564811107,0.00027057469088031914,0.31566181768248286,0.006269267130502824
69,0.14486370086669922,0.0031068801879882814,0.6024734360516829,0.951264646939674,5,3,3,50,"{'max_depth': 5, 'min_samples_leaf': 3, 'min_samples_split': 3, 'n_estimators': 50}",34,-0.06903596329495842,0.9397155282823086,0.2703006289478468,0.9519814232461278,0.6120887532320455,0.9527467927959785,0.8916393329645413,0.9470932370380905,0.6480348874934593,0.9602759681164492,0.854417975038982,0.9525228479265274,0.9439267559794849,0.9524772567334405,0.6516419646840366,0.9502686176569388,0.37572041921506405,0.9529232040131,0.8587044443126624,0.952641593587778,0.008638209210201699,0.0004896119358645897,0.30843157037169394,0.004933453116202132
70,0.28823535442352294,0.006055402755737305,0.6004570993159044,0.951651312720242,5,3,3,100,"{'max_depth': 5, 'min_samples_leaf': 3, 'min_samples_split': 3, 'n_estimators': 100}",35,-0.09021995356400403,0.938589790334083,0.30521135549252365,0.9540425188217901,0.6298634009466941,0.952293411850719,0.8947709571352217,0.951285183708634,0.6487375431426747,0.9599517268089085,0.8462953941829312,0.9521327582675327,0.9391272739554302,0.9531674963176603,0.6591804327800266,0.9530054713632313,0.3408833771109623,0.9510890793398913,0.8432012473778907,0.9509556903899689,0.010070825396386004,0.0019190902116746152,0.31042054682459075,0.005009279333405882
71,1.4498496532440186,0.026921534538269044,0.603899218385636,0.9524647965117629,5,3,3,500,"{'max_depth': 5, 'min_samples_leaf': 3, 'min_samples_split': 3, 'n_estimators': 500}",30,-0.08967674264042125,0.9394121415619053,0.35892879779892684,0.9541596723738642,0.6221541592787464,0.9528159638551703,0.8909509879539389,0.9499672617186735,0.6530016592607286,0.9615214577919905,0.8467729075094548,0.952411247184074,0.9431434428943872,0.9548302626899549,0.6590504503629422,0.9536602375433643,0.3236191693537961,0.9547194140668589,0.8429276860283255,0.9511503063317713,0.03713670645837818,0.003655196639642265,0.30715938617449584,0.005248495777861119
