,Mg Loading,K Loading,Ca Loading,Sc Loading,Cr Loading,Mn Loading,Fe Loading,Co Loading,Ni Loading,Cu Loading,Zn Loading,Sr Loading,Y Loading,Mo Loading,Ru Loading,Rh Loading,Pd Loading,In Loading,Hf Loading,W Loading,Re Loading,Os Loading,Ir Loading,Pt Loading,Bi Loading,reactor_number,temperature,space_velocity,ammonia_concentration,standard error,n_averaged,n_elements,Atomic Number_wt-mean,Atomic Number_wt-mad,Atomic Volume_wt-mean,Atomic Volume_wt-mad,Atomic Weight_wt-mean,Atomic Weight_wt-mad,Boiling Temperature_wt-mean,Boiling Temperature_wt-mad,Periodic Table Column_wt-mean,Periodic Table Column_wt-mad,Covalent Radius_wt-mean,Covalent Radius_wt-mad,Density_wt-mean,Density_wt-mad,Dipole Polarizability_wt-mean,Dipole Polarizability_wt-mad,Electron Affinity_wt-mean,Electron Affinity_wt-mad,Electronegativity_wt-mean,Electronegativity_wt-mad,Fusion Enthalpy_wt-mean,Fusion Enthalpy_wt-mad,GS Bandgap_wt-mean,GS Bandgap_wt-mad,GS Energy_wt-mean,GS Energy_wt-mad,Heat Capacity (Mass)_wt-mean,Heat Capacity (Mass)_wt-mad,Heat Capacity (Molar)_wt-mean,Heat Capacity (Molar)_wt-mad,Heat Fusion_wt-mean,Heat Fusion_wt-mad,First Ionization Energy_wt-mean,First Ionization Energy_wt-mad,Second Ionization Energy_wt-mean,Second Ionization Energy_wt-mad,Third Ionization Energy_wt-mean,Third Ionization Energy_wt-mad,Fourth Ionization Energy_wt-mean,Fourth Ionization Energy_wt-mad,Fifth Ionization Energy_wt-mean,Fifth Ionization Energy_wt-mad,Sixth Ionization Energy_wt-mean,Sixth Ionization Energy_wt-mad,Seventh Ionization Energy_wt-mean,Seventh Ionization Energy_wt-mad,Eighth Ionization Energy_wt-mean,Eighth Ionization Energy_wt-mad,IsAlkali_wt-mean,IsAlkali_wt-mad,IsDBlock_wt-mean,IsDBlock_wt-mad,IsFBlock_wt-mean,IsFBlock_wt-mad,IsMetal_wt-mean,IsMetal_wt-mad,IsMetalloid_wt-mean,IsMetalloid_wt-mad,IsNonmetal_wt-mean,IsNonmetal_wt-mad,Melting Temperature_wt-mean,Melting Temperature_wt-mad,Mendeleev Number_wt-mean,Mendeleev Number_wt-mad,Number d-shell Unfilled Electrons_wt-mean,Number d-shell Unfilled Electrons_wt-mad,Number d-shell Valance Electrons_wt-mean,Number d-shell Valance Electrons_wt-mad,Number f-shell Unfilled Electrons_wt-mean,Number f-shell Unfilled Electrons_wt-mad,Number f-shell Valance Electrons_wt-mean,Number f-shell Valance Electrons_wt-mad,Number p-shell Unfilled Electrons_wt-mean,Number p-shell Unfilled Electrons_wt-mad,Number p-shell Valance Electrons_wt-mean,Number p-shell Valance Electrons_wt-mad,Number s-shell Unfilled Electrons_wt-mean,Number s-shell Unfilled Electrons_wt-mad,Number s-shell Valance Electrons_wt-mean,Number s-shell Valance Electrons_wt-mad,Number Unfilled Electrons_wt-mean,Number Unfilled Electrons_wt-mad,Number Valence Electrons_wt-mean,Number Valence Electrons_wt-mad,Polarizability_wt-mean,Polarizability_wt-mad,Periodic Table Row_wt-mean,Periodic Table Row_wt-mad,Zunger Pseudopotential (d)_wt-mean,Zunger Pseudopotential (d)_wt-mad,Zunger Pseudopotential (p)_wt-mean,Zunger Pseudopotential (p)_wt-mad,Zunger Pseudopotential (pi)_wt-mean,Zunger Pseudopotential (pi)_wt-mad,Zunger Pseudopotential (s)_wt-mean,Zunger Pseudopotential (s)_wt-mad,Zunger Pseudopotential (sigma)_wt-mean,Zunger Pseudopotential (sigma)_wt-mad,phi_wt-mean,phi_wt-mad,Conductivity_wt-mean,Conductivity_wt-mad,Measured Conversion,Element Dictionary,predictions
93_300_0,0.0,0.12,0.0,0.0,0.0,0.0,0.0,0.0,0.0,0.0,0.0,0.0,0.0,0.0,0.01,0.0,0.0,0.0,0.0,0.0,0.03,0.0,0.0,0.0,0.0,14.0,300.0,2442.711443,1.01,0.018575461,2.0,3.0,31.0625,1428.875,60.492078328750004,2099.600861112869,70.55441250000001,7675.73918200375,2150.875,8118836.166666667,2.5625,13.666666666666666,189.6875,31614.583333333332,5356.375,61144806.083333336,34.84125,726.2077874999999,45.349999999999994,2482.1566666666663,1.10875,1.81835,10.553125,263.84571354166667,0.0,0.0,-3.72601208975,-28.20491922401381,0.6083124999999999,0.22953658333333335,28.481250000000003,751.3353750000001,10.553125,263.84571354166667,5.184313725000001,33.7579755819061,24.77,599.31015,36.133875,1341.9398497500001,45.6825,2782.5210749999997,61.995,5124.5067,74.55000000000001,7410.270000000001,88.17,10365.2652,116.16,17990.8608,0.75,0.25,0.25,0.16666666666666666,0.0,0.0,1.0,1.0,0.0,0.0,0.0,0.0,1063.8975,2270545.220225,15.875,597.9583333333333,1.125,3.0,1.375,5.5,0.0,0.0,2.625,12.25,0.0,0.0,0.0,0.0,0.8125,0.5416666666666666,1.1875,1.5833333333333335,1.9375,6.458333333333334,5.1875,51.875,34.84125,726.2077874999999,4.4375,22.1875,0.41156249999999994,0.19000468749999994,1.9831249999999998,3.3713124999999993,0.5334375,0.21782031250000003,1.4496875,1.8725130208333334,3.4328125000000003,10.269830729166667,3.0,12.850000000000003,93.1875,8309.21875,0.115003504,"dict_items([('Ru', 1), ('Re', 3.0), ('K', 12)])",0.31624252924499974
61_300_0,0.0,0.12,0.0,0.01,0.0,0.0,0.0,0.0,0.0,0.0,0.0,0.0,0.0,0.0,0.03,0.0,0.0,0.0,0.0,0.0,0.0,0.0,0.0,0.0,0.0,10.0,300.0,2271.047228,1.027874564,0.00225699,3.0,3.0,23.8125,666.75,60.992956894375006,2326.3740476322114,51.084094500000006,3152.300913348678,1797.25,5126955.166666666,2.4375,9.75,190.25,32913.25,3147.9375,17010404.9375,35.335,831.9036833333333,56.425,3156.038333333333,1.1125,1.6242500000000004,9.868125000000001,180.99785937500002,0.0,0.0,-2.93999314725,-16.246094777959904,0.647875,0.337542875,28.306250000000002,747.0962916666667,9.868125000000001,180.99785937500002,5.04568435,30.71586131509528,27.664985625,564.2713691490187,41.23991625,1361.366201471575,50.2755875,3378.5043973237503,67.723125,5902.4089593749995,81.46750000000002,8557.346200000002,96.795,12368.465100000001,126.04124999999999,19724.195212500003,0.75,0.25,0.25,0.16666666666666666,0.0,0.0,1.0,1.0,0.0,0.0,0.0,0.0,854.585,1355237.9250166665,13.4375,313.5416666666667,1.125,4.5,1.375,3.6666666666666665,0.0,0.0,0.0,0.0,0.0,0.0,0.0,0.0,0.9375,0.625,1.0625,1.4166666666666665,2.0625,9.625,2.4375,9.75,35.335,831.9036833333333,4.1875,18.145833333333332,0.38125,0.14360416666666664,1.9818749999999998,3.3956125000000004,0.5359375000000001,0.22062760416666666,1.4459375,1.8821286458333337,3.4278125,10.3348546875,2.903125,10.548020833333332,99.8,7827.6466666666665,0.99774301,"dict_items([('Ru', 3), ('Sc', 1.0), ('K', 12)])",0.780070399780001
51_300_0,0.0,0.12,0.0,0.0,0.0,0.0,0.0,0.0,0.0,0.0,0.0,0.0,0.0,0.0,0.01,0.0,0.0,0.0,0.0,0.03,0.0,0.0,0.0,0.0,0.0,12.0,300.0,1909.9646460000001,1.2126592859999998,0.012289353000000001,3.0,3.0,30.875,1409.9583333333335,60.707403364375004,2130.313309114594,70.1106,7572.13877266,2143.1875,8060528.1875,2.375,11.875,191.75,32661.416666666668,5024.5,54391887.333333336,35.10375,748.0609125,57.36874999999999,4365.761874999999,1.195,2.143033333333334,13.971250000000001,434.2031645833334,0.0,0.0,-3.8275944991250004,-29.66509993680724,0.607375,0.22817054166666664,28.254375000000003,733.9544812500002,13.971250000000001,434.2031645833334,5.19003435,33.84800843046329,27.78875,597.3654958333334,36.133875,1341.9398497500001,45.6825,2782.5210749999997,61.995,5124.5067,74.55000000000001,7410.270000000001,88.17,10365.2652,116.16,17990.8608,0.75,0.25,0.25,0.16666666666666666,0.0,0.0,1.0,1.0,0.0,0.0,0.0,0.0,1108.1475,2452156.8077249997,15.3125,561.4583333333333,1.3125,3.9375,1.1875,4.354166666666666,0.0,0.0,2.625,12.25,0.0,0.0,0.0,0.0,0.8125,0.5416666666666666,1.1875,1.5833333333333335,2.125,7.791666666666667,5.0,48.333333333333336,35.10375,748.0609125,4.4375,22.1875,0.41625,0.1956375,1.9878124999999998,3.3958463541666664,0.5325,0.21655000000000002,1.4553125,1.8943317708333336,3.443125,10.36380625,2.925,12.138749999999998,84.1875,6159.71875,0.288939823,"dict_items([('Ru', 1), ('W', 3.0), ('K', 12)])",0.5561293824100002
57_300_0,0.0,0.12,0.03,0.0,0.0,0.0,0.0,0.0,0.0,0.0,0.0,0.0,0.0,0.0,0.01,0.0,0.0,0.0,0.0,0.0,0.0,0.0,0.0,0.0,0.0,10.0,300.0,2310.452261,0.910625108,0.028828092000000003,3.0,3.0,20.75,574.0833333333334,65.78461327937501,2902.262026319912,43.155225,2592.8565439725,1379.875,3317219.5,1.625,5.958333333333333,194.375,34015.625,1705.75,8401387.333333332,37.847499999375,991.1419193860244,43.075624999999995,2183.5034312499997,0.94,1.2596,5.764375,95.04493645833332,0.0,0.0,-1.7631311763125002,-7.193870728350249,0.7039375,0.38528845833333336,28.5654375,757.8315350625,5.764375,95.04493645833332,4.861746225,28.869573018234846,26.9959475,542.2740764599,45.68008125,1906.2160865381252,58.295625,3736.16660625,77.83875,6505.762725,94.94625000000002,9882.955162500002,112.02000000000001,13709.0076,143.76749999999998,21717.51855,0.9375,0.625,0.0625,0.020833333333333332,0.0,0.0,1.0,1.0,0.0,0.0,0.0,0.0,624.3975,844711.995225,7.0625,155.375,0.1875,0.1875,0.4375,1.0208333333333335,0.0,0.0,0.0,0.0,0.0,0.0,0.0,0.0,0.8125,0.5416666666666666,1.1875,1.5833333333333335,1.0,1.6666666666666667,1.625,5.958333333333333,37.847499999375,991.1419193860244,4.0625,17.604166666666664,0.36937499999999995,0.142825,2.01875,3.5597291666666657,0.5446875,0.23330781250000004,1.4740625,1.9678734375,3.4928125000000003,10.821897395833332,2.503125,8.510625,121.875,17082.8125,0.26243880199999997,"dict_items([('Ru', 1), ('Ca', 3.0), ('K', 12)])",0.5906191549900001
73_300_0,0.0,0.12,0.0,0.0,0.0,0.0,0.0,0.0,0.0,0.0,0.0,0.01,0.0,0.0,0.03,0.0,0.0,0.0,0.0,0.0,0.0,0.0,0.0,0.0,0.0,5.0,300.0,1963.090452,1.0899898890000002,0.047738585,4.0,3.0,24.875,837.4583333333333,62.887570635625,3034.09196755672,53.750600000000006,4081.2525993266668,1706.75,4044997.5,2.375,8.708333333333332,191.8125,34782.0,3125.75,16520630.666666666,35.819375,935.8408708333333,55.608124999999994,2868.081727083333,1.086875,1.438297916666667,9.451250000000002,152.33839791666668,0.0,0.0,-2.652324429125,-10.587183416077446,0.6315,0.2738605,28.385625000000005,761.2078437499999,9.451250000000002,152.33839791666668,4.99151935,28.944178999935787,27.55438125,545.761363104375,42.37325,1654.9014031666666,49.245,2903.2389749999998,66.47,5126.831099999999,80.22500000000001,7629.397500000001,94.795,10596.1851,123.80375,17157.9617125,0.8125,0.5416666666666666,0.1875,0.0625,0.0,0.0,1.0,1.0,0.0,0.0,0.0,0.0,806.835,1074039.9258499998,13.25,295.91666666666663,0.5625,0.5625,1.3125,3.0625,0.0,0.0,0.0,0.0,0.0,0.0,0.0,0.0,0.9375,0.625,1.0625,1.4166666666666665,1.5,2.5,2.375,8.708333333333332,35.819375,935.8408708333333,4.25,19.833333333333336,0.4014375,0.19442956249999999,1.998125,3.596625,0.5396875,0.23296510416666666,1.4584375,1.9956286458333334,3.4565625,10.951542187499998,2.85,9.547500000000001,101.025,8583.7575,0.842363016,"dict_items([('Ru', 3), ('Sr', 1.0), ('K', 12)])",0.8608101026199994
41_300_0,0.0,0.12,0.0,0.0,0.0,0.0,0.0,0.0,0.02,0.0,0.0,0.0,0.0,0.0,0.02,0.0,0.0,0.0,0.0,0.0,0.0,0.0,0.0,0.0,0.0,13.0,300.0,2276.708543,1.046207498,0.026677706000000002,5.0,3.0,23.25,705.25,59.949543366250005,2005.452578073169,49.29415,3267.5728230183336,1725.125,4968935.041666667,3.0,19.0,186.0,29326.0,3301.75,24360311.5,34.4725,685.1983916666666,62.9625,5492.428749999999,1.1287500000000001,1.8549125000000002,8.760000000000002,170.54260000000002,0.0,0.0,-2.6657745522500003,-14.073954840797889,0.653,0.3132223333333333,28.466250000000002,756.5380375000001,8.760000000000002,170.54260000000002,5.130534975,33.076496220280475,28.088605,623.1816553394,42.312,1543.908464,52.544999999999995,3042.6182249999997,71.5025,5674.4384,88.05000000000001,9130.785000000002,104.795,13128.717600000002,136.41,21612.8004,0.75,0.25,0.25,0.16666666666666666,0.0,0.0,1.0,1.0,0.0,0.0,0.0,0.0,794.2725,1236822.6039749999,16.875,675.0,0.625,1.0416666666666667,1.875,9.375,0.0,0.0,0.0,0.0,0.0,0.0,0.0,0.0,0.875,0.5833333333333334,1.125,1.5,1.5,3.5,3.0,19.0,34.4725,685.1983916666666,4.125,17.875,0.35812499999999997,0.121165625,1.9474999999999998,3.1354749999999996,0.529375,0.20910312500000003,1.418125,1.7230218750000001,3.365625,9.507890625,3.0125,12.90354166666667,102.8625,10642.839999999998,0.397457438,"dict_items([('Ru', 2), ('Ni', 2.0), ('K', 12)])",0.33603782640000013
90_300_0,0.0,0.12,0.0,0.0,0.0,0.0,0.0,0.0,0.0,0.0,0.0,0.0,0.0,0.0,0.01,0.0,0.0,0.0,0.0,0.0,0.0,0.0,0.03,0.0,0.0,10.0,300.0,2540.703518,0.93,0.013594981,2.0,3.0,31.4375,1467.0833333333333,60.38674387375001,2084.636742708867,71.6812875,7941.935416691251,1931.875,6540040.833333334,2.9375,17.625,187.8125,30676.041666666668,5645.125,67338814.41666666,34.4475,693.8874749999999,70.94375,7110.928541666666,1.165,2.0271000000000003,11.873125,324.71018020833327,0.0,0.0,-3.05691527975,-19.503817208395084,0.6071875,0.2278977083333333,28.410000000000004,745.8571999999999,11.873125,324.71018020833327,5.3968449750000005,37.18099372832798,24.77,599.31015,36.133875,1341.9398497500001,45.6825,2782.5210749999997,61.995,5124.5067,74.55000000000001,7410.270000000001,88.17,10365.2652,116.16,17990.8608,0.75,0.25,0.25,0.16666666666666666,0.0,0.0,1.0,1.0,0.0,0.0,0.0,0.0,928.8975,1759495.9702249998,17.0,674.3333333333333,0.75,1.5,1.75,8.166666666666668,0.0,0.0,2.625,12.25,0.0,0.0,0.0,0.0,0.8125,0.5416666666666666,1.1875,1.5833333333333335,1.5625,4.166666666666666,5.5625,59.333333333333336,34.4475,693.8874749999999,4.4375,22.1875,0.40425,0.18137350000000002,1.9789999999999999,3.349787333333333,0.5349375000000001,0.21985931250000001,1.4440625,1.8508067708333331,3.4230625000000003,10.181328895833335,3.065625,13.488749999999998,111.75,13652.125,0.16996720699999998,"dict_items([('Ru', 1), ('Ir', 3.0), ('K', 12)])",0.3430174280350002
50_300_0,0.0,0.12,0.0,0.0,0.0,0.0,0.0,0.0,0.0,0.0,0.0,0.0,0.0,0.0,0.02,0.0,0.0,0.0,0.0,0.02,0.0,0.0,0.0,0.0,0.0,11.0,300.0,2233.793103,1.054006969,0.020450405,3.0,3.0,29.0,1324.3333333333333,60.56422461375001,2125.288953251305,64.937475,7013.4269603474995,2055.375,7730265.375,2.5,12.5,190.75,32491.083333333336,4594.5,49736994.0,35.01,746.0631,58.787499999999994,4473.728749999999,1.185,2.1251000000000007,13.113750000000001,407.5534937500001,0.0,0.0,-3.5923340584999996,-27.84175514834719,0.614,0.2306593333333333,28.24125,733.6135375000001,13.113750000000001,407.5534937500001,5.1585637250000005,33.64276547666435,27.83,598.2522333333334,37.913250000000005,1408.0222785,45.6825,2782.5210749999997,61.995,5124.5067,74.55000000000001,7410.270000000001,88.17,10365.2652,116.16,17990.8608,0.75,0.25,0.25,0.16666666666666666,0.0,0.0,1.0,1.0,0.0,0.0,0.0,0.0,1040.1475,2301683.461058333,15.625,572.9166666666666,1.125,3.375,1.375,5.041666666666666,0.0,0.0,1.75,8.166666666666668,0.0,0.0,0.0,0.0,0.875,0.5833333333333334,1.125,1.5,2.0,7.333333333333333,4.25,41.08333333333333,35.01,746.0631,4.375,21.875,0.4075,0.191525,1.9843749999999998,3.389973958333333,0.5337500000000001,0.21705833333333335,1.450625,1.8882302083333335,3.435,10.33935,2.9625,12.294374999999999,91.5,6694.75,0.38292821,"dict_items([('Ru', 2), ('W', 2.0), ('K', 12)])",0.44178307383000004
58_300_0,0.0,0.12,0.0,0.0,0.0,0.0,0.0,0.0,0.0,0.0,0.0,0.0,0.0,0.0,0.03,0.0,0.0,0.0,0.01,0.0,0.0,0.0,0.0,0.0,0.0,14.0,300.0,2248.3080809999997,1.064773736,0.040118522999999996,3.0,3.0,27.0,1215.0,60.82166941125001,2264.278237769116,59.429975,6312.618267514166,1908.0625,6570731.229166666,2.5,10.833333333333332,190.5625,33284.916666666664,3793.25,33552560.666666668,35.235,810.7573500000001,55.293749999999996,2759.158125,1.1087500000000001,1.5966,10.686875,242.68111979166665,0.0,0.0,-3.1692922875625005,-21.388996506190917,0.621375,0.23591537499999998,28.319375,749.4250604166668,10.686875,242.68111979166665,5.0621581,31.260907320694905,27.802500000000002,587.466825,41.148875000000004,1338.3808756666665,47.765625,2250.7162499999995,61.995,5124.5067,74.55000000000001,7410.270000000001,88.17,10365.2652,116.16,17990.8608,0.75,0.25,0.25,0.16666666666666666,0.0,0.0,1.0,1.0,0.0,0.0,0.0,0.0,897.835,1630926.2558499998,15.5625,539.5,1.0625,3.895833333333333,1.4375,4.3125,0.0,0.0,0.875,4.083333333333334,0.0,0.0,0.0,0.0,0.9375,0.625,1.0625,1.4166666666666665,2.0,8.666666666666666,3.375,30.375,35.235,810.7573500000001,4.3125,21.5625,0.40125,0.19393749999999998,1.986875,3.4571625000000004,0.5359375000000001,0.22062760416666666,1.4509375,1.9273286458333336,3.4378125,10.548354687500002,2.9250000000000003,10.96875,100.25,8103.541666666667,0.792496931,"dict_items([('Ru', 3), ('Hf', 1.0), ('K', 12)])",0.5997703558249999
86_300_0,0.0,0.12,0.0,0.0,0.0,0.0,0.0,0.0,0.0,0.0,0.0,0.0,0.0,0.02,0.02,0.0,0.0,0.0,0.0,0.0,0.0,0.0,0.0,0.0,0.0,5.0,300.0,2111.275,0.93,0.007846155,2.0,3.0,25.0,875.0,60.5194928975,2116.5002085351393,53.952475,4246.568734180833,1940.875,6707017.041666666,2.5,12.5,189.75,31814.75,3473.25,27214071.5,35.2225,770.5508916666666,57.949999999999996,4280.573333333333,1.1600000000000001,2.0029333333333335,11.26,294.28009999999995,0.0,0.0,-3.3282474522500003,-23.451143353197235,0.628875,0.26119275,28.215000000000003,730.9566,11.26,294.28009999999995,5.062113725000001,31.71176886199935,27.8375,598.9702083333334,41.304500000000004,1396.1747090000001,51.482499999999995,2762.2935375,68.80624999999999,4718.38859375,83.15345,6994.352662610001,103.878,12632.811335999999,134.10999999999999,20014.5764,0.75,0.25,0.25,0.16666666666666666,0.0,0.0,1.0,1.0,0.0,0.0,0.0,0.0,940.2725,1830249.823975,15.5,563.1666666666667,1.0,2.6666666666666665,1.5,6.0,0.0,0.0,0.0,0.0,0.0,0.0,0.0,0.0,1.0,1.0,1.0,1.0,2.0,7.333333333333333,2.5,12.5,35.2225,770.5508916666666,4.25,19.833333333333336,0.39499999999999996,0.17248333333333332,1.9825,3.376858333333333,0.531875,0.21363645833333336,1.450625,1.8882302083333335,3.433125,10.316540625000002,2.94375,12.069375000000003,108.75,12959.375,0.007846155,"dict_items([('Ru', 2), ('Mo', 2.0), ('K', 12)])",0.25889253815
82_300_0,0.0,0.12,0.0,0.0,0.0,0.0,0.0,0.0,0.0,0.0,0.0,0.0,0.0,0.0,0.03,0.0,0.01,0.0,0.0,0.0,0.0,0.0,0.0,0.0,0.0,13.0,300.0,2474.675,0.94972067,0.078522457,4.0,3.0,25.375,921.9583333333334,60.34852410375,2094.377934609603,54.9256,4514.670110160001,1805.5625,5230714.5625,2.875,18.208333333333332,188.3125,30632.166666666664,3712.8125,31248267.604166668,34.5225,663.1772249999999,58.64999999999999,3976.47,1.165,2.0271000000000003,10.033125000000002,192.85338437500002,0.0,0.0,-2.86825948975,-14.7523647852383,0.627625,0.259209125,28.335,752.1998000000001,10.033125000000002,192.85338437500002,5.156647475,34.44307617327839,28.079375,634.7810708333334,41.750750000000004,1491.9769681666667,45.6825,2782.5210749999997,61.995,5124.5067,74.55000000000001,7410.270000000001,88.17,10365.2652,116.16,17990.8608,0.75,0.25,0.25,0.16666666666666666,0.0,0.0,1.0,1.0,0.0,0.0,0.0,0.0,855.463125,1360636.9126625,16.625,670.5416666666667,0.5625,0.5625,1.9375,10.979166666666668,0.0,0.0,0.0,0.0,0.0,0.0,0.0,0.0,0.9375,0.625,0.9375,0.625,1.5,2.5,2.875,18.208333333333332,34.5225,663.1772249999999,4.25,19.833333333333336,0.38687499999999997,0.1573291666666667,1.9718749999999998,3.2733125,0.5346875,0.2165484375,1.4371875,1.8036703125000002,3.4090625,9.937417187499998,3.0406250000000004,13.277395833333335,103.3,10030.43,0.391527275,"dict_items([('Ru', 3), ('Pd', 1.0), ('K', 12)])",0.4366019437200002
62_300_0,0.0,0.12,0.0,0.02,0.0,0.0,0.0,0.0,0.0,0.0,0.0,0.0,0.0,0.0,0.02,0.0,0.0,0.0,0.0,0.0,0.0,0.0,0.0,0.0,0.0,11.0,300.0,2552.3503739999996,1.0403726709999999,0.0026545229999999998,3.0,3.0,22.375,626.5,61.70804667625001,2353.6487756497736,47.576964000000004,2935.8826566174557,1714.75,4891610.166666666,2.125,8.5,191.75,33172.75,2561.375,13840816.708333334,35.8475,843.9696416666666,51.224999999999994,2865.185,1.06,1.5476000000000003,8.3375,152.92364583333335,0.0,0.0,-2.75817311725,-15.241376300070089,0.6685,0.3482885,28.3975,749.5046833333334,8.3375,152.92364583333335,4.995746225,30.411860427319596,27.41747125,559.2229199230376,41.0078325,1353.7049111031502,54.868674999999996,3687.1584993975002,73.45125,6401.64369375,88.38500000000002,9283.960400000002,105.42,13470.5676,135.92249999999999,21270.512025,0.75,0.25,0.25,0.16666666666666666,0.0,0.0,1.0,1.0,0.0,0.0,0.0,0.0,805.0225,1276639.5648083333,10.625,247.91666666666663,1.5,6.0,1.0,2.6666666666666665,0.0,0.0,0.0,0.0,0.0,0.0,0.0,0.0,0.875,0.5833333333333334,1.125,1.5,2.375,11.083333333333334,2.125,8.5,35.8475,843.9696416666666,4.125,17.875,0.37249999999999994,0.1403083333333333,1.9862499999999998,3.4031083333333334,0.535625,0.22049895833333333,1.450625,1.8882302083333335,3.436875,10.362178125,2.76875,10.059791666666666,93.475,7331.555833333334,0.591565323,"dict_items([('Ru', 2), ('Sc', 2.0), ('K', 12)])",0.7565094093500003
49_300_0,0.0,0.12,0.0,0.0,0.0,0.0,0.0,0.0,0.0,0.0,0.0,0.0,0.0,0.0,0.03,0.0,0.0,0.0,0.0,0.01,0.0,0.0,0.0,0.0,0.0,10.0,300.0,2038.517588,1.148003895,0.012122562,3.0,3.0,27.125,1238.7083333333333,60.421045863125,2120.264597388016,59.76435,6454.715148034999,1967.5625,7400002.5625,2.625,13.125,189.75,32320.75,4164.5,45082100.66666667,34.91625,744.0652875,60.20625,4581.695624999999,1.175,2.107166666666667,12.256250000000001,380.90382291666674,0.0,0.0,-3.357073617875,-26.018410359887138,0.620625,0.23314812499999998,28.228125000000002,733.2725937500002,12.256250000000001,380.90382291666674,5.1270931,33.43752252286541,27.87125,599.1389708333334,39.692625,1474.1047072500003,45.6825,2782.5210749999997,61.995,5124.5067,74.55000000000001,7410.270000000001,88.17,10365.2652,116.16,17990.8608,0.75,0.25,0.25,0.16666666666666666,0.0,0.0,1.0,1.0,0.0,0.0,0.0,0.0,972.1475,2151210.114391667,15.9375,584.375,0.9375,2.8125,1.5625,5.729166666666667,0.0,0.0,0.875,4.083333333333334,0.0,0.0,0.0,0.0,0.9375,0.625,1.0625,1.4166666666666665,1.875,6.875,3.5,33.83333333333333,34.91625,744.0652875,4.3125,21.5625,0.39874999999999994,0.18741249999999998,1.9809374999999998,3.3841015624999997,0.535,0.21756666666666669,1.4459375,1.8821286458333337,3.426875,10.31489375,3.0,12.45,98.8125,7229.78125,0.56671637,"dict_items([('Ru', 3), ('W', 1.0), ('K', 12)])",0.3615410640000002
67_300_0,0.0,0.12,0.0,0.0,0.0,0.0,0.0,0.0,0.0,0.0,0.01,0.0,0.0,0.0,0.03,0.0,0.0,0.0,0.0,0.0,0.0,0.0,0.0,0.0,0.0,2.0,300.0,2594.296482,1.048201989,0.035941601000000004,4.0,3.0,24.375,755.625,60.380230195,2105.6885310666753,52.360600000000005,3587.5441056600002,1677.0625,3709103.229166666,3.0,21.0,187.25,29398.25,3407.625,23133230.25,33.8589583333125,542.0017018483354,55.293749999999996,2759.158125,1.130625,1.76000625,9.428625,150.83599987500003,0.0,0.0,-2.6246485738125003,-10.089300645696479,0.636625,0.29348412500000004,28.298125000000002,745.6555937500002,9.428625,150.83599987500003,5.2227286625,36.72511777667731,27.987774375,619.0372320369187,42.175312500000004,1602.6478165624999,49.394999999999996,2971.356225,67.1575,5549.224224999999,81.30000000000001,8430.810000000001,96.545,12143.4301,127.035,20889.6354,0.75,0.25,0.25,0.16666666666666666,0.0,0.0,1.0,1.0,0.0,0.0,0.0,0.0,784.5025,950871.945175,17.0625,728.0,0.5625,0.5625,1.9375,10.979166666666668,0.0,0.0,0.0,0.0,0.0,0.0,0.0,0.0,0.9375,0.625,1.0625,1.4166666666666665,1.5,2.5,3.0,21.0,33.8589583333125,542.0017018483354,4.1875,18.145833333333332,0.3728125,0.12364947916666666,1.9524999999999997,3.039391666666666,0.5315625,0.20642343750000003,1.4209375,1.660128645833333,3.3734375,9.192617187499998,2.9562500000000003,11.578645833333333,106.0625,11861.322916666666,0.512376181,"dict_items([('Ru', 3), ('Zn', 1.0), ('K', 12)])",0.2268852014500001
87_300_0,0.0,0.12,0.0,0.0,0.0,0.0,0.0,0.0,0.0,0.0,0.0,0.0,0.0,0.03,0.01,0.0,0.0,0.0,0.0,0.0,0.0,0.0,0.0,0.0,0.0,6.0,300.0,2536.212871,1.02,0.003255444,2.0,3.0,24.875,870.625,60.640305790000006,2120.7253019707878,53.6331,4221.43090891,1971.4375,6812630.854166666,2.375,11.875,190.25,31898.583333333332,3342.625,26190581.083333332,35.4225,774.9262249999999,56.1125,4144.843333333332,1.1575,1.998616666666667,11.190625,292.4669843749999,0.0,0.0,-3.43146458975,-24.178420973850944,0.6296875,0.26153020833333335,28.215000000000003,730.9566,11.190625,292.4669843749999,5.04535935,31.606810558750787,27.8,598.1633333333333,41.22075,1393.3437915000002,54.38249999999999,2917.8930375,72.21187499999999,4951.929328125,87.45517500000001,7356.187098915001,111.732,13587.951984,143.08499999999998,21354.005400000002,0.75,0.25,0.25,0.16666666666666666,0.0,0.0,1.0,1.0,0.0,0.0,0.0,0.0,958.335,1865408.6608499999,15.125,549.5416666666667,1.125,3.0,1.375,5.5,0.0,0.0,0.0,0.0,0.0,0.0,0.0,0.0,1.0,1.0,1.0,1.0,2.125,7.791666666666667,2.375,11.875,35.4225,774.9262249999999,4.25,19.833333333333336,0.39749999999999996,0.17357499999999998,1.9849999999999999,3.381116666666666,0.5296875,0.21275781250000003,1.4553125,1.8943317708333336,3.4403125,10.338139062500002,2.896875,11.877187500000002,110.0625,13115.78125,0.16582702300000002,"dict_items([('Ru', 1), ('Mo', 3.0), ('K', 12)])",0.1529465132799997
45_300_0,0.0,0.12,0.0,0.0,0.03,0.0,0.0,0.0,0.0,0.0,0.0,0.0,0.0,0.0,0.01,0.0,0.0,0.0,0.0,0.0,0.0,0.0,0.0,0.0,0.0,9.0,300.0,2153.137255,0.9649280579999999,0.015857146000000003,3.0,3.0,21.5,623.5,60.00131643625001,2030.2180744338377,45.389868750000005,2907.4389648075003,1602.4375,4486290.854166666,2.375,11.875,187.4375,30489.833333333332,2753.875,18695139.416666668,35.1975,755.9249749999999,54.6875,3901.041666666666,1.06375,1.65945,8.100625,167.2104010416667,0.0,0.0,-3.180141234125,-20.986695258262,0.6668125,0.32095908333333334,28.081875000000004,720.86173125,8.100625,167.2104010416667,4.984249350000001,30.68249621384579,27.86106875,602.5021126347915,41.938875,1471.1598165000003,54.9,3021.4214999999995,75.01875,5705.926125,91.54404375000001,8698.28159981344,118.20375,16414.9547625,150.79125,25602.846337499996,0.75,0.25,0.25,0.16666666666666666,0.0,0.0,1.0,1.0,0.0,0.0,0.0,0.0,824.085,1407408.0733499997,14.9375,537.75,1.125,3.0,1.375,5.5,0.0,0.0,0.0,0.0,0.0,0.0,0.0,0.0,1.0,1.0,1.0,1.0,2.125,7.791666666666667,2.375,11.875,35.1975,755.9249749999999,4.0625,17.604166666666664,0.3525,0.12572499999999998,1.9606249999999998,3.2546375,0.5334375,0.21782031250000003,1.4271875,1.7863630208333334,3.3878125,9.864180729166666,2.896875,11.877187500000002,102.28125,10773.625,0.244143542,"dict_items([('Ru', 1), ('Cr', 3.0), ('K', 12)])",0.3741435581599999
65_300_0,0.0,0.12,0.0,0.0,0.0,0.0,0.0,0.0,0.0,0.0,0.0,0.0,0.0,0.0,0.02,0.02,0.0,0.0,0.0,0.0,0.0,0.0,0.0,0.0,0.0,0.0,300.0,2279.15,1.152512998,0.038327593,4.0,3.0,25.375,913.5,60.297571537500005,2073.0556113382813,54.820662500000005,4441.822250797501,1822.875,5725650.375,2.875,17.25,188.25,30810.25,3744.5,32047927.33333333,34.6975,710.4891416666666,62.675,5419.298333333332,1.175,2.0758333333333336,9.898750000000001,222.77136875,0.0,0.0,-2.879189671,-16.83924675561173,0.627875,0.2591030833333333,28.330000000000002,742.6237333333335,9.898750000000001,222.77136875,5.1079224750000005,32.62270598416423,28.0775,622.1038083333334,41.79575,1467.5323740000001,45.6825,2782.5210749999997,61.995,5124.5067,74.55000000000001,7410.270000000001,88.17,10365.2652,116.16,17990.8608,0.75,0.25,0.25,0.16666666666666666,0.0,0.0,1.0,1.0,0.0,0.0,0.0,0.0,857.8975,1481454.5785583332,16.625,653.9166666666667,0.625,1.0416666666666667,1.875,9.375,0.0,0.0,0.0,0.0,0.0,0.0,0.0,0.0,1.0,1.0,1.0,1.0,1.625,4.333333333333333,2.875,17.25,34.6975,710.4891416666666,4.25,19.833333333333336,0.38625,0.15965,1.97125,3.2985583333333324,0.534375,0.21820312500000003,1.4368750000000001,1.8176468749999999,3.408125,10.014207291666667,3.0375,13.213125000000002,110.25,13579.125,0.813473852,"dict_items([('Ru', 2), ('Rh', 2.0), ('K', 12)])",0.5554439163599999
34_300_0,0.02,0.12,0.0,0.0,0.0,0.0,0.0,0.0,0.0,0.0,0.0,0.0,0.0,0.0,0.02,0.0,0.0,0.0,0.0,0.0,0.0,0.0,0.0,0.0,0.0,11.0,300.0,2304.825,1.053984576,0.013313795,6.0,3.0,21.25,531.25,61.484669448750005,2308.5040588532706,44.9956,2466.8582724933335,1497.25,3402750.166666666,2.0,7.333333333333333,188.125,30727.083333333336,2405.5,11998634.0,34.968333333749996,741.2898130106495,48.9625,2443.2287499999998,1.05375,1.5209125000000001,7.635000000000001,125.73572500000003,0.0,0.0,-2.16526801975,-8.54158219133141,0.725375,0.4879355833333333,28.316125000000003,741.2123267083333,7.635000000000001,125.73572500000003,5.13133935,33.09268873897104,27.69690875,585.5613052113708,47.9312125,2467.174484962083,59.3406875,5049.165582828125,79.65375,8918.432118749999,97.89500000000001,14006.816599999998,116.2975,19920.598775000002,149.405,31437.800099999997,0.875,0.5833333333333334,0.125,0.041666666666666664,0.0,0.0,1.0,1.0,0.0,0.0,0.0,0.0,693.6475,894002.9560583333,17.75,751.4166666666667,0.375,0.375,0.875,2.041666666666667,0.0,0.0,0.0,0.0,0.0,0.0,0.0,0.0,0.875,0.5833333333333334,1.125,1.5,1.25,2.0833333333333335,2.0,7.333333333333333,34.968333333749996,741.2898130106495,4.0,16.0,0.33375,0.1368375,1.9362499999999998,3.0592749999999995,0.525625,0.202365625,1.410625,1.685696875,3.346875,9.287578125,2.79375,10.336875000000003,111.0,13893.5,0.404469788,"dict_items([('Ru', 2), ('Mg', 2.0), ('K', 12)])",0.57079687148
15_300_0,0.0,0.12,0.0,0.0,0.0,0.0,0.0,0.0,0.0,0.01,0.0,0.0,0.0,0.0,0.03,0.0,0.0,0.0,0.0,0.0,0.0,0.0,0.0,0.0,0.0,0.0,300.0,2092.910448,1.005633803,0.064583262,6.0,3.0,24.3125,745.5833333333333,60.1692463325,2030.6254404647004,52.245975,3547.7507416474996,1803.3125,5202556.5625,2.9375,19.583333333333336,187.875,30122.625,3518.875,25976335.25,34.606875,680.3711625,62.693749999999994,5602.731458333332,1.14625,1.8798499999999998,9.836875000000001,178.785203125,0.0,0.0,-2.7771895053750004,-12.935063856020157,0.6364375,0.29276125,28.238750000000003,735.1487916666667,9.836875000000001,178.785203125,5.118489975,33.14656187330948,28.133275,644.0869489533334,41.9951875,1555.4597498125004,49.26875,2914.00021875,66.9825,5440.988474999999,80.98750000000001,8195.935000000001,96.8575,12424.8801,126.535,20301.2754,0.75,0.25,0.25,0.16666666666666666,0.0,0.0,1.0,1.0,0.0,0.0,0.0,0.0,826.0706250000001,1184392.5264375,16.75,686.75,0.5625,0.5625,1.9375,10.979166666666668,0.0,0.0,0.0,0.0,0.0,0.0,0.0,0.0,1.0,1.0,1.0,1.0,1.5625,3.125,2.9375,19.583333333333336,34.606875,680.3711625,4.1875,18.145833333333332,0.3734375,0.12510156249999999,1.9587499999999998,3.1144124999999994,0.5340625,0.2145151041666667,1.4246875,1.6930036458333333,3.3834375000000003,9.400317187499999,2.9781250000000004,12.011770833333337,123.875,25621.479166666668,0.303233369,"dict_items([('Ru', 3), ('Cu', 1.0), ('K', 12)])",0.477603135535
33_300_0,0.01,0.12,0.0,0.0,0.0,0.0,0.0,0.0,0.0,0.0,0.0,0.0,0.0,0.0,0.03,0.0,0.0,0.0,0.0,0.0,0.0,0.0,0.0,0.0,0.0,11.0,300.0,2368.054187,0.9613804440000001,0.025140636,5.0,3.0,23.25,581.25,60.881268280625,2285.8487521203547,49.7934125,2729.8956240454168,1688.5,3837397.666666666,2.375,8.708333333333332,188.4375,30778.125,3070.0,15313160.0,34.895416666875,739.7440606913372,55.293749999999996,2759.158125,1.109375,1.6011979166666668,9.516875,156.7270697916667,0.0,0.0,-2.6435405985000004,-10.428279128611637,0.6763125,0.454932875,28.2655625,739.8887858541666,9.516875,156.7270697916667,5.1134809125,32.97751730452832,27.804704375,587.8402940848521,44.70160625,2300.9362088810417,52.511593749999996,4468.093361101563,70.824375,7929.851146874999,86.22250000000001,12336.7153,102.23375,17511.619037500004,132.7825,27940.093649999995,0.8125,0.5416666666666666,0.1875,0.0625,0.0,0.0,1.0,1.0,0.0,0.0,0.0,0.0,798.8975,1029653.7168916665,17.0,719.6666666666667,0.5625,0.5625,1.3125,3.0625,0.0,0.0,0.0,0.0,0.0,0.0,0.0,0.0,0.9375,0.625,1.0625,1.4166666666666665,1.5,2.5,2.375,8.708333333333332,34.895416666875,739.7440606913372,4.125,16.5,0.36187499999999995,0.14836875,1.9568749999999997,3.0918624999999995,0.5309375000000001,0.2044109375,1.4259375,1.7039953125,3.3828125,9.3873046875,2.9156250000000004,10.787812500000003,108.5625,13588.40625,0.8140625579999999,"dict_items([('Ru', 3), ('Mg', 1.0), ('K', 12)])",0.45057399270000004
106_300_0,0.0,0.12,0.0,0.0,0.0,0.0,0.0,0.0,0.0,0.0,0.0,0.0,0.0,0.0,0.03,0.0,0.0,0.01,0.0,0.0,0.0,0.0,0.0,0.0,0.0,11.0,300.0,2401.133005,1.037277147,0.032394592,3.0,3.0,25.5625,954.3333333333334,61.060041096875004,2350.7789609027323,55.450475,4713.037151164166,1749.875,4549675.0,3.0625,22.458333333333332,188.5,30851.166666666664,3418.25,23399060.666666668,34.825625,725.3016833333332,57.099999999999994,3399.353333333333,1.13875,1.8220000000000005,9.192562500000001,135.4861145,0.0,0.0,-2.7138237016250004,-11.722791387741667,0.6269374999999999,0.25662641666666663,28.3825,760.6510000000001,9.192562500000001,135.4861145,4.997238725000001,29.129776213033264,28.04439375,628.7581123143751,41.444500000000005,1413.3403390000003,49.0575,2818.5986624999996,61.995,5124.5067,74.55000000000001,7410.270000000001,88.17,10365.2652,116.16,17990.8608,0.75,0.25,0.1875,0.0625,0.0,0.0,1.0,1.0,0.0,0.0,0.0,0.0,768.069375,863637.6870999999,17.4375,778.875,0.5625,0.5625,1.9375,10.979166666666668,0.0,0.0,0.0,0.0,0.3125,0.5208333333333334,0.0625,0.020833333333333332,0.9375,0.625,1.0625,1.4166666666666665,1.8125,6.041666666666667,3.0625,22.458333333333332,34.825625,725.3016833333332,4.25,19.833333333333336,0.38437499999999997,0.1511875,1.955625,3.07685,0.5271875,0.19242343750000002,1.4284375,1.7260286458333332,3.3840624999999998,9.413333854166666,2.94375,11.333437500000002,103.925,10437.534166666666,0.240107882,"dict_items([('Ru', 3), ('In', 1.0), ('K', 12)])",0.32193225992500013
40_300_1,0.0,0.12,0.0,0.0,0.0,0.0,0.0,0.0,0.01,0.0,0.0,0.0,0.0,0.0,0.03,0.0,0.0,0.0,0.0,0.0,0.0,0.0,0.0,0.0,0.0,3.0,300.0,2393.819095,1.011608624,0.018925942,3.0,3.0,24.25,735.5833333333333,60.113705239375,2010.944177061147,51.942687500000005,3443.137046272917,1802.4375,5191620.8125,2.875,18.208333333333332,187.375,29542.791666666664,3518.125,25956726.25,34.6475,688.6768083333333,62.293749999999996,5434.091458333332,1.146875,1.8846979166666669,10.079375,196.2286322916667,0.0,0.0,-2.89379386475,-15.277782637955816,0.6401249999999999,0.307046625,28.340625000000003,753.19934375,10.079375,196.2286322916667,5.113078725,32.963955990078595,28.0005525,621.2280979197001,41.892,1528.583224,49.113749999999996,2843.93169375,66.74875,5297.1808,81.30000000000001,8430.810000000001,96.4825,12087.3276,126.285,20008.5954,0.75,0.25,0.25,0.16666666666666666,0.0,0.0,1.0,1.0,0.0,0.0,0.0,0.0,849.21,1322369.9970999998,16.5625,662.5,0.6875,1.1458333333333333,1.8125,9.0625,0.0,0.0,0.0,0.0,0.0,0.0,0.0,0.0,0.9375,0.625,1.0625,1.4166666666666665,1.625,3.7916666666666665,2.875,18.208333333333332,34.6475,688.6768083333333,4.1875,18.145833333333332,0.37406249999999996,0.1265578125,1.9625,3.1596249999999997,0.5328125,0.21046093750000003,1.4296875,1.7370703125000002,3.3921875,9.5829296875,3.0250000000000004,12.957083333333337,104.49375,10811.619999999999,0.537932085,"dict_items([('Ru', 3), ('Ni', 1.0), ('K', 12)])",0.4740304305300001
107_300_0,0.0,0.12,0.0,0.0,0.0,0.0,0.0,0.0,0.0,0.0,0.0,0.0,0.0,0.0,0.02,0.0,0.0,0.02,0.0,0.0,0.0,0.0,0.0,0.0,0.0,12.0,300.0,2192.931034,1.0470275070000001,0.016839121000000002,3.0,3.0,25.875,966.0,61.84221508125,2380.8922414247186,56.309725,4786.069477255833,1620.0,4212000.0,3.375,24.75,188.25,30810.25,3102.0,21234224.0,34.82875,725.3667666666665,52.574999999999996,3129.965,1.1125,1.7800000000000005,6.986375,102.96985233333334,0.0,0.0,-2.305834226,-9.96041621639869,0.626625,0.2564985,28.550000000000004,765.1400000000001,6.986375,102.96985233333334,4.898854975000001,28.556280172877806,28.1762875,631.7151833787501,41.417,1412.4025340000003,52.4325,3012.5092874999996,61.995,5124.5067,74.55000000000001,7410.270000000001,88.17,10365.2652,116.16,17990.8608,0.75,0.25,0.125,0.041666666666666664,0.0,0.0,1.0,1.0,0.0,0.0,0.0,0.0,631.99125,710627.8145999999,18.625,831.9166666666666,0.375,0.375,2.125,12.041666666666668,0.0,0.0,0.0,0.0,0.625,1.0416666666666667,0.125,0.041666666666666664,0.875,0.5833333333333334,1.125,1.5,1.875,6.25,3.375,24.75,34.82875,725.3667666666665,4.25,19.833333333333336,0.37875,0.148975,1.9337499999999999,3.0424333333333333,0.5181250000000001,0.189115625,1.415625,1.710546875,3.349375,9.316844791666666,2.85,10.9725,101.725,10216.580833333333,0.134311166,"dict_items([('Ru', 2), ('In', 2.0), ('K', 12)])",0.24502753747500006
33_300_1,0.01,0.12,0.0,0.0,0.0,0.0,0.0,0.0,0.0,0.0,0.0,0.0,0.0,0.0,0.03,0.0,0.0,0.0,0.0,0.0,0.0,0.0,0.0,0.0,0.0,9.0,300.0,2259.4,1.048951049,0.005196434000000001,6.0,3.0,23.25,581.25,60.881268280625,2285.8487521203547,49.7934125,2729.8956240454168,1688.5,3837397.666666666,2.375,8.708333333333332,188.4375,30778.125,3070.0,15313160.0,34.895416666875,739.7440606913372,55.293749999999996,2759.158125,1.109375,1.6011979166666668,9.516875,156.7270697916667,0.0,0.0,-2.6435405985000004,-10.428279128611637,0.6763125,0.454932875,28.2655625,739.8887858541666,9.516875,156.7270697916667,5.1134809125,32.97751730452832,27.804704375,587.8402940848521,44.70160625,2300.9362088810417,52.511593749999996,4468.093361101563,70.824375,7929.851146874999,86.22250000000001,12336.7153,102.23375,17511.619037500004,132.7825,27940.093649999995,0.8125,0.5416666666666666,0.1875,0.0625,0.0,0.0,1.0,1.0,0.0,0.0,0.0,0.0,798.8975,1029653.7168916665,17.0,719.6666666666667,0.5625,0.5625,1.3125,3.0625,0.0,0.0,0.0,0.0,0.0,0.0,0.0,0.0,0.9375,0.625,1.0625,1.4166666666666665,1.5,2.5,2.375,8.708333333333332,34.895416666875,739.7440606913372,4.125,16.5,0.36187499999999995,0.14836875,1.9568749999999997,3.0918624999999995,0.5309375000000001,0.2044109375,1.4259375,1.7039953125,3.3828125,9.3873046875,2.9156250000000004,10.787812500000003,108.5625,13588.40625,0.9668549940000001,"dict_items([('Ru', 3), ('Mg', 1.0), ('K', 12)])",0.4572788822700001
74_300_0,0.0,0.12,0.0,0.0,0.0,0.0,0.0,0.0,0.0,0.0,0.0,0.02,0.0,0.0,0.02,0.0,0.0,0.0,0.0,0.0,0.0,0.0,0.0,0.0,0.0,6.0,300.0,2419.375,1.020408163,0.09862959800000001,4.0,3.0,24.5,824.8333333333333,65.49727415875,3160.0004804343434,52.909975,4017.4244194308335,1533.75,3634987.5,2.0,7.333333333333333,194.875,35337.333333333336,2517.0,13303184.0,36.81625,961.8858916666666,49.591249999999995,2557.751370833333,1.00875,1.3349125000000002,7.50375,120.94794375000002,0.0,0.0,-2.1828356810000002,-8.713142882573123,0.63575,0.27570358333333334,28.556250000000002,765.7834375,7.50375,120.94794375000002,4.887416225000001,28.340519217578603,27.1962625,538.6682124587501,43.2745,1690.1000223333333,52.8075,3113.2661625,70.945,5471.9878499999995,85.9,8169.090000000001,101.42,11336.727600000002,131.4475,18217.309025000002,0.875,0.5833333333333334,0.125,0.041666666666666664,0.0,0.0,1.0,1.0,0.0,0.0,0.0,0.0,709.5225,944499.7964749999,10.25,228.91666666666666,0.375,0.375,0.875,2.041666666666667,0.0,0.0,0.0,0.0,0.0,0.0,0.0,0.0,0.875,0.5833333333333334,1.125,1.5,1.25,2.0833333333333335,2.0,7.333333333333333,36.81625,961.8858916666666,4.25,19.833333333333336,0.412875,0.19996912499999997,2.01875,3.63375,0.5431250000000001,0.23444895833333335,1.475625,2.019146875,3.494375,11.071344791666665,2.6625,8.919375,95.925,8150.4275,0.688602092,"dict_items([('Ru', 2), ('Sr', 2.0), ('K', 12)])",0.7448089812000012
44_300_0,0.0,0.12,0.0,0.0,0.02,0.0,0.0,0.0,0.0,0.0,0.0,0.0,0.0,0.0,0.02,0.0,0.0,0.0,0.0,0.0,0.0,0.0,0.0,0.0,0.0,6.0,300.0,2109.974874,1.00752587,0.01169539,5.0,3.0,22.75,659.75,60.093499995,2033.337218116939,48.456987500000004,3103.9026429150003,1694.875,4745085.041666666,2.5,12.5,187.875,30561.0,3080.75,20914184.833333336,35.0725,753.2403916666665,57.0,4065.9999999999995,1.0975000000000001,1.7121000000000004,9.200000000000001,189.90333333333336,0.0,0.0,-3.1606985485,-20.85838720897301,0.653625,0.3146115,28.126250000000002,722.0008375,9.200000000000001,189.90333333333336,5.021373725,30.91102982350135,27.8782125,602.8728502287499,41.78325,1465.7006990000002,51.8275,2852.3264624999997,70.6775,5375.7306499999995,85.87936250000001,8160.038032375626,108.1925,15024.692475,139.2475,23642.833024999996,0.75,0.25,0.25,0.16666666666666666,0.0,0.0,1.0,1.0,0.0,0.0,0.0,0.0,850.7725,1452986.142308333,15.375,553.5,1.0,2.6666666666666665,1.5,6.0,0.0,0.0,0.0,0.0,0.0,0.0,0.0,0.0,1.0,1.0,1.0,1.0,2.0,7.333333333333333,2.5,12.5,35.0725,753.2403916666665,4.125,17.875,0.365,0.13018333333333332,1.9662499999999998,3.263975,0.534375,0.21820312500000003,1.431875,1.7922302083333332,3.3981250000000003,9.894207291666666,2.94375,12.069375000000003,103.5625,10908.583333333332,0.352000575,"dict_items([('Ru', 2), ('Cr', 2.0), ('K', 12)])",0.37487664151000016
75_300_0,0.0,0.12,0.0,0.0,0.0,0.0,0.0,0.0,0.0,0.0,0.0,0.03,0.0,0.0,0.01,0.0,0.0,0.0,0.0,0.0,0.0,0.0,0.0,0.0,0.0,7.0,300.0,2159.5979899999998,0.9273897059999999,0.074278241,4.0,3.0,24.125,812.2083333333333,68.10697768187501,3285.9089933119667,52.06935,3953.596239535,1360.75,3224977.5,1.625,5.958333333333333,197.9375,35892.666666666664,1908.25,10085737.333333332,37.813125,987.9309124999999,43.574374999999996,2247.421014583333,0.930625,1.2315270833333334,5.55625,89.55748958333335,0.0,0.0,-1.7133469328750002,-6.839102349068803,0.64,0.27754666666666666,28.726875000000003,770.35903125,5.55625,89.55748958333335,4.783313100000001,27.73685943522141,26.83814375,531.5750618131251,44.17575,1725.2986415,56.37,3323.29335,75.42,5817.1446,91.57500000000002,8708.782500000001,108.045,12077.270100000002,139.09125,19276.6563375,0.9375,0.625,0.0625,0.020833333333333332,0.0,0.0,1.0,1.0,0.0,0.0,0.0,0.0,612.21,814959.6670999998,7.25,161.91666666666666,0.1875,0.1875,0.4375,1.0208333333333335,0.0,0.0,0.0,0.0,0.0,0.0,0.0,0.0,0.8125,0.5416666666666666,1.1875,1.5833333333333335,1.0,1.6666666666666667,1.625,5.958333333333333,37.813125,987.9309124999999,4.25,19.833333333333336,0.4243125,0.20550868749999998,2.0393749999999997,3.6708749999999997,0.5465625000000001,0.2359328125,1.4928124999999999,2.042665104166667,3.5321875,11.191147395833331,2.475,8.29125,90.825,7717.0975,0.70658984,"dict_items([('Ru', 1), ('Sr', 3.0), ('K', 12)])",0.6884257306299982
59_300_0,0.0,0.12,0.0,0.0,0.0,0.0,0.0,0.0,0.0,0.0,0.0,0.0,0.0,0.0,0.02,0.0,0.0,0.0,0.02,0.0,0.0,0.0,0.0,0.0,0.0,0.0,300.0,2234.988453,1.020408163,0.004969793,3.0,3.0,28.75,1293.75,61.36547171,2284.5229913680805,64.268725,6826.587550555834,1936.375,6668230.041666666,2.25,9.75,192.375,33601.5,3852.0,34072224.0,35.6475,820.2489750000001,48.9625,2443.2287499999998,1.0525,1.5156,9.975000000000001,226.515625,0.0,0.0,-3.216771397875,-21.70942467514726,0.6154999999999999,0.2336848333333333,28.423750000000002,752.1871708333334,9.975000000000001,226.515625,5.028693725,31.054251047865343,27.6925,585.142525,40.82575,1327.871127333333,49.848749999999995,2348.8731,61.995,5124.5067,74.55000000000001,7410.270000000001,88.17,10365.2652,116.16,17990.8608,0.75,0.25,0.25,0.16666666666666666,0.0,0.0,1.0,1.0,0.0,0.0,0.0,0.0,891.5225,1619459.536475,14.875,515.6666666666666,1.375,5.041666666666666,1.125,3.375,0.0,0.0,1.75,8.166666666666668,0.0,0.0,0.0,0.0,0.875,0.5833333333333334,1.125,1.5,2.25,9.75,4.0,36.0,35.6475,820.2489750000001,4.375,21.875,0.4125,0.199375,1.9962499999999999,3.4734750000000005,0.535625,0.22049895833333333,1.460625,1.9401968750000003,3.456875,10.606844791666667,2.8125,10.546875,94.375,7628.645833333333,0.7993198579999999,"dict_items([('Ru', 2), ('Hf', 2.0), ('K', 12)])",0.8042021326400003
69_300_0,0.0,0.12,0.0,0.0,0.0,0.0,0.0,0.0,0.0,0.0,0.03,0.0,0.0,0.0,0.01,0.0,0.0,0.0,0.0,0.0,0.0,0.0,0.0,0.0,0.0,4.0,300.0,2221.130653,1.045576408,0.054859118,4.0,3.0,22.625,701.375,60.58495636000001,2112.828111956936,47.89935,3281.876654535,1271.6875,2812548.854166666,3.5,24.5,184.25,28927.25,2753.875,18695139.416666668,31.9318749999375,534.5905722194113,42.631249999999994,2127.299375,1.061875,1.6529854166666667,5.4883750000000004,87.80119379166668,0.0,0.0,-1.6303193669375,-6.267041769192322,0.6553749999999999,0.302127875,28.464375000000004,750.0362812500002,5.4883750000000004,87.80119379166668,5.4769410375000005,38.512685160600135,28.138323125,622.3670888607562,43.5819375,1656.0990976875,56.81999999999999,3418.0071,77.4825,6402.378974999999,94.80000000000001,9830.760000000002,113.295,14250.2451,148.785,24466.2054,0.75,0.25,0.25,0.16666666666666666,0.0,0.0,1.0,1.0,0.0,0.0,0.0,0.0,545.2125,660835.714875,18.6875,797.3333333333333,0.1875,0.1875,2.3125,13.104166666666668,0.0,0.0,0.0,0.0,0.0,0.0,0.0,0.0,0.8125,0.5416666666666666,1.1875,1.5833333333333335,1.0,1.6666666666666667,3.5,24.5,31.9318749999375,534.5905722194113,4.0625,17.604166666666664,0.33843749999999995,0.11224843749999999,1.9024999999999999,2.9615583333333326,0.5221875,0.20278281250000002,1.3803125,1.6126651041666666,3.2828125,8.945664062499999,2.79375,10.9421875,105.9375,11847.34375,0.054859118,"dict_items([('Ru', 1), ('Zn', 3.0), ('K', 12)])",0.20021496726000015
64_300_0,0.0,0.12,0.0,0.01,0.0,0.0,0.0,0.0,0.0,0.0,0.0,0.0,0.0,0.0,0.03,0.0,0.0,0.0,0.0,0.0,0.0,0.0,0.0,0.0,0.0,13.0,300.0,2548.259056,1.074766355,0.010154993000000001,3.0,3.0,23.8125,666.75,60.992956894375006,2326.3740476322114,51.084094500000006,3152.300913348678,1797.25,5126955.166666666,2.4375,9.75,190.25,32913.25,3147.9375,17010404.9375,35.335,831.9036833333333,56.425,3156.038333333333,1.1125,1.6242500000000004,9.868125000000001,180.99785937500002,0.0,0.0,-2.93999314725,-16.246094777959904,0.647875,0.337542875,28.306250000000002,747.0962916666667,9.868125000000001,180.99785937500002,5.04568435,30.71586131509528,27.664985625,564.2713691490187,41.23991625,1361.366201471575,50.2755875,3378.5043973237503,67.723125,5902.4089593749995,81.46750000000002,8557.346200000002,96.795,12368.465100000001,126.04124999999999,19724.195212500003,0.75,0.25,0.25,0.16666666666666666,0.0,0.0,1.0,1.0,0.0,0.0,0.0,0.0,854.585,1355237.9250166665,13.4375,313.5416666666667,1.125,4.5,1.375,3.6666666666666665,0.0,0.0,0.0,0.0,0.0,0.0,0.0,0.0,0.9375,0.625,1.0625,1.4166666666666665,2.0625,9.625,2.4375,9.75,35.335,831.9036833333333,4.1875,18.145833333333332,0.38125,0.14360416666666664,1.9818749999999998,3.3956125000000004,0.5359375000000001,0.22062760416666666,1.4459375,1.8821286458333337,3.4278125,10.3348546875,2.903125,10.548020833333332,99.8,7827.6466666666665,0.777252535,"dict_items([('Ru', 3), ('Sc', 1.0), ('K', 12)])",0.9571391747599991
37_300_0,0.0,0.12,0.0,0.0,0.0,0.01,0.0,0.0,0.0,0.0,0.0,0.0,0.0,0.0,0.03,0.0,0.0,0.0,0.0,0.0,0.0,0.0,0.0,0.0,0.0,14.0,300.0,2048.075,0.969141755,0.031951098,6.0,3.0,24.0625,705.8333333333333,60.193168991250005,2039.112692508264,51.707977812500005,3362.8515194459897,1749.1875,4541473.8125,2.6875,14.333333333333332,188.3125,30632.166666666664,3428.25,23650354.0,34.81,722.0754333333333,55.293749999999996,2759.158125,1.1243750000000001,1.712797916666667,9.793750000000001,175.74884375,0.0,0.0,-3.1109339072499997,-20.026884381387777,0.6423125,0.31558954166666664,28.356250000000003,755.977625,9.793750000000001,175.74884375,5.100217475,32.53119875132939,27.8425,594.2517583333333,41.796875,1503.9072916666664,48.8825,2740.1085375000002,66.52,5157.2956,80.525,7851.187500000001,95.6201875,11319.661226531249,128.31625,22415.5657125,0.75,0.25,0.25,0.16666666666666666,0.0,0.0,1.0,1.0,0.0,0.0,0.0,0.0,836.1475,1243777.767725,16.0,592.0,0.875,2.333333333333333,1.625,6.5,0.0,0.0,0.0,0.0,0.0,0.0,0.0,0.0,0.9375,0.625,1.0625,1.4166666666666665,1.8125,6.041666666666667,2.6875,14.333333333333332,34.81,722.0754333333333,4.1875,18.145833333333332,0.37625,0.1316875,1.9631249999999998,3.1671749999999994,0.5315625,0.20642343750000003,1.4315625,1.7536640625,3.3946875,9.635254687500002,2.9781250000000004,12.011770833333337,99.300625,7524.008356249999,0.366017921,"dict_items([('Ru', 3), ('Mn', 1.0), ('K', 12)])",0.5355209998800003
77_300_0,0.0,0.12,0.0,0.0,0.0,0.0,0.0,0.0,0.0,0.0,0.0,0.0,0.0,0.0,0.02,0.0,0.0,0.0,0.0,0.0,0.0,0.0,0.0,0.0,0.02,10.0,300.0,2433.2,1.063311688,0.045606548,4.0,3.0,30.125,1466.0833333333333,63.01731519625,2623.604046279261,68.080025,7923.3507415725,1556.5,3783332.666666666,3.625,29.0,189.0,31311.0,3410.75,26155904.833333336,33.6725,597.4623916666666,60.3625,4847.108749999999,1.1425,1.9194000000000004,7.96325,138.11195358333336,0.0,0.0,-2.469195781,-11.74174009838928,0.61275,0.22814725,28.3975,749.5046833333334,7.96325,138.11195358333336,5.086247475,32.190289422766725,27.905375,605.4815249583334,41.10825,1368.0277490000003,51.345,2726.6762249999997,68.995,4783.42335,85.5875,8032.386875000001,88.17,10365.2652,116.16,17990.8608,0.75,0.25,0.125,0.041666666666666664,0.0,0.0,1.0,1.0,0.0,0.0,0.0,0.0,646.3225,751442.5458083334,20.0,966.6666666666667,0.375,0.375,2.125,12.041666666666668,0.0,0.0,1.75,8.166666666666668,0.375,0.375,0.375,0.375,0.875,0.5833333333333334,1.125,1.5,1.625,4.333333333333333,5.375,68.08333333333333,33.6725,597.4623916666666,4.375,21.875,0.38849999999999996,0.16291099999999997,1.9296249999999997,3.0147174583333327,0.5165,0.18628433333333333,1.413125,1.6981052083333334,3.34275,9.239360999999999,2.88125,11.332916666666666,92.48625,7010.1494625,0.049364637999999995,"dict_items([('Ru', 2), ('Bi', 2.0), ('K', 12)])",0.24582204199500018
63_300_0,0.0,0.12,0.0,0.03,0.0,0.0,0.0,0.0,0.0,0.0,0.0,0.0,0.0,0.0,0.01,0.0,0.0,0.0,0.0,0.0,0.0,0.0,0.0,0.0,0.0,12.0,300.0,1868.821464,0.968836125,0.015261236000000001,3.0,3.0,20.9375,586.25,62.423136458125,2380.923503667336,44.0698335,2719.464399886234,1632.25,4656265.166666666,1.8125,7.25,193.25,33432.25,1974.8125,10671228.479166668,36.36,856.0355999999999,46.025,2574.3316666666665,1.0075,1.4709500000000002,6.806875,124.84943229166669,0.0,0.0,-2.5763530872500002,-14.23665782218027,0.689125,0.35903412500000004,28.488750000000003,751.9130750000002,6.806875,124.84943229166669,4.945808100000001,30.10785953954391,27.169956875,554.1744706970562,40.775748750000005,1346.043620734725,59.4617625,3995.8126014712507,79.179375,6900.878428125,95.30250000000001,10010.574600000002,114.045,14572.6701,145.80374999999998,22816.8288375,0.75,0.25,0.25,0.16666666666666666,0.0,0.0,1.0,1.0,0.0,0.0,0.0,0.0,755.46,1198041.2045999998,7.8125,182.29166666666666,1.875,7.5,0.625,1.6666666666666665,0.0,0.0,0.0,0.0,0.0,0.0,0.0,0.0,0.8125,0.5416666666666666,1.1875,1.5833333333333335,2.6875,12.541666666666668,1.8125,7.25,36.36,856.0355999999999,4.0625,17.604166666666664,0.36374999999999996,0.13701249999999998,1.9906249999999999,3.410604166666667,0.5353125,0.2203703125,1.4553125,1.8943317708333336,3.4459375000000003,10.3895015625,2.634375,9.571562499999999,87.15,6835.465,0.525061903,"dict_items([('Ru', 1), ('Sc', 3.0), ('K', 12)])",0.4401262437799994
66_300_0,0.0,0.12,0.0,0.0,0.0,0.0,0.0,0.0,0.0,0.0,0.0,0.0,0.0,0.0,0.01,0.03,0.0,0.0,0.0,0.0,0.0,0.0,0.0,0.0,0.0,1.0,300.0,2381.909548,0.941666667,0.043421964,4.0,3.0,25.4375,915.75,60.307423750000005,2073.3943345055072,54.935381250000006,4451.1172916287505,1794.4375,5636328.1875,2.9375,17.625,188.0,30769.333333333332,3749.5,32090720.666666664,34.635,709.2093499999999,63.2,5464.693333333333,1.18,2.0846666666666667,9.14875,205.89261875,0.0,0.0,-2.757877917875,-16.12974207594322,0.6281875,0.25923204166666663,28.387500000000003,744.1310000000001,9.14875,205.89261875,5.114072475,32.66198411392923,28.16,623.9317333333333,41.957625,1473.216129,45.6825,2782.5210749999997,61.995,5124.5067,74.55000000000001,7410.270000000001,88.17,10365.2652,116.16,17990.8608,0.75,0.25,0.25,0.16666666666666666,0.0,0.0,1.0,1.0,0.0,0.0,0.0,0.0,834.7725,1441521.326475,16.8125,661.2916666666667,0.5625,0.9375,1.9375,9.6875,0.0,0.0,0.0,0.0,0.0,0.0,0.0,0.0,1.0,1.0,1.0,1.0,1.5625,4.166666666666666,2.9375,17.625,34.635,709.2093499999999,4.25,19.833333333333336,0.38437499999999997,0.158875,1.9681249999999997,3.2933291666666658,0.5334375,0.21782031250000003,1.4346875,1.8148796875,3.4028125,9.998597395833333,3.0375,13.213125000000003,112.3125,13833.15625,0.58634798,"dict_items([('Ru', 1), ('Rh', 3.0), ('K', 12)])",0.3791656386300001
85_300_0,0.0,0.12,0.0,0.0,0.0,0.0,0.0,0.0,0.0,0.0,0.0,0.0,0.0,0.01,0.03,0.0,0.0,0.0,0.0,0.0,0.0,0.0,0.0,0.0,0.0,4.0,300.0,2271.25,0.98,0.008592479,2.0,3.0,25.125,879.375,60.398680005,2112.2751150994914,54.27185,4271.706559451666,1910.3125,6601403.229166666,2.625,13.125,189.25,31730.916666666664,3603.875,28237561.916666664,35.0225,766.1755583333332,59.787499999999994,4416.303333333333,1.1625,2.00725,11.329375,296.09321562499997,0.0,0.0,-3.2250303147499997,-22.72386573254352,0.6280625,0.26085529166666666,28.215000000000003,730.9566,11.329375,296.09321562499997,5.0788681,31.81672716524791,27.875,599.7770833333334,41.38825,1399.0056265,48.582499999999996,2606.6940375,65.40062499999999,4484.847859375001,78.85172500000002,6632.518226305001,96.024,11677.670688,125.13499999999999,18675.1474,0.75,0.25,0.25,0.16666666666666666,0.0,0.0,1.0,1.0,0.0,0.0,0.0,0.0,922.21,1795090.9870999998,15.875,576.7916666666667,0.875,2.333333333333333,1.625,6.5,0.0,0.0,0.0,0.0,0.0,0.0,0.0,0.0,1.0,1.0,1.0,1.0,1.875,6.875,2.625,13.125,35.0225,766.1755583333332,4.25,19.833333333333336,0.39249999999999996,0.17139166666666666,1.9799999999999998,3.3725999999999994,0.5340625,0.2145151041666667,1.4459375,1.8821286458333337,3.4259375,10.294942187500002,2.990625,12.261562500000002,107.4375,12802.96875,0.207592836,"dict_items([('Ru', 3), ('Mo', 1.0), ('K', 12)])",0.29720932733500005
40_300_0,0.0,0.12,0.0,0.0,0.0,0.0,0.0,0.0,0.01,0.0,0.0,0.0,0.0,0.0,0.03,0.0,0.0,0.0,0.0,0.0,0.0,0.0,0.0,0.0,0.0,12.0,300.0,2115.225,1.010270775,0.049665642,5.0,3.0,24.25,735.5833333333333,60.113705239375,2010.944177061147,51.942687500000005,3443.137046272917,1802.4375,5191620.8125,2.875,18.208333333333332,187.375,29542.791666666664,3518.125,25956726.25,34.6475,688.6768083333333,62.293749999999996,5434.091458333332,1.146875,1.8846979166666669,10.079375,196.2286322916667,0.0,0.0,-2.89379386475,-15.277782637955816,0.6401249999999999,0.307046625,28.340625000000003,753.19934375,10.079375,196.2286322916667,5.113078725,32.963955990078595,28.0005525,621.2280979197001,41.892,1528.583224,49.113749999999996,2843.93169375,66.74875,5297.1808,81.30000000000001,8430.810000000001,96.4825,12087.3276,126.285,20008.5954,0.75,0.25,0.25,0.16666666666666666,0.0,0.0,1.0,1.0,0.0,0.0,0.0,0.0,849.21,1322369.9970999998,16.5625,662.5,0.6875,1.1458333333333333,1.8125,9.0625,0.0,0.0,0.0,0.0,0.0,0.0,0.0,0.0,0.9375,0.625,1.0625,1.4166666666666665,1.625,3.7916666666666665,2.875,18.208333333333332,34.6475,688.6768083333333,4.1875,18.145833333333332,0.37406249999999996,0.1265578125,1.9625,3.1596249999999997,0.5328125,0.21046093750000003,1.4296875,1.7370703125000002,3.3921875,9.5829296875,3.0250000000000004,12.957083333333337,104.49375,10811.619999999999,0.555772206,"dict_items([('Ru', 3), ('Ni', 1.0), ('K', 12)])",0.4406788629800003
83_300_0,0.0,0.12,0.0,0.0,0.0,0.0,0.0,0.0,0.0,0.0,0.0,0.0,0.0,0.0,0.02,0.0,0.02,0.0,0.0,0.0,0.0,0.0,0.0,0.0,0.0,14.0,300.0,2184.35,1.0795660040000001,0.040632661,4.0,3.0,25.5,926.5,60.419181095000006,2096.830064891124,55.259975000000004,4542.1544310975005,1731.375,5015793.375,3.0,19.0,187.875,30561.0,3691.125,31065738.375,34.2225,657.4142249999999,55.675,3774.765,1.165,2.0271000000000003,8.6675,166.60379583333335,0.0,0.0,-2.6147058022500005,-13.44825805988468,0.628,0.259364,28.455000000000002,755.3854000000001,8.6675,166.60379583333335,5.2176724750000005,34.85068377757256,28.24625,638.5535583333333,42.0295,1501.9381923333335,45.6825,2782.5210749999997,61.995,5124.5067,74.55000000000001,7410.270000000001,88.17,10365.2652,116.16,17990.8608,0.75,0.25,0.25,0.16666666666666666,0.0,0.0,1.0,1.0,0.0,0.0,0.0,0.0,806.77875,1283203.115975,17.0,685.6666666666667,0.375,0.375,2.125,12.041666666666668,0.0,0.0,0.0,0.0,0.0,0.0,0.0,0.0,0.875,0.5833333333333334,0.875,0.5833333333333334,1.25,2.0833333333333335,3.0,19.0,34.2225,657.4142249999999,4.25,19.833333333333336,0.38375,0.15605833333333335,1.9662499999999998,3.263975,0.5331250000000001,0.215915625,1.433125,1.7985718750000002,3.399375,9.909178124999999,3.04375,13.291041666666668,100.475,9756.122500000001,0.297161443,"dict_items([('Ru', 2), ('Pd', 2.0), ('K', 12)])",0.3439997855250003
56_300_0,0.0,0.12,0.02,0.0,0.0,0.0,0.0,0.0,0.0,0.0,0.0,0.0,0.0,0.0,0.02,0.0,0.0,0.0,0.0,0.0,0.0,0.0,0.0,0.0,0.0,14.0,300.0,1934.7254899999998,1.072858287,0.022414884,3.0,3.0,22.25,615.5833333333334,63.949031223750005,2821.2804740895986,46.967225,2821.8895091725,1546.5,3717786.0,2.0,7.333333333333333,192.5,33687.5,2382.0,11732144.0,36.83916666625,964.7359101333412,49.25875,2496.9260375,1.0150000000000001,1.3601,7.6425,126.0120875,0.0,0.0,-2.216025176625,-9.041754161906006,0.678375,0.37129724999999997,28.448625000000003,754.7325383750001,7.6425,126.0120875,4.939704975,29.332500477089468,27.301465,548.4110798065999,44.2773875,1847.6820971587501,54.091249999999995,3466.7082124999997,72.5575,6064.35585,88.14750000000001,9175.273275000001,104.07000000000001,12736.0866,134.565,20327.3889,0.875,0.5833333333333334,0.125,0.041666666666666664,0.0,0.0,1.0,1.0,0.0,0.0,0.0,0.0,717.6475,970864.6360583333,10.125,222.75,0.375,0.375,0.875,2.041666666666667,0.0,0.0,0.0,0.0,0.0,0.0,0.0,0.0,0.875,0.5833333333333334,1.125,1.5,1.25,2.0833333333333335,2.0,7.333333333333333,36.83916666625,964.7359101333412,4.125,17.875,0.37625,0.14548333333333335,2.005,3.535483333333332,0.541875,0.23210312500000005,1.463125,1.953271875,3.468125,10.745407291666666,2.68125,9.11625,116.625,16346.9375,0.6971633009999999,"dict_items([('Ru', 2), ('Ca', 2.0), ('K', 12)])",0.6675035935499993
17_300_0,0.0,0.12,0.0,0.0,0.0,0.0,0.0,0.0,0.0,0.03,0.0,0.0,0.0,0.0,0.01,0.0,0.0,0.0,0.0,0.0,0.0,0.0,0.0,0.0,0.0,3.0,300.0,2354.2,1.015100671,0.024467187999999997,6.0,3.0,22.4375,688.0833333333334,59.952004772500004,2023.2938505686848,47.555475,3229.2434335975,1650.4375,4761512.1875,3.3125,22.083333333333332,186.125,29842.041666666668,3087.625,22792847.75,34.175625,671.8927874999999,64.83125,5793.7527083333325,1.10875,1.81835,6.713125,122.011046875,0.0,0.0,-2.087942161625,-9.72481897113079,0.6548125,0.30121375,28.286250000000003,736.3853750000001,6.713125,122.011046875,5.164224975000001,33.44273477091798,28.574825,654.1958535266667,43.0415625,1594.2164334375002,56.44125,3338.21773125,76.9575,6251.2577249999995,93.86250000000001,9498.885,114.2325,14653.7451,147.285,23630.4054,0.75,0.25,0.25,0.16666666666666666,0.0,0.0,1.0,1.0,0.0,0.0,0.0,0.0,669.9168749999999,960504.4848125,17.75,727.75,0.1875,0.1875,2.3125,13.104166666666668,0.0,0.0,0.0,0.0,0.0,0.0,0.0,0.0,1.0,1.0,1.0,1.0,1.1875,2.375,3.3125,22.083333333333332,34.175625,671.8927874999999,4.0625,17.604166666666664,0.34031249999999996,0.11400468749999998,1.9212499999999997,3.0547874999999993,0.5296875,0.21275781250000003,1.3915625,1.6536401041666666,3.3128125,9.204097395833331,2.859375,11.532812500000002,159.375,32964.0625,0.11075924699999999,"dict_items([('Ru', 1), ('Cu', 3.0), ('K', 12)])",0.19948497431000006
76_300_0,0.0,0.12,0.0,0.0,0.0,0.0,0.0,0.0,0.0,0.0,0.0,0.0,0.0,0.0,0.03,0.0,0.0,0.0,0.0,0.0,0.0,0.0,0.0,0.0,0.01,9.0,300.0,2362.139303,1.0316139770000001,0.023283046,4.0,3.0,27.6875,1347.4583333333333,61.64759115437501,2566.5782347644745,61.335625,7138.4179108125,1718.125,4176189.166666666,3.1875,25.5,188.875,31290.291666666664,3572.625,27397270.25,34.2475,607.6648083333332,60.99374999999999,4897.798124999999,1.15375,1.9383000000000004,9.681000000000001,167.90403700000002,0.0,0.0,-2.7955044791250003,-13.293432335477029,0.62,0.23084666666666667,28.306250000000002,747.0962916666667,9.681000000000001,167.90403700000002,5.090934975,32.21995608417298,27.9089375,605.5588228958334,41.290125,1374.0803065000002,48.513749999999995,2576.3226937499994,65.495,4540.768349999999,80.06875000000001,7514.452187500001,88.17,10365.2652,116.16,17990.8608,0.75,0.25,0.1875,0.0625,0.0,0.0,1.0,1.0,0.0,0.0,0.0,0.0,775.2349999999999,901321.8045166668,18.125,876.0416666666667,0.5625,0.5625,1.9375,10.979166666666668,0.0,0.0,0.875,4.083333333333334,0.1875,0.1875,0.1875,0.1875,0.9375,0.625,1.0625,1.4166666666666665,1.6875,4.5,4.0625,51.45833333333333,34.2475,607.6648083333332,4.3125,21.5625,0.38925,0.16322549999999997,1.9535624999999999,3.0521158124999994,0.526375,0.18984591666666664,1.4271875,1.7150036458333333,3.38075,9.344393,2.959375,11.640208333333334,99.30562499999999,7527.0353562499995,0.251493649,"dict_items([('Ru', 3), ('Bi', 1.0), ('K', 12)])",0.26700178296000016
38_300_1,0.0,0.12,0.0,0.0,0.0,0.02,0.0,0.0,0.0,0.0,0.0,0.0,0.0,0.0,0.02,0.0,0.0,0.0,0.0,0.0,0.0,0.0,0.0,0.0,0.0,0.0,300.0,2055.173267,1.142721218,0.011298785,3.0,3.0,22.875,671.0,60.108470870000005,2036.2434464298994,48.824730625,3175.338245951105,1618.625,4202490.041666667,2.625,14.0,187.875,30561.0,3122.0,21537637.333333336,34.7975,721.8161416666666,48.9625,2443.2287499999998,1.08375,1.6509125,8.18875,146.94711875000002,0.0,0.0,-3.1000546372500004,-19.95684821574114,0.6573749999999999,0.32299025,28.497500000000002,759.74335,8.18875,146.94711875000002,5.104812475,32.56050747375056,27.7725,592.757725,42.12175,1515.596727333333,52.082499999999996,2919.4845375,71.045,5508.11885,86.50000000000001,8433.75,103.070375,12201.625598062497,140.4725,24539.141024999997,0.75,0.25,0.25,0.16666666666666666,0.0,0.0,1.0,1.0,0.0,0.0,0.0,0.0,768.1475,1142627.087725,15.75,582.75,1.0,2.6666666666666665,1.5,6.0,0.0,0.0,0.0,0.0,0.0,0.0,0.0,0.0,0.875,0.5833333333333334,1.125,1.5,1.875,6.25,2.625,14.0,34.7975,721.8161416666666,4.125,17.875,0.3625,0.12687500000000002,1.9487499999999998,3.143983333333333,0.526875,0.20460312500000002,1.421875,1.741796875,3.370625,9.566957291666668,2.91875,11.772291666666668,92.47625,7006.925462499999,0.46879234700000005,"dict_items([('Ru', 2), ('Mn', 2.0), ('K', 12)])",0.3986977277399999
60_300_0,0.0,0.12,0.0,0.0,0.0,0.0,0.0,0.0,0.0,0.0,0.0,0.0,0.0,0.0,0.01,0.0,0.0,0.0,0.03,0.0,0.0,0.0,0.0,0.0,0.0,1.0,300.0,2320.496084,1.017094017,0.005644400999999999,3.0,3.0,30.5,1372.5,61.90927400875,2304.7677449670455,69.107475,7340.5568335975,1964.6875,6765728.854166666,2.0,8.666666666666666,194.1875,33918.083333333336,3910.75,34591887.333333336,36.06,829.7406000000001,42.631249999999994,2127.299375,0.9962500000000001,1.4346,9.263125,210.35013020833333,0.0,0.0,-3.2642505081874997,-22.029852844103605,0.609625,0.23145429166666664,28.528125000000003,754.9492812500001,9.263125,210.35013020833333,4.995229350000001,30.84759477503578,27.5825,582.818225,40.502625,1317.3613789999997,51.931875,2447.0299499999996,61.995,5124.5067,74.55000000000001,7410.270000000001,88.17,10365.2652,116.16,17990.8608,0.75,0.25,0.25,0.16666666666666666,0.0,0.0,1.0,1.0,0.0,0.0,0.0,0.0,885.21,1607992.8171,14.1875,491.8333333333333,1.6875,6.1875,0.8125,2.4375,0.0,0.0,2.625,12.25,0.0,0.0,0.0,0.0,0.8125,0.5416666666666666,1.1875,1.5833333333333335,2.5,10.833333333333332,4.625,41.625,36.06,829.7406000000001,4.4375,22.1875,0.42374999999999996,0.2048125,2.0056249999999998,3.4897875000000003,0.5353125,0.2203703125,1.4703125,1.953065104166667,3.4759375,10.665334895833334,2.7,10.125,88.5,7153.75,0.815484798,"dict_items([('Ru', 1), ('Hf', 3.0), ('K', 12)])",0.7759905277599997
39_300_0,0.0,0.12,0.0,0.0,0.0,0.03,0.0,0.0,0.0,0.0,0.0,0.0,0.0,0.0,0.01,0.0,0.0,0.0,0.0,0.0,0.0,0.0,0.0,0.0,0.0,1.0,300.0,2083.431373,1.068773234,0.018088359,3.0,3.0,21.6875,636.1666666666666,60.023772748750005,2033.374200351535,45.941483437500004,2987.82497245622,1488.0625,3863506.270833334,2.5625,13.666666666666666,187.4375,30489.833333333332,2815.75,19424920.666666668,34.785,721.5568499999999,42.631249999999994,2127.299375,1.043125,1.5890270833333333,6.58375,118.14539375,0.0,0.0,-3.08917536725,-19.886812050094502,0.6724375,0.3303909583333333,28.63875,763.5090749999999,6.58375,118.14539375,5.109407475,32.589816196171725,27.7025,591.2636916666667,42.446625,1527.2861629999998,55.2825,3098.8605375,75.57,5858.9421,92.47500000000001,9016.3125,110.5205625,13083.589969593748,152.62875,26662.7163375,0.75,0.25,0.25,0.16666666666666666,0.0,0.0,1.0,1.0,0.0,0.0,0.0,0.0,700.1475,1041476.407725,15.5,573.5,1.125,3.0,1.375,5.5,0.0,0.0,0.0,0.0,0.0,0.0,0.0,0.0,0.8125,0.5416666666666666,1.1875,1.5833333333333335,1.9375,6.458333333333334,2.5625,13.666666666666666,34.785,721.5568499999999,4.0625,17.604166666666664,0.34875,0.1220625,1.9343749999999997,3.1207916666666664,0.5221875,0.20278281250000002,1.4121875,1.7299296874999999,3.3465625,9.498659895833335,2.859375,11.532812500000002,85.651875,6489.842568749999,0.274478783,"dict_items([('Ru', 1), ('Mn', 3.0), ('K', 12)])",0.31809085290999994
16_300_0,0.0,0.12,0.0,0.0,0.0,0.0,0.0,0.0,0.0,0.02,0.0,0.0,0.0,0.0,0.02,0.0,0.0,0.0,0.0,0.0,0.0,0.0,0.0,0.0,0.0,1.0,300.0,2176.45,1.0499092559999998,0.036547505,6.0,3.0,23.375,716.8333333333334,60.06062555250001,2026.9596455166925,49.900725,3388.4970876224997,1726.875,4982034.375,3.125,20.833333333333336,187.0,29982.333333333336,3303.25,24384591.5,34.39125,676.131975,63.762499999999996,5698.242083333333,1.1275,1.8491,8.275,150.39812500000002,0.0,0.0,-2.4325658335,-11.329941413575472,0.645625,0.29698749999999996,28.262500000000003,735.7670833333334,8.275,150.39812500000002,5.141357475,33.29464832211373,28.35405,649.14140124,42.518375000000006,1574.8380916250003,52.855,3126.1089749999996,71.97,5846.123099999999,87.42500000000001,8847.410000000002,105.545,13539.3126,136.91,21965.8404,0.75,0.25,0.25,0.16666666666666666,0.0,0.0,1.0,1.0,0.0,0.0,0.0,0.0,747.99375,1072448.505625,17.25,707.25,0.375,0.375,2.125,12.041666666666668,0.0,0.0,0.0,0.0,0.0,0.0,0.0,0.0,1.0,1.0,1.0,1.0,1.375,2.75,3.125,20.833333333333336,34.39125,676.131975,4.125,17.875,0.35687499999999994,0.11955312499999998,1.94,3.084599999999999,0.531875,0.21363645833333336,1.408125,1.673321875,3.348125,9.302207291666665,2.91875,11.772291666666668,141.625,29292.770833333336,0.21236674100000003,"dict_items([('Ru', 2), ('Cu', 2.0), ('K', 12)])",0.3178790073600004
43_300_0,0.0,0.12,0.0,0.0,0.01,0.0,0.0,0.0,0.0,0.0,0.0,0.0,0.0,0.0,0.03,0.0,0.0,0.0,0.0,0.0,0.0,0.0,0.0,0.0,0.0,5.0,300.0,1828.512563,0.992184108,0.025160832999999997,5.0,3.0,24.0,696.0,60.18568355375,2036.4563618000402,51.52410625,3300.3663210225004,1787.3125,5003879.229166666,2.625,13.125,188.3125,30632.166666666664,3407.625,23133230.25,34.9475,750.5558083333332,59.3125,4230.958333333333,1.13125,1.7647500000000003,10.299375000000001,212.59626562500003,0.0,0.0,-3.141255862875,-20.730079159684017,0.6404375,0.30826391666666664,28.170625,723.13994375,10.299375000000001,212.59626562500003,5.0584981,31.139563433156916,27.89535625,603.2435878227083,41.627625,1460.2415815000002,48.754999999999995,2683.231425,66.33624999999999,5045.535174999999,80.21468125000001,7621.794464937813,98.18125,13634.4301875,127.70375,21682.819712499997,0.75,0.25,0.25,0.16666666666666666,0.0,0.0,1.0,1.0,0.0,0.0,0.0,0.0,877.46,1498564.2112666667,15.8125,569.25,0.875,2.333333333333333,1.625,6.5,0.0,0.0,0.0,0.0,0.0,0.0,0.0,0.0,1.0,1.0,1.0,1.0,1.875,6.875,2.625,13.125,34.9475,750.5558083333332,4.1875,18.145833333333332,0.37749999999999995,0.13464166666666666,1.9718749999999998,3.2733125,0.5353125000000001,0.21858593750000002,1.4365625,1.7980973958333335,3.4084375,9.924233854166665,2.990625,12.261562500000002,104.84375,11043.541666666666,0.553851534,"dict_items([('Ru', 3), ('Cr', 1.0), ('K', 12)])",0.40814947579500005
31_300_0,0.0,0.12,0.0,0.0,0.0,0.0,0.0,0.0,0.0,0.0,0.0,0.0,0.03,0.0,0.01,0.0,0.0,0.0,0.0,0.0,0.0,0.0,0.0,0.0,0.0,10.0,300.0,2008.575,1.048180924,0.028151119,5.0,3.0,24.3125,826.625,63.923868075625,2608.7107247891036,52.310446875000004,3994.3237180035935,1728.8125,5228505.270833334,1.8125,7.25,197.0,35394.333333333336,2253.625,13294885.083333332,37.27875,938.5546625,48.18125,2879.6327083333335,0.98125,1.3868333333333334,6.29875,109.83970208333335,0.0,0.0,-2.6099318406875,-14.578011850416216,0.6385,0.2751935,28.678125,766.5662812500001,6.29875,109.83970208333335,4.881272475,29.154967233529224,27.062,546.7786893333334,39.981375,1263.3581414999999,57.0444375,3465.6492336562496,76.4325,6101.606475,91.98750000000001,8849.1975,109.92,12836.4576,140.3475,19920.92415,0.75,0.25,0.25,0.16666666666666666,0.0,0.0,1.0,1.0,0.0,0.0,0.0,0.0,752.6475,1189817.7827249998,8.0,189.33333333333334,1.875,7.5,0.625,1.6666666666666665,0.0,0.0,0.0,0.0,0.0,0.0,0.0,0.0,0.8125,0.5416666666666666,1.1875,1.5833333333333335,2.6875,12.541666666666668,1.8125,7.25,37.27875,938.5546625,4.25,19.833333333333336,0.41437499999999994,0.19337499999999996,2.0075,3.4997416666666665,0.5334375,0.21782031250000003,1.4740625,1.9678734375,3.4815625,10.717409895833333,2.625,9.493750000000002,87.4125,6896.846249999999,0.8505184020000001,"dict_items([('Ru', 1), ('Y', 3.0), ('K', 12)])",0.6058702227499999
42_300_0,0.0,0.12,0.0,0.0,0.0,0.0,0.0,0.0,0.03,0.0,0.0,0.0,0.0,0.0,0.01,0.0,0.0,0.0,0.0,0.0,0.0,0.0,0.0,0.0,0.0,14.0,300.0,1992.775,1.0743310209999999,0.026691499,5.0,3.0,22.25,674.9166666666666,59.785381493125,1999.9609790851907,46.6456125,3092.00859976375,1647.8125,4746249.270833334,3.125,19.791666666666664,184.625,29109.208333333332,3085.375,22763896.75,34.2975,681.7199749999999,63.631249999999994,5550.766041666666,1.110625,1.8251270833333333,7.440625,144.85656770833336,0.0,0.0,-2.4377552397500004,-12.870127043639958,0.665875,0.3193980416666667,28.591875,759.87673125,7.440625,144.85656770833336,5.147991225,33.18903645048235,28.1766575,625.1352127591,42.732,1559.2337040000002,55.97624999999999,3241.3047562499996,76.25625,6051.696,94.80000000000001,9830.760000000002,113.1075,14170.107600000001,146.535,23217.005400000002,0.75,0.25,0.25,0.16666666666666666,0.0,0.0,1.0,1.0,0.0,0.0,0.0,0.0,739.335,1151275.21085,17.1875,687.5,0.5625,0.9375,1.9375,9.6875,0.0,0.0,0.0,0.0,0.0,0.0,0.0,0.0,0.8125,0.5416666666666666,1.1875,1.5833333333333335,1.375,3.2083333333333335,3.125,19.791666666666664,34.2975,681.7199749999999,4.0625,17.604166666666664,0.3421875,0.11577343749999999,1.9324999999999999,3.111325,0.5259375000000001,0.20774531250000003,1.4065625000000002,1.7089734375,3.3390625000000003,9.4328515625,3.0,12.850000000000003,101.23125,10474.06,0.19801765,"dict_items([('Ru', 1), ('Ni', 3.0), ('K', 12)])",0.29373549909999996
29_300_0,0.0,0.12,0.0,0.0,0.0,0.0,0.0,0.0,0.0,0.0,0.0,0.0,0.01,0.0,0.03,0.0,0.0,0.0,0.0,0.0,0.0,0.0,0.0,0.0,0.0,5.0,300.0,1825.8875,1.1563007029999999,0.005739581999999999,6.0,3.0,24.9375,847.875,61.493200766875006,2509.516041056436,53.830965625000005,4110.427564742031,1829.4375,5532828.8125,2.4375,9.75,191.5,34406.166666666664,3240.875,19119001.916666664,35.64125,897.3278708333333,57.14375,3415.2914583333336,1.10375,1.5599666666666667,9.69875,169.1300354166667,0.0,0.0,-2.9511860650625,-16.48411838139478,0.631,0.271961,28.369375,758.31339375,9.69875,169.1300354166667,5.024172475,30.008483368719222,27.629,558.2347353333334,40.975125,1294.7593164999998,49.469812499999996,3005.46425371875,66.8075,5333.242725,80.36250000000001,7730.872500000001,95.42,11143.1476,124.2225,17632.14165,0.75,0.25,0.25,0.16666666666666666,0.0,0.0,1.0,1.0,0.0,0.0,0.0,0.0,853.6475,1349482.9593916666,13.5,319.5,1.125,4.5,1.375,3.6666666666666665,0.0,0.0,0.0,0.0,0.0,0.0,0.0,0.0,0.9375,0.625,1.0625,1.4166666666666665,2.0625,9.625,2.4375,9.75,35.64125,897.3278708333333,4.25,19.833333333333336,0.39812499999999995,0.18579166666666663,1.9874999999999998,3.4648749999999997,0.5353125000000001,0.21858593750000002,1.4521875,1.9386703125,3.4396875,10.588504687499999,2.9000000000000004,10.488333333333335,99.8875,7881.123749999999,0.952420307,"dict_items([('Ru', 3), ('Y', 1.0), ('K', 12)])",0.8639654068499992
108_300_0,0.0,0.12,0.0,0.0,0.0,0.0,0.0,0.0,0.0,0.0,0.0,0.0,0.0,0.0,0.01,0.0,0.0,0.03,0.0,0.0,0.0,0.0,0.0,0.0,0.0,13.0,300.0,2268.817734,1.054888508,0.016420089,3.0,3.0,26.1875,977.6666666666667,62.624389065625,2411.005521946705,57.168975,4859.101803347499,1490.125,3874325.0,3.6875,27.041666666666668,188.0,30769.333333333332,2785.75,19069387.333333332,34.831875,725.4318499999999,48.05,2860.576666666667,1.08625,1.7380000000000004,4.7801875,70.45359016666667,0.0,0.0,-1.897844750375,-8.198041045055714,0.6263124999999999,0.25637058333333335,28.7175,769.629,4.7801875,70.45359016666667,4.800471225000001,27.982784132722347,28.30818125,634.6722544431251,41.3895,1411.4647290000003,55.8075,3206.4199124999996,61.995,5124.5067,74.55000000000001,7410.270000000001,88.17,10365.2652,116.16,17990.8608,0.75,0.25,0.0625,0.020833333333333332,0.0,0.0,1.0,1.0,0.0,0.0,0.0,0.0,495.913125,557617.9420999999,19.8125,884.9583333333333,0.1875,0.1875,2.3125,13.104166666666668,0.0,0.0,0.0,0.0,0.9375,1.5625,0.1875,0.0625,0.8125,0.5416666666666666,1.1875,1.5833333333333335,1.9375,6.458333333333334,3.6875,27.041666666666668,34.831875,725.4318499999999,4.25,19.833333333333336,0.373125,0.14676250000000002,1.9118749999999998,3.008016666666667,0.5090625,0.1858078125,1.4028125,1.6950651041666664,3.3146875,9.220355729166666,2.75625,10.611562500000002,99.525,9995.6275,0.212177537,"dict_items([('Ru', 1), ('In', 3.0), ('K', 12)])",0.11075592802999994
