,mean_fit_time,mean_score_time,mean_test_score,mean_train_score,param_max_depth,param_max_features,param_max_leaf_nodes,param_min_impurity_decrease,param_min_samples_leaf,param_min_samples_split,param_n_estimators,params,rank_test_score,split0_test_score,split0_train_score,split1_test_score,split1_train_score,split2_test_score,split2_train_score,split3_test_score,split3_train_score,split4_test_score,split4_train_score,split5_test_score,split5_train_score,split6_test_score,split6_train_score,split7_test_score,split7_train_score,split8_test_score,split8_train_score,split9_test_score,split9_train_score,std_fit_time,std_score_time,std_test_score,std_train_score
0,0.1458366870880127,0.11000647544860839,0.5768007886421674,0.7245885950841956,3,auto,,0,1,2,25,"{'n_estimators': 25, 'min_samples_split': 2, 'min_samples_leaf': 1, 'min_impurity_decrease': 0, 'max_leaf_nodes': None, 'max_features': 'auto', 'max_depth': 3}",11,0.4588923766134395,0.7208253056166442,0.5833369628754602,0.729166121773296,0.5167116690594342,0.7177093212885557,0.6318564247313945,0.7186865486129994,0.6428597132888209,0.7156369585500624,0.5949179739775641,0.7537922521816829,0.599324440705735,0.7299621577625781,0.4540419197503249,0.7198281167229758,0.5961251620243156,0.7253776962337792,0.6939317318692854,0.714901472099382,0.005766616414087191,0.003167924915274917,0.07412224683408636,0.010937368996471322
1,0.13658769130706788,0.11087906360626221,0.3819552582769486,0.6025186582199272,,sqrt,50,0,3,10,10,"{'n_estimators': 10, 'min_samples_split': 10, 'min_samples_leaf': 3, 'min_impurity_decrease': 0, 'max_leaf_nodes': 50, 'max_features': 'sqrt', 'max_depth': None}",24,0.46991397292071435,0.7076385753711183,0.4406883707067035,0.6697166160287845,0.433321563328033,0.5495171324422858,0.5234044711746255,0.6816999923848295,0.46074803072350595,0.6212446292467733,0.34167817071940143,0.6221575867048668,0.3925704354191598,0.5639289345895001,0.07785647961201303,0.5580566371423428,0.3530140915504856,0.5727718957934713,0.3245996622574844,0.4784545824953005,0.006523729273193493,0.003452960837210188,0.11731532174401858,0.06717422145571858
2,0.13623085021972656,0.11146013736724854,0.19311335252820702,0.35889909802403186,3,sqrt,,0,5,10,10,"{'n_estimators': 10, 'min_samples_split': 10, 'min_samples_leaf': 5, 'min_impurity_decrease': 0, 'max_leaf_nodes': None, 'max_features': 'sqrt', 'max_depth': 3}",40,0.0012656488114040076,0.3569746009668266,0.14966777251100838,0.3691656428909099,0.2764281478287137,0.40902675791651133,0.045571271902411614,0.29601832545659446,0.27426763949975186,0.41572507762590244,0.1088941011158475,0.28388683107809076,0.25219527874029624,0.367448697478005,0.29388661025511054,0.32842012559557116,0.23798523022818374,0.3840865543848361,0.3010558848536611,0.3782383668470711,0.0072379554148367395,0.0032213772865240216,0.10433126712523366,0.041764087820922745
3,0.15068249702453612,0.11058099269866943,-0.05926770676555449,-0.00018074096031395204,3,auto,50,0.4,2,5,25,"{'n_estimators': 25, 'min_samples_split': 5, 'min_samples_leaf': 2, 'min_impurity_decrease': 0.4, 'max_leaf_nodes': 50, 'max_features': 'auto', 'max_depth': 3}",58,-0.04945037739674207,-9.334383307657568e-05,-0.14715258165633172,-2.9747173702077134e-06,-0.02395786828915147,-0.0005270847652392163,-0.07591830112380693,-5.4330822898407405e-06,-0.0011581822395236863,-0.00029950152735125357,-0.11288778568214729,-1.255938307975768e-05,-0.0015990717369593899,-0.0002384539654467499,-0.05919121887764712,-0.00011211776253250427,-0.11342990274733956,-0.0005084548217428875,-0.0005579593378317593,-7.485745010527012e-06,0.009201792169371118,0.0035510604452191827,0.050374312968559536,0.00019436274651507142
4,0.1704549551010132,0.11133882999420167,-0.06078785892887308,-4.059086529866196e-05,5,sqrt,,0.4,5,2,50,"{'n_estimators': 50, 'min_samples_split': 2, 'min_samples_leaf': 5, 'min_impurity_decrease': 0.4, 'max_leaf_nodes': None, 'max_features': 'sqrt', 'max_depth': 5}",81,-0.046724223345089744,-1.879600087084654e-05,-0.1459018152070395,-1.0652086700035923e-05,-0.017443478806464574,-1.584976239143998e-08,-0.08351043258212165,-0.00022022564780788123,-0.0018817700350086677,-5.2927698750426806e-05,-0.10564868899197233,-4.4832820536022666e-05,-0.00402598590338199,-4.721226218462604e-05,-0.06585100291551593,-1.0898373880241508e-05,-0.1287702395020891,-2.6093143867811364e-07,-0.0006760381175616725,-8.698105546933732e-08,0.01536860200610775,0.0034067023569239884,0.0518639326469113,6.296751570726839e-05
5,0.13506548404693602,0.11019532680511475,-0.058121078044748954,-0.0001620015475722214,5,sqrt,20,0.4,3,2,10,"{'n_estimators': 10, 'min_samples_split': 2, 'min_samples_leaf': 3, 'min_impurity_decrease': 0.4, 'max_leaf_nodes': 20, 'max_features': 'sqrt', 'max_depth': 5}",49,-0.04590882837328425,-7.357100276106365e-06,-0.13085920937826256,-0.0004980531472154048,-0.01860453304957721,-1.8234012500339958e-05,-0.08320885689029622,-0.00020604411047719928,-0.0015721193698041702,-0.00012717815768703566,-0.09970585390474529,-0.0002361493677049964,-0.004913515710453176,-0.00017401357967483655,-0.06019566748358196,-7.13240905725332e-05,-0.12742653378771052,-5.696778215824594e-06,-0.0018047042482114415,-0.0002759651313979372,0.01021715572009075,0.003106108998761891,0.048387191999269316,0.0001455852229413435
6,0.20820269584655762,0.10958893299102783,-0.06044595123977814,-1.4072099389994541e-05,,auto,,0.1,2,10,100,"{'n_estimators': 100, 'min_samples_split': 10, 'min_samples_leaf': 2, 'min_impurity_decrease': 0.1, 'max_leaf_nodes': None, 'max_features': 'auto', 'max_depth': None}",77,-0.042750442965332036,-1.3798612803928023e-05,-0.14790227370657782,-6.486780728121033e-07,-0.018272570521688847,-9.166359037804384e-06,-0.07979708313353995,-7.737235411409138e-05,-0.002386919275054966,-1.953936362708575e-06,-0.11138951942350195,-2.1089120838535536e-06,-0.0036849546815187484,-1.8137624032465993e-05,-0.0625303683657521,-1.2473809795077173e-05,-0.1277627950568494,-3.672612848948375e-06,-0.0006320065958234089,-1.3880947482558528e-06,0.012193328670037154,0.002577083385919719,0.052465960800421534,2.188455074088683e-05
7,0.13216967582702638,0.11125721931457519,-0.06150046326251935,-0.00030503756937223515,3,auto,,0.1,2,2,10,"{'n_estimators': 10, 'min_samples_split': 2, 'min_samples_leaf': 2, 'min_impurity_decrease': 0.1, 'max_leaf_nodes': None, 'max_features': 'auto', 'max_depth': 3}",91,-0.0275887420617007,-0.0014863245465852604,-0.1686948741473948,-0.0005675184390641075,-0.015052745977110593,-9.340946392555338e-05,-0.07305297211123363,-6.512032978189807e-06,-0.0020381912994722473,-2.893306259021955e-05,-0.11765593937847553,-0.00010221027719481413,-0.0027508742248800733,-1.2901647269636385e-05,-0.07648517671465149,-0.0005806347500147968,-0.12387739958599943,-5.4611077027422184e-05,-0.0002474239832155334,-0.00011732039707235131,0.006658673078610844,0.0029962052291166454,0.05759902640354409,0.000444393975803477
8,0.14522414207458495,0.11066510677337646,-0.059635716999352634,-0.00015468143211860852,,sqrt,5,0.4,5,5,25,"{'n_estimators': 25, 'min_samples_split': 5, 'min_samples_leaf': 5, 'min_impurity_decrease': 0.4, 'max_leaf_nodes': 5, 'max_features': 'sqrt', 'max_depth': None}",64,-0.03205322109788411,-0.0007546198966499329,-0.15510523453099934,-6.258957924787367e-05,-0.021886433572323224,-0.0002560888201663669,-0.06845541582162329,-0.000112171922902915,-0.003813493305888427,-0.00015482522237553198,-0.11436641667071658,-3.1300179150317575e-05,-0.004548223005190977,-0.00011375397276136567,-0.06177087742139187,-2.6214420167702812e-05,-0.12668902676766147,-1.1700833195682492e-05,-0.0004647358406137947,-2.3549474568396178e-05,0.010471688655746752,0.0033132481905882006,0.05357636048901043,0.00021249433254131784
9,0.16515004634857178,0.11189751625061035,-0.06209240373140404,-6.411076489831746e-05,3,sqrt,,0.4,1,10,50,"{'n_estimators': 50, 'min_samples_split': 10, 'min_samples_leaf': 1, 'min_impurity_decrease': 0.4, 'max_leaf_nodes': None, 'max_features': 'sqrt', 'max_depth': 3}",95,-0.04836090672323712,-5.701834568139219e-05,-0.16040708717655994,-0.00020160633558297114,-0.019346137009236042,-4.9091072620965896e-05,-0.07523284840143551,-1.372017040868201e-06,-0.0018392838517722332,-6.0897192253550614e-05,-0.10506314502010516,-5.683806862055718e-05,-0.003832155090172984,-2.9166476406050634e-05,-0.07039682889217458,-0.00015331329575496433,-0.1281355158712998,-1.9480916768621626e-06,-0.00043939643360513253,-2.985675334499227e-05,0.011030422138873609,0.004967532233675714,0.053965981866557204,6.115228959438923e-05
10,0.13695816993713378,0.11003239154815674,-0.06178771159932986,-0.00041734124447714296,3,auto,50,0.1,2,2,10,"{'n_estimators': 10, 'min_samples_split': 2, 'min_samples_leaf': 2, 'min_impurity_decrease': 0.1, 'max_leaf_nodes': 50, 'max_features': 'auto', 'max_depth': 3}",93,-0.04548351317036037,-3.459932658822496e-06,-0.12161894655934337,-0.0011949808193325584,-0.023268653345103196,-0.0004276082852314733,-0.09236448299089317,-0.0008254094793775923,-0.003969275512482273,-0.00018996855634156873,-0.12594179821156049,-0.000449908005471844,-0.006081703685215656,-0.00042823454721285786,-0.05747230352771182,-0.0002044578241577888,-0.13301210155277032,-2.860107219482266e-05,-0.0021422395132919547,-0.00042078392279210064,0.005337722438216365,0.005465204473163102,0.05043318488824194,0.0003452497453463934
11,0.14775948524475097,0.10989716053009033,-0.05916398766427962,-0.0001110958081726121,,sqrt,50,0.4,2,10,25,"{'n_estimators': 25, 'min_samples_split': 10, 'min_samples_leaf': 2, 'min_impurity_decrease': 0.4, 'max_leaf_nodes': 50, 'max_features': 'sqrt', 'max_depth': None}",56,-0.05275550305478083,-0.0002536177925178684,-0.1458574516392368,-1.1012189443881937e-05,-0.016866473521004677,-5.593294887473731e-06,-0.06766154115664658,-0.00014415202369932878,-0.0018401318691252389,-6.073173319687264e-05,-0.10082465287458708,-0.00018810991472295593,-0.0037531927930909426,-2.2952770304174308e-05,-0.0631754012118404,-4.7985367044312e-06,-0.12936235124747175,-9.780525012104137e-08,-0.002140277200718854,-0.0004198920209990131,0.00847846724436389,0.0030897186372789024,0.05081367557445732,0.00013332832252183058
12,0.13568320274353027,0.10888361930847168,0.6441914181686331,0.9408750499598545,10,auto,50,0,2,5,10,"{'n_estimators': 10, 'min_samples_split': 5, 'min_samples_leaf': 2, 'min_impurity_decrease': 0, 'max_leaf_nodes': 50, 'max_features': 'auto', 'max_depth': 10}",3,0.5751872243100491,0.9494836893049179,0.8120063630883914,0.938950174085051,0.6498019499615657,0.9321461338645385,0.6807927285459846,0.9445224772531524,0.7944682622955934,0.93737233551064,0.6172316989074762,0.945662338202331,0.738574212038375,0.9400172458546147,0.1313227887814825,0.9405451574571073,0.6802880072048478,0.9378562012768518,0.7619647392073268,0.9421947467893407,0.0071264051599146255,0.0034041120784743966,0.1848704688748267,0.004628156888373424
13,0.1490375280380249,0.1095541000366211,-0.059397360202323835,-5.62988290565114e-05,5,sqrt,20,0.1,1,10,25,"{'n_estimators': 25, 'min_samples_split': 10, 'min_samples_leaf': 1, 'min_impurity_decrease': 0.1, 'max_leaf_nodes': 20, 'max_features': 'sqrt', 'max_depth': 5}",62,-0.040933706557364946,-5.654256613651931e-05,-0.1402421494064634,-0.00010633026544071278,-0.014756469310939435,-0.00011877297911477847,-0.07798918207522432,-3.367157208433724e-05,-0.0038038901260681883,-0.00015275438761808147,-0.11013965512885937,-9.211164386790928e-08,-0.0030773702596151864,-5.109276579595701e-07,-0.061582216476518514,-3.0426509905367993e-05,-0.13399527080450224,-4.4790158527652224e-05,-0.00048524850833864264,-1.909681243583705e-05,0.00820325541755848,0.0023198015099043182,0.052154236593362664,4.9678156624866215e-05
14,0.17236711978912353,0.10846126079559326,-0.06134691088059318,-7.059064194945286e-05,3,sqrt,5,0.4,2,10,50,"{'n_estimators': 50, 'min_samples_split': 10, 'min_samples_leaf': 2, 'min_impurity_decrease': 0.4, 'max_leaf_nodes': 5, 'max_features': 'sqrt', 'max_depth': 3}",89,-0.04776304666915232,-4.074048873103919e-05,-0.14976767685624037,-2.166894736976843e-06,-0.02132488168812774,-0.00019771255143385955,-0.06905399958573843,-9.081084383466553e-05,-0.0025544455975343716,-1.6880293340904018e-07,-0.1087991301776905,-4.829746899526199e-06,-0.005474618107897511,-0.00028543663355651283,-0.0678819406912421,-5.469742262453891e-05,-0.13262891082137318,-2.3257600991311023e-05,-0.0008232842751891843,-6.08543375268944e-06,0.009425923605262662,0.0020060870185375107,0.052340004641034735,9.178133861202544e-05
15,0.13950705528259277,0.10991706848144531,-0.06089356057810936,-0.00010882256724764616,5,auto,5,0.1,3,10,10,"{'n_estimators': 10, 'min_samples_split': 10, 'min_samples_leaf': 3, 'min_impurity_decrease': 0.1, 'max_leaf_nodes': 5, 'max_features': 'auto', 'max_depth': 5}",84,-0.040969000402105715,-5.5424560133632284e-05,-0.1620130902070458,-0.0002586563538062858,-0.012091551934577005,-0.0005108910993969484,-0.07185008411920357,-2.1438659974837293e-05,-0.0023783287665966046,-2.2268533994562745e-06,-0.11538543765189212,-4.9003415677706386e-05,-0.003708061697518472,-1.970960169117575e-05,-0.06773336294998988,-5.038618776809223e-05,-0.12498682677383366,-3.385358241647651e-05,-0.0002963549985599556,-8.663535821185064e-05,0.002492911125187864,0.0035937973494184587,0.055509073828888575,0.0001506672133103017
16,0.20787389278411866,0.10930895805358887,-0.05979134555255475,-2.4006841338120032e-05,3,sqrt,5,0.1,5,5,100,"{'n_estimators': 100, 'min_samples_split': 5, 'min_samples_leaf': 5, 'min_impurity_decrease': 0.1, 'max_leaf_nodes': 5, 'max_features': 'sqrt', 'max_depth': 3}",67,-0.04608547836395327,-9.395655924837598e-06,-0.147426084509916,-1.929530600408569e-06,-0.018246622565248227,-8.584917308152029e-06,-0.07579740521159817,-4.523114972121434e-06,-0.003371779159771826,-7.202544197704164e-05,-0.10964794400783995,-9.93897170786795e-07,-0.002711112716064612,-1.5631611334887552e-05,-0.05958516591045581,-9.498149750064577e-05,-0.1268038942579912,-1.0623861126379808e-05,-0.000948359310167568,-2.1378885465939135e-05,0.015190922763780791,0.0022286720739826188,0.05181780264545559,3.073643430110396e-05
17,0.13430492877960204,0.10963869094848633,-0.059888544605154956,-0.0003503749672846057,3,auto,,0.1,5,5,10,"{'n_estimators': 10, 'min_samples_split': 5, 'min_samples_leaf': 5, 'min_impurity_decrease': 0.1, 'max_leaf_nodes': None, 'max_features': 'auto', 'max_depth': 3}",70,-0.038034615659517934,-0.00018962550552803492,-0.1586702015636663,-0.00014763826883523734,-0.017509133824136214,-1.6007863257172517e-08,-0.051385577812333556,-0.001857979137183996,-0.0020315839622593312,-2.9784733373672267e-05,-0.10745724000045698,-1.685505288073763e-05,-0.0023775923354762973,-5.040222061603039e-05,-0.06067721175703289,-5.5119081150856175e-05,-0.15119409026337038,-0.0008679660434658399,-0.001835401390286151,-0.0002883636219483954,0.007707564724849346,0.0028456421118354513,0.05741895397812115,0.0005590602417820835
18,0.20054278373718262,0.11102001667022705,0.6122174829733428,0.8271684602247124,3,auto,50,0,2,2,50,"{'n_estimators': 50, 'min_samples_split': 2, 'min_samples_leaf': 2, 'min_impurity_decrease': 0, 'max_leaf_nodes': 50, 'max_features': 'auto', 'max_depth': 3}",6,0.5383319864416181,0.8185930210081205,0.6423022409464525,0.8223366192002929,0.6026139332612741,0.8230654306005242,0.5908580784295275,0.8252495520136409,0.6956234517078775,0.8202152714762618,0.6095052384562896,0.8404498899752674,0.6979075488453086,0.8262632196033269,0.38342137323083625,0.8389158648660102,0.6294257601245501,0.8312503824365451,0.7357697825755434,0.8253453510671331,0.05622485758403678,0.003521626500994845,0.09400246076483941,0.007077795621417807
19,0.13552513122558593,0.11082813739776612,-0.05501610861083501,-0.00015208639995494265,3,auto,20,0.4,1,2,10,"{'n_estimators': 10, 'min_samples_split': 2, 'min_samples_leaf': 1, 'min_impurity_decrease': 0.4, 'max_leaf_nodes': 20, 'max_features': 'auto', 'max_depth': 3}",41,-0.04215265912898647,-2.457695489899159e-05,-0.13165447899668514,-0.0004529747290733521,-0.016233308941821623,-2.3683833615395503e-05,-0.06744898486086726,-0.0001534292274256721,-0.0018358108724751965,-6.157756434066464e-05,-0.10666122726586735,-2.7487454987706883e-05,-0.004357336571789938,-8.658715502507519e-05,-0.056853102768468,-0.00024489108917391533,-0.1153256142783703,-0.00038998481469465496,-0.0011263755919808105,-5.5671176313998316e-05,0.007162880857644418,0.0033444859620395573,0.04729306101262232,0.00015026397649814735
20,0.18668756484985352,0.1098719596862793,0.5446408775973066,0.6620367168875371,5,auto,5,0,1,5,50,"{'n_estimators': 50, 'min_samples_split': 5, 'min_samples_leaf': 1, 'min_impurity_decrease': 0, 'max_leaf_nodes': 5, 'max_features': 'auto', 'max_depth': 5}",14,0.43307360693015506,0.663994410241954,0.5062033482341763,0.6456544552285469,0.4457589848718493,0.6650997424141711,0.6150078776412117,0.6528957496666211,0.6030202502845912,0.645023817808331,0.6062820050019845,0.6970956359507847,0.5640493198085867,0.6676672967660092,0.4128766127221339,0.6729547917041481,0.5620817254928526,0.6554497886425911,0.7030832341867307,0.6545314804522124,0.041320637958395016,0.003431066469024914,0.0890641525264709,0.014609383948442122
21,0.1684046745300293,0.10905919075012208,-0.060217905415322855,-6.000200747868778e-05,5,auto,,0.4,2,10,50,"{'n_estimators': 50, 'min_samples_split': 10, 'min_samples_leaf': 2, 'min_impurity_decrease': 0.4, 'max_leaf_nodes': None, 'max_features': 'auto', 'max_depth': 5}",75,-0.04027790842702883,-7.945247317109327e-05,-0.15236412749758177,-2.1330777692840645e-05,-0.015020561687740573,-9.600578096424783e-05,-0.07226023642628432,-1.5363244812105492e-05,-0.0013836842699217478,-0.00019345275415671992,-0.1171094989883037,-8.768954772842008e-05,-0.0021793064646258298,-8.235949569179724e-05,-0.0644043310027047,-1.1974803548753243e-07,-0.12934358397064027,-8.21764503111666e-08,-0.00046209527171048315,-2.4164076083854628e-05,0.008971919750237567,0.002243386806430362,0.054444074934155505,5.718291955886925e-05
22,0.14963207244873047,0.11121187210083008,-0.05738054616663095,-0.000158293633869655,3,sqrt,50,0.1,5,5,25,"{'n_estimators': 25, 'min_samples_split': 5, 'min_samples_leaf': 5, 'min_impurity_decrease': 0.1, 'max_leaf_nodes': 50, 'max_features': 'sqrt', 'max_depth': 3}",45,-0.04054666931946471,-6.957064923596157e-05,-0.14836702379007516,-5.600889063650527e-08,-0.014153936679860648,-0.00018078247508013232,-0.07312860699574952,-5.8649321514891994e-06,-0.0017481229755569316,-8.025831091429403e-05,-0.09697958293538944,-0.00037758528110742873,-0.0024356217418617376,-4.273190574499708e-05,-0.05837711308441485,-0.0001522513257325997,-0.12796072842503614,-2.6889844579880413e-06,-0.0026565672842193693,-0.0006711464653810228,0.011093445092518354,0.0052836230105821865,0.051479728420436896,0.00020284263985348991
23,0.20308609008789064,0.10947253704071044,-0.0601682328965963,-1.4586946879013852e-05,,sqrt,5,0.1,3,2,100,"{'n_estimators': 100, 'min_samples_split': 2, 'min_samples_leaf': 3, 'min_impurity_decrease': 0.1, 'max_leaf_nodes': 5, 'max_features': 'sqrt', 'max_depth': None}",74,-0.04643145486500089,-1.40949471036933e-05,-0.15076487626482127,-7.202177220611006e-06,-0.017959059412055334,-3.399327379804973e-06,-0.06848264376089963,-0.00011114920928356754,-0.002707113039769782,-4.032549320465151e-06,-0.11012173170359318,-1.0807566508397315e-07,-0.0033226650766018384,-1.8157729970713632e-06,-0.0649891214920193,-2.3857799240634137e-06,-0.128946287799665,-7.062628792908754e-08,-0.000627550478511596,-1.6110036078487153e-06,0.01107972303815586,0.0038552479051211,0.052638420282645086,3.242886566247738e-05
24,0.14967005252838134,0.1112175464630127,-0.059904602599132654,-0.00010502747301954773,,auto,5,0.4,3,2,25,"{'n_estimators': 25, 'min_samples_split': 2, 'min_samples_leaf': 3, 'min_impurity_decrease': 0.4, 'max_leaf_nodes': 5, 'max_features': 'auto', 'max_depth': None}",72,-0.038304324122298894,-0.00017368826916697166,-0.1540709132080682,-4.451951878681193e-05,-0.018251151153085177,-8.68505109186124e-06,-0.062360066246116126,-0.0004699361489290954,-0.002718323308145365,-4.509718972700583e-06,-0.10905444007426722,-3.370963461701848e-06,-0.0024122448471561864,-4.573472660918121e-05,-0.07232741983983138,-0.00026080811226547596,-0.1313004005839007,-8.971360587528565e-06,-0.0010005805446158256,-3.0050860324148946e-05,0.01124301251598176,0.003672633821297089,0.05380812164954115,0.00014624810864133256
25,0.1661891222000122,0.11019244194030761,-0.0611917541209473,-7.657415400448286e-05,10,auto,20,0.1,3,5,50,"{'n_estimators': 50, 'min_samples_split': 5, 'min_samples_leaf': 3, 'min_impurity_decrease': 0.1, 'max_leaf_nodes': 20, 'max_features': 'auto', 'max_depth': 10}",87,-0.04785260074679476,-4.301104267656619e-05,-0.1469822324574992,-3.7401965624628275e-06,-0.022035414979552085,-0.0002727033617659913,-0.07432832905256226,-1.3464508774596595e-07,-0.004037387526607983,-0.00020622482728693822,-0.10990385010691005,-4.0431018999420587e-07,-0.003960225395493122,-4.065680247511416e-05,-0.06928245672764399,-0.00010370806343407148,-0.1252138950461925,-3.0223527916373172e-05,-0.001165770196428273,-6.49347626495711e-05,0.006624567323815625,0.0027697995113395717,0.051011139693299394,8.812617987878089e-05
26,0.13593220710754395,0.11129992008209229,-0.06487132576064104,-0.0005292684670372916,,sqrt,5,0.1,5,10,10,"{'n_estimators': 10, 'min_samples_split': 10, 'min_samples_leaf': 5, 'min_impurity_decrease': 0.1, 'max_leaf_nodes': 5, 'max_features': 'sqrt', 'max_depth': None}",100,-0.038169160654644596,-0.00018158069155349565,-0.1409083846982957,-8.977009865285268e-05,-0.021550555139794536,-0.00022035634915851252,-0.06922046627899281,-8.528604586177657e-05,-0.0007396231448708602,-0.000607236739157635,-0.1532556156760696,-0.0030723497774132196,-0.0066097871201835625,-0.0005686680553012025,-0.06829826532296401,-6.769190498756572e-05,-0.1428059856913959,-0.00034329293174906184,-0.00035963709366604313,-5.645207653759421e-05,0.0061417065762861475,0.003759893959740861,0.05824237401900497,0.0008690616654529973
27,0.1414266347885132,0.10972938537597657,0.46766826614005935,0.701664069980007,,sqrt,50,0,1,5,25,"{'n_estimators': 25, 'min_samples_split': 5, 'min_samples_leaf': 1, 'min_impurity_decrease': 0, 'max_leaf_nodes': 50, 'max_features': 'sqrt', 'max_depth': None}",19,0.3893127315301199,0.6770809633391864,0.5734776441949152,0.7499697224685663,0.5899910099555272,0.6933500424633218,0.3559618220479974,0.7126445689655927,0.573171324071345,0.6918489182291478,0.4202395827744542,0.6862646254407977,0.5065835201176969,0.6824524044292775,0.05776017977070836,0.6837361557452012,0.5002902130563363,0.6880384199303828,0.7075714824704242,0.7512548787885956,0.00765856898220509,0.0023051627560911575,0.16898095147386924,0.026069799695427453
28,0.16429131031036376,0.10949699878692627,-0.0597977521747429,-4.8351376645983105e-05,,auto,,0.1,2,10,50,"{'n_estimators': 50, 'min_samples_split': 10, 'min_samples_leaf': 2, 'min_impurity_decrease': 0.1, 'max_leaf_nodes': None, 'max_features': 'auto', 'max_depth': None}",68,-0.04811271697882202,-4.994202077646115e-05,-0.1399573847346598,-0.00011384878496878414,-0.01779541059487233,-1.492438807426666e-06,-0.08046931913984445,-9.802088437060873e-05,-0.0017292970193583113,-8.465757017761533e-05,-0.11313820230488236,-1.5148978870005438e-05,-0.0030580557617760906,-7.754770137147204e-07,-0.06455396439611127,-4.2672508171470724e-07,-0.12140494078419216,-0.00011919797845849622,-0.0006883098682985977,-2.907935003904072e-09,0.011603808941870632,0.0013844186537248276,0.05054872379069094,4.8262670330185836e-05
29,0.20168678760528563,0.10927231311798095,0.38468786735020055,0.6035830372470524,,sqrt,,0,5,5,100,"{'n_estimators': 100, 'min_samples_split': 5, 'min_samples_leaf': 5, 'min_impurity_decrease': 0, 'max_leaf_nodes': None, 'max_features': 'sqrt', 'max_depth': None}",23,0.28545308643478395,0.6264798192564978,0.40387706275794616,0.6005800488944748,0.45590637816403995,0.5388002240134248,0.33787367858809525,0.6258686546625234,0.4451002741837715,0.612388307291673,0.4381177106338716,0.6188662873267328,0.4081853882167763,0.6258126208258268,0.15249703687571714,0.5660213233281338,0.4098273599668931,0.602233801383522,0.5115679014437993,0.618779285487714,0.01437261568147113,0.0038724760977292497,0.09738906306145882,0.027704937916663865
30,0.1484614610671997,0.11049671173095703,-0.0571795439903379,-8.925722877382026e-05,5,sqrt,50,0.4,2,5,25,"{'n_estimators': 25, 'min_samples_split': 5, 'min_samples_leaf': 2, 'min_impurity_decrease': 0.4, 'max_leaf_nodes': 50, 'max_features': 'sqrt', 'max_depth': 5}",43,-0.034164673439129656,-0.0005061976468714313,-0.14326316056947297,-4.26709195957553e-05,-0.01626712861374746,-2.238959506262184e-05,-0.07079564057780319,-4.181417378812391e-05,-0.0024027340514594098,-1.499231214063812e-06,-0.10354957111675889,-9.467460088874448e-05,-0.004051538427501944,-4.987622210839149e-05,-0.06572922225301503,-9.32543600540292e-06,-0.1235235113779083,-6.229481897435107e-05,-0.001152824101391614,-6.182964322931639e-05,0.012988759047790012,0.001704141366895391,0.05051244620332278,0.00014137953656001172
31,0.17166588306427003,0.110178542137146,-0.057747794218710874,-5.6641064124929307e-05,10,auto,5,0.4,2,5,50,"{'n_estimators': 50, 'min_samples_split': 5, 'min_samples_leaf': 2, 'min_impurity_decrease': 0.4, 'max_leaf_nodes': 5, 'max_features': 'auto', 'max_depth': 10}",47,-0.041695345304860965,-3.4978805051766315e-05,-0.13880841068040284,-0.0001468832325532965,-0.01552274690684574,-5.979640812103781e-05,-0.0769242185474297,-1.6185734507789817e-05,-0.003111282359334444,-3.637620832908084e-05,-0.10668486309024104,-2.713384428321142e-05,-0.002179303434615809,-8.23600558776949e-05,-0.05853599389771924,-0.00014391469248975497,-0.12629181088418684,-1.5830229705526833e-05,-0.0007819242148185968,-2.9514303301336753e-06,0.014816891217098577,0.003687699173128172,0.050489610731779384,4.93630291331007e-05
32,0.1334221363067627,0.10980265140533448,-0.06312027249887252,-0.00022623235046805856,5,sqrt,20,0.1,3,5,10,"{'n_estimators': 10, 'min_samples_split': 5, 'min_samples_leaf': 3, 'min_impurity_decrease': 0.1, 'max_leaf_nodes': 20, 'max_features': 'sqrt', 'max_depth': 5}",98,-0.04839396425243425,-5.7994814234296754e-05,-0.15604023777075327,-8.150283227337239e-05,-0.018267878719157915,-9.059845179404391e-06,-0.09197849858692941,-0.0007917852794721014,-0.0022240388998457927,-1.0357454012011047e-05,-0.09481191566178393,-0.0005154769587540908,-0.0011243433576191286,-0.00046581924214406106,-0.06962189248548323,-0.0001178345353838317,-0.13980648929947814,-0.0002114397752674968,-0.000744657644792035,-1.0527679599192652e-06,0.007745310983848137,0.001343674439779684,0.05497783649225484,0.00025818705594458664
33,0.16716785430908204,0.11161353588104247,-0.060635091795867145,-7.034983775178194e-05,3,sqrt,5,0.1,5,5,50,"{'n_estimators': 50, 'min_samples_split': 5, 'min_samples_leaf': 5, 'min_impurity_decrease': 0.1, 'max_leaf_nodes': 5, 'max_features': 'sqrt', 'max_depth': 3}",79,-0.041623766101386295,-3.677837002569184e-05,-0.1468085010287341,-4.611582776314904e-06,-0.017043075709925137,-2.807911807067853e-06,-0.0759543193997203,-5.720150544563651e-06,-0.0019791747290212047,-3.703354126516345e-05,-0.1062616505354672,-3.381853256390066e-05,-0.0030450196925511097,-9.857029195092792e-07,-0.07643162740721476,-0.0005757795381975406,-0.12942691341274193,-1.6194353191778532e-07,-0.0005731414134406698,-5.801103886149406e-06,0.007584252207301057,0.003868355565052686,0.052395050197772346,0.0001691139930768699
34,0.13204450607299806,0.11016128063201905,-0.05812468777523409,-0.00027308401367971414,5,sqrt,5,0.4,2,2,10,"{'n_estimators': 10, 'min_samples_split': 2, 'min_samples_leaf': 2, 'min_impurity_decrease': 0.4, 'max_leaf_nodes': 5, 'max_features': 'sqrt', 'max_depth': 5}",50,-0.0473575533198185,-3.1207034354885366e-05,-0.12399194947166124,-0.000984642628961696,-0.02084837198873446,-0.00015359135521575418,-0.08583461975918372,-0.0003442750169715403,-0.0010719579312270522,-0.0003493859412049271,-0.10579305934718963,-4.209610743233227e-05,-0.004035846399147003,-4.8232594187291866e-05,-0.06665268068389518,-2.4255065242506646e-05,-0.1190129353350513,-0.0002063587895690944,-1.2206744434584136e-05,-0.0005467956036571131,0.008921479555698006,0.0026166663124367706,0.04712492299331236,0.00028899627746929556
35,0.1643066167831421,0.11015403270721436,0.36128717420737794,0.5796263787677798,,sqrt,20,0,5,2,50,"{'n_estimators': 50, 'min_samples_split': 2, 'min_samples_leaf': 5, 'min_impurity_decrease': 0, 'max_leaf_nodes': 20, 'max_features': 'sqrt', 'max_depth': None}",27,0.24419845649427885,0.6030919057663184,0.37384340995451804,0.5671426487951933,0.4593666559052574,0.5805714235859663,0.3266177274852968,0.5989914823784519,0.4093370745774321,0.5847789016741023,0.44527229629750686,0.6046055246313015,0.33067367757932986,0.5533493540103117,0.12788634349501438,0.5592900208800732,0.4626637319021755,0.6116642046340495,0.43300359930303334,0.5327783213220298,0.010309667067776413,0.0033647827922356423,0.10231637224875176,0.024613194214076525
36,0.16691281795501708,0.11199171543121338,-0.05990745400463675,-7.679421976689583e-05,3,auto,,0.1,3,5,50,"{'n_estimators': 50, 'min_samples_split': 5, 'min_samples_leaf': 3, 'min_impurity_decrease': 0.1, 'max_leaf_nodes': None, 'max_features': 'auto', 'max_depth': 3}",73,-0.0424459839889062,-1.8892607810627737e-05,-0.1508933645170516,-8.062847922429839e-06,-0.014450771485441605,-0.00014845029041099522,-0.06858100517921817,-0.00010749531996756545,-0.002905301819341677,-1.6127373492214048e-05,-0.11545236050112484,-5.030123652316477e-05,-0.0013140570388270323,-0.0003608979214302365,-0.0649619246905202,-2.21704944136647e-06,-0.12974298602809697,-7.075474339757194e-07,-0.001122499819724787,-5.479000323638239e-05,0.010667455985524286,0.0054414815467621865,0.05384247495062098,0.00010539740387642529
37,0.13214962482452391,0.11101293563842773,0.5640749387011879,0.8215423271235505,3,auto,20,0,1,2,10,"{'n_estimators': 10, 'min_samples_split': 2, 'min_samples_leaf': 1, 'min_impurity_decrease': 0, 'max_leaf_nodes': 20, 'max_features': 'auto', 'max_depth': 3}",13,0.45244604269936484,0.8373662530922447,0.5640079841756209,0.8085797182099719,0.6918990021586,0.8013793617002325,0.5390818398449302,0.8164329853326074,0.6858959452870015,0.8109226470391548,0.4562253387786432,0.8406860649571408,0.6332660508030583,0.8305566357127806,0.33887749023933944,0.8257580716276006,0.5390005314942983,0.8128713416269271,0.7451285943625285,0.8308701919368433,0.00787982363372197,0.0033955209558944387,0.11995596429537005,0.012615712532262532
38,0.16406104564666749,0.11254768371582032,0.341994759409314,0.5362087863675499,5,sqrt,,0,3,10,50,"{'n_estimators': 50, 'min_samples_split': 10, 'min_samples_leaf': 3, 'min_impurity_decrease': 0, 'max_leaf_nodes': None, 'max_features': 'sqrt', 'max_depth': 5}",29,0.18901120239391955,0.5241980599639264,0.4064824951230708,0.5762074431292892,0.46762474609676025,0.5069855825370337,0.23893833541674392,0.533302375669295,0.41249194945900475,0.5807781935009185,0.3785258763253482,0.527176497389398,0.35905926173774927,0.550056955331418,0.20565583871229653,0.5373420455145916,0.3214276913987135,0.5027288473085096,0.44379287295299785,0.5233118633311191,0.011377473393987137,0.004697940050063586,0.0950532772720629,0.024809071438303833
39,0.13960683345794678,0.1093712329864502,0.290715996451057,0.47792357306847577,3,sqrt,20,0,1,2,25,"{'n_estimators': 25, 'min_samples_split': 2, 'min_samples_leaf': 1, 'min_impurity_decrease': 0, 'max_leaf_nodes': 20, 'max_features': 'sqrt', 'max_depth': 3}",33,0.1875555697458986,0.5316241472486813,0.23681474983620665,0.43885150087414665,0.4402139912200117,0.48635742929282944,0.2544167806341532,0.5057565292286295,0.2976608550879727,0.49499634296442224,0.3691842711785004,0.48631236723537274,0.3255959226345092,0.5122450724810164,0.12897355528628907,0.43449904514574866,0.28435099969377686,0.4755158197919504,0.3831497792139025,0.413077476421961,0.006562485164979549,0.0026812021883520186,0.08931360859893477,0.035906129957334186
40,0.2031325578689575,0.11103861331939698,-0.06034070830708274,-1.4709153012804066e-05,,sqrt,,0.4,5,10,100,"{'n_estimators': 100, 'min_samples_split': 10, 'min_samples_leaf': 5, 'min_impurity_decrease': 0.4, 'max_leaf_nodes': None, 'max_features': 'sqrt', 'max_depth': None}",76,-0.0455332559679007,-3.8415075549469435e-06,-0.1469210216975494,-4.036752361047391e-06,-0.01766451410277403,-5.213131775150259e-07,-0.07326647180802226,-4.773270572799859e-06,-0.0028108443651007065,-9.411508356649279e-06,-0.11233170116995805,-7.668512886471746e-06,-0.0033567945469410443,-2.651460504710101e-06,-0.06111240931734918,-4.231302921375857e-05,-0.1319870958641305,-1.553095667183868e-05,-0.0011293153891607233,-5.6343218828303065e-05,0.009530161525464868,0.003643492422361209,0.05264563573457208,1.8030781437127942e-05
41,0.16697170734405517,0.11126272678375244,-0.05763251766648296,-0.0001207257457774169,3,auto,50,0.1,3,10,50,"{'n_estimators': 50, 'min_samples_split': 10, 'min_samples_leaf': 3, 'min_impurity_decrease': 0.1, 'max_leaf_nodes': 50, 'max_features': 'auto', 'max_depth': 3}",46,-0.037364005511778764,-0.00023256299476903664,-0.15484201025038247,-5.770562136087065e-05,-0.015532088304519132,-5.920859995267591e-05,-0.07110057475053178,-3.521213396817657e-05,-0.003217424618239928,-4.961445386753027e-05,-0.11172063798973132,-3.6698504279897293e-06,-0.0026613692016457247,-1.9448672177402315e-05,-0.06072753804606701,-5.3549284237508494e-05,-0.11111360318366416,-0.0006761682659257584,-0.0009400640687493577,-2.011758108722006e-05,0.013106492520456425,0.003444345065508129,0.05194679864315498,0.00019486997215189403
42,0.20723228454589843,0.10836474895477295,-0.05925828902162732,-8.054095512841642e-05,3,auto,20,0.4,2,2,100,"{'n_estimators': 100, 'min_samples_split': 2, 'min_samples_leaf': 2, 'min_impurity_decrease': 0.4, 'max_leaf_nodes': 20, 'max_features': 'auto', 'max_depth': 3}",57,-0.039495554186059545,-0.00011218444102389924,-0.1507440503614328,-7.0672166607721465e-06,-0.014111427812057986,-0.0001857026190297262,-0.07637015065776587,-9.563067577378348e-06,-0.003822271965830515,-0.0001567281537007137,-0.10000926723107262,-0.00022255477530119808,-0.0033299487148008566,-1.981219852398297e-06,-0.06703079167769488,-3.234605506730048e-05,-0.1300650381813795,-1.6580309001312799e-06,-0.00031723740535349876,-7.562397217064643e-05,0.011154191922052036,0.002203142480266903,0.052611000147370496,7.950473175908618e-05
43,0.1309659004211426,0.11332311630249023,-0.056375864844718536,-0.00024857941138092257,,auto,5,0.1,1,5,10,"{'n_estimators': 10, 'min_samples_split': 5, 'min_samples_leaf': 1, 'min_impurity_decrease': 0.1, 'max_leaf_nodes': 5, 'max_features': 'auto', 'max_depth': None}",42,-0.035983486020926936,-0.0003362909974060635,-0.14845741459944972,-1.5913481199447688e-08,-0.011986038532232568,-0.0005332246987264089,-0.06428733813579002,-0.00032819398199879224,-0.0018242885312858004,-6.386663361701572e-05,-0.10367270545293072,-9.122633036651173e-05,-0.005124655499247899,-0.00021341276694908373,-0.06849069769038763,-7.415097467378118e-05,-0.11705361268954939,-0.0002963530693960159,-1.187968401983319e-05,-0.0005490587471943531,0.008410754556087191,0.005593259859023309,0.05092629231751518,0.0001843771902138537
44,0.13461852073669434,0.10974793434143067,-0.059005910686619534,-0.0003291687435492241,3,auto,50,0.4,3,5,10,"{'n_estimators': 10, 'min_samples_split': 5, 'min_samples_leaf': 3, 'min_impurity_decrease': 0.4, 'max_leaf_nodes': 50, 'max_features': 'auto', 'max_depth': 3}",53,-0.057553096766045364,-0.0006090265631253367,-0.14694721137308164,-3.908475587177662e-06,-0.021771830124530652,-0.00024362648427533884,-0.08055680406303822,-0.00010088065026914174,-0.005063599998190282,-0.0005078846593573605,-0.09829455892787853,-0.0003049953200973121,-0.0030809697349512,-4.677838316702321e-07,-0.04737698494572684,-0.0013920978628236822,-0.12130093143631071,-0.00012247789499153505,-0.0005682158170901008,-6.3217411336857765e-06,0.006560517272216903,0.0022701001910974297,0.04973708174783455,0.00040753959722698277
45,0.14552662372589112,0.10956721305847168,0.3186568043753358,0.4803842419603875,3,sqrt,20,0,1,10,25,"{'n_estimators': 25, 'min_samples_split': 10, 'min_samples_leaf': 1, 'min_impurity_decrease': 0, 'max_leaf_nodes': 20, 'max_features': 'sqrt', 'max_depth': 3}",30,0.25773463991248313,0.5403720791929596,0.41560954970947855,0.5525255215628825,0.296413300421695,0.3732769515726193,0.2721329319113116,0.47831952093392105,0.27845328860002716,0.4496378702117447,0.42668005316937624,0.46760809713003915,0.35994955031096754,0.5023721070300745,0.11686016581061143,0.44828469340018423,0.32345841612093473,0.4929308495331892,0.43222506932578053,0.49851472903626115,0.010181775243476378,0.004053968959389894,0.09186498293281546,0.04836081881996153
46,0.1523517847061157,0.11090741157531739,0.2487417310650044,0.3957821401775868,3,sqrt,5,0,5,10,25,"{'n_estimators': 25, 'min_samples_split': 10, 'min_samples_leaf': 5, 'min_impurity_decrease': 0, 'max_leaf_nodes': 5, 'max_features': 'sqrt', 'max_depth': 3}",35,0.0626842460360576,0.38439659100853324,0.189830288003198,0.34895678258396673,0.21344811066236813,0.3813170339299447,0.25896266477508867,0.4339937148530725,0.3664127578683447,0.49218297736908445,0.3348762033575102,0.3969256318168183,0.22378437055913936,0.381680374154296,0.2521313721683053,0.40290698378211254,0.1920787033485789,0.3390829933517986,0.40671228257975145,0.39637831892624076,0.013710749038020595,0.0033267130860586743,0.09452990450076895,0.0409277527445314
47,0.15097980499267577,0.10967309474945068,-0.05912655715904272,-9.237915587083645e-05,3,auto,20,0.4,3,5,25,"{'n_estimators': 25, 'min_samples_split': 5, 'min_samples_leaf': 3, 'min_impurity_decrease': 0.4, 'max_leaf_nodes': 20, 'max_features': 'auto', 'max_depth': 3}",55,-0.04037972698013648,-7.562771635649668e-05,-0.13918094052009633,-0.00013569689370562799,-0.01493305877057449,-0.00010325930477161906,-0.0712810736195344,-3.1577353086342796e-05,-0.004098340673616141,-0.00022121576989664327,-0.11378658546702371,-2.2963928623553898e-05,-0.0028241397646255884,-8.596699483387482e-06,-0.06029363278347977,-6.785293387001623e-05,-0.13742290732803664,-0.0001286387321379756,-0.000232380165922752,-0.0001283622267767015,0.009419070723717482,0.001903822909688931,0.05268378868062101,6.133530362942525e-05
48,0.13455600738525392,0.11097538471221924,-0.06456268663274768,-0.0006271409743825007,5,auto,5,0.4,2,2,10,"{'n_estimators': 10, 'min_samples_split': 2, 'min_samples_leaf': 2, 'min_impurity_decrease': 0.4, 'max_leaf_nodes': 5, 'max_features': 'auto', 'max_depth': 5}",99,-0.041300130653199485,-4.550008675074935e-05,-0.15064248281123338,-6.427182987822633e-06,-0.01785394978766397,-2.0865928260782596e-06,-0.06849961644302649,-0.00011051416732899,-0.0011955326809680589,-0.0002796217781835253,-0.14479409824778977,-0.0020412778096499107,-0.000466810414218477,-0.0010840008376844512,-0.0520749236728324,-0.0006930050897726581,-0.1610478409017584,-0.0017576350813102162,-0.00011737527049082706,-0.0002513411173306057,0.00792583039087469,0.003532183494974719,0.0619768616496345,0.000716522297350168
49,0.13422718048095703,0.10928797721862793,0.5830511575712312,0.8161504307115826,3,auto,20,0,2,10,10,"{'n_estimators': 10, 'min_samples_split': 10, 'min_samples_leaf': 2, 'min_impurity_decrease': 0, 'max_leaf_nodes': 20, 'max_features': 'auto', 'max_depth': 3}",10,0.45532304385466216,0.816703143614822,0.6426302017589036,0.8030177071020361,0.5477827942097566,0.8128349929007187,0.577594924168986,0.8102862337835813,0.6646379331979237,0.8064115471522681,0.6011867117995523,0.8286955884374974,0.6389927934213818,0.8212296473001053,0.34348196100469164,0.8118605474094728,0.6020879679309461,0.8383450265796407,0.7590949728162124,0.8121198728356831,0.006590391438915843,0.003413346537402135,0.10941888224563237,0.010116465352248477
50,0.14283509254455568,0.10997905731201171,0.5439006933496757,0.6609689212746863,10,auto,5,0,1,10,25,"{'n_estimators': 25, 'min_samples_split': 10, 'min_samples_leaf': 1, 'min_impurity_decrease': 0, 'max_leaf_nodes': 5, 'max_features': 'auto', 'max_depth': 10}",15,0.36346087441756436,0.6591052574297742,0.5008979846552373,0.6366093399746463,0.4982742267271526,0.6495769326907314,0.6240444180962061,0.6614325522943675,0.5847256292993612,0.6310902969349117,0.6082857749365795,0.7005505349733496,0.5747385431264418,0.6827304319491332,0.4254084932118504,0.6756677317102319,0.5821435537589572,0.6685196137022235,0.6811872803519294,0.6444065210874954,0.010002242367319164,0.0034053971615573574,0.09199775773788232,0.02051154691445075
51,0.16925652027130128,0.11069240570068359,-0.059525318889741115,-3.99374318111656e-05,10,auto,50,0.4,2,5,50,"{'n_estimators': 50, 'min_samples_split': 5, 'min_samples_leaf': 2, 'min_impurity_decrease': 0.4, 'max_leaf_nodes': 50, 'max_features': 'auto', 'max_depth': 10}",63,-0.044198057658200396,-5.482005089874065e-07,-0.1470323504697837,-3.5058501193230285e-06,-0.01854682413813591,-1.6442437461350323e-05,-0.08012231246287937,-8.706835439875604e-05,-0.0031988613246387576,-4.716801603277254e-05,-0.10041692761816567,-0.00020495446065105227,-0.0025497387708079966,-2.9702780083296076e-05,-0.06282261897371777,-8.54552815710008e-06,-0.12828078241413965,-1.423292334212789e-06,-0.000684725677237763,-1.5398364805463416e-08,0.011823335752990358,0.0038736845950786978,0.051401517856311134,6.091167283131396e-05
52,0.16843852996826172,0.10911459922790527,0.31530455686216025,0.49245074404178507,3,sqrt,50,0,2,10,50,"{'n_estimators': 50, 'min_samples_split': 10, 'min_samples_leaf': 2, 'min_impurity_decrease': 0, 'max_leaf_nodes': 50, 'max_features': 'sqrt', 'max_depth': 3}",31,0.18986247475154594,0.5099922249587912,0.30511673565788267,0.4852091618169071,0.39530533278160174,0.48861783594012065,0.2805635684795147,0.5036379502462923,0.3012591524612348,0.4826211949714476,0.4002804831950135,0.5229714666481531,0.285180954063435,0.44506109423128337,0.12322547881510215,0.45928049650251435,0.3721224774319865,0.5151762910846527,0.4959648075544589,0.5119397240176886,0.006599602548947452,0.0009328700163779713,0.10243287143543235,0.024021736898645778
53,0.16467752456665039,0.10976269245147705,0.3635846883918783,0.5612932135263246,5,sqrt,20,0,1,5,50,"{'n_estimators': 50, 'min_samples_split': 5, 'min_samples_leaf': 1, 'min_impurity_decrease': 0, 'max_leaf_nodes': 20, 'max_features': 'sqrt', 'max_depth': 5}",26,0.2974922901750201,0.5852812620576743,0.30408587398389364,0.5250646173668368,0.49281151495992265,0.5620304149773966,0.2702199262502565,0.5370375730966306,0.40861884421845257,0.5651582849496376,0.4553042916081531,0.5753223858359258,0.4088113647529247,0.5942804144802968,0.18774431636915923,0.5845479806528571,0.3255930451423633,0.5100583036840418,0.48972771976020246,0.5741508981619485,0.009387673870817724,0.003757986422731479,0.09712266443568476,0.026660550116392016
54,0.16836142539978027,0.11081879138946533,-0.0593124541336797,-7.363506301447665e-05,,auto,5,0.4,2,2,50,"{'n_estimators': 50, 'min_samples_split': 2, 'min_samples_leaf': 2, 'min_impurity_decrease': 0.4, 'max_leaf_nodes': 5, 'max_features': 'auto', 'max_depth': None}",60,-0.04435113882768227,-1.8383021482826223e-07,-0.15541212466665044,-6.852860546735506e-05,-0.016883227133593692,-5.287543183740695e-06,-0.06640309377413511,-0.00020354263238653306,-0.002608346330078337,-9.606010749063643e-07,-0.10618139471444409,-3.517074047287849e-05,-0.002128021493880583,-9.217359322954978e-05,-0.0706746153499096,-0.00016711337060248965,-0.12068985968864143,-0.0001426779177944315,-0.0004775049807319576,-2.0711795718053594e-05,0.006980264706319485,0.003180092087279373,0.05245480363404379,7.097834894668674e-05
55,0.20294907093048095,0.11027219295501708,0.2273206752517388,0.38989502268456044,3,sqrt,,0,2,10,100,"{'n_estimators': 100, 'min_samples_split': 10, 'min_samples_leaf': 2, 'min_impurity_decrease': 0, 'max_leaf_nodes': None, 'max_features': 'sqrt', 'max_depth': 3}",38,0.11897378623016153,0.39700112285151856,0.17382624355279774,0.3806810332664987,0.3349628299972398,0.4066523500198127,0.13741869972700071,0.3831170594759803,0.20319472944111847,0.37867069183329355,0.3163137709332763,0.41420994337985384,0.22151254912691032,0.3902715280401632,0.1778816245053244,0.3708022107660762,0.23154821859213903,0.38767261688938376,0.35736376784930024,0.389871670323023,0.008730914253143622,0.002442501012767525,0.07925344889300914,0.012445725743492817
56,0.1732954740524292,0.110121750831604,-0.059643471216078645,-6.415026995045813e-05,,auto,5,0.4,5,2,50,"{'n_estimators': 50, 'min_samples_split': 2, 'min_samples_leaf': 5, 'min_impurity_decrease': 0.4, 'max_leaf_nodes': 5, 'max_features': 'auto', 'max_depth': None}",65,-0.04708790541243357,-2.5550728917966836e-05,-0.14548017571914684,-1.4319028154297088e-05,-0.015878189104162832,-3.9577200555696024e-05,-0.07945180115896266,-6.768509234023057e-05,-0.0017215777635630758,-8.650242769103755e-05,-0.10383360270908916,-8.68199250962931e-05,-0.004086469691586325,-5.3621991393137947e-05,-0.06956166954758136,-0.00011526497861291674,-0.12111982865895943,-0.00012829863674657105,-0.0009641071677304325,-2.3862689996434483e-05,0.009848174288521633,0.0031904614486146696,0.050639914660981084,3.750280030604827e-05
57,0.20518147945404053,0.11063249111175537,0.39116610855616635,0.5886758009234025,10,sqrt,20,0,3,2,100,"{'n_estimators': 100, 'min_samples_split': 2, 'min_samples_leaf': 3, 'min_impurity_decrease': 0, 'max_leaf_nodes': 20, 'max_features': 'sqrt', 'max_depth': 10}",21,0.28873416182004674,0.600654610971818,0.40099056799231647,0.5679351561260084,0.49492090704517055,0.5432290030879666,0.3474834963429887,0.6436388791188851,0.45691482952893936,0.5927197835058846,0.3723246522542142,0.5677045934951181,0.41038832575465983,0.5897304975996673,0.21074808887507931,0.5810515153615796,0.4360379880150519,0.6097097707237322,0.49478018533479684,0.5903841992433649,0.017671508093212406,0.002152638477846376,0.08571125917374364,0.025730821201277135
58,0.1598289966583252,0.10986688137054443,0.6808062416915001,0.9729525881017287,10,auto,,0,1,2,25,"{'n_estimators': 25, 'min_samples_split': 2, 'min_samples_leaf': 1, 'min_impurity_decrease': 0, 'max_leaf_nodes': None, 'max_features': 'auto', 'max_depth': 10}",1,0.6337625517835124,0.9742120672304985,0.8000159629377126,0.9705768187361561,0.7819122329919638,0.9693576641995123,0.6504968872069857,0.9742227391762652,0.7426996476375239,0.9732829098978047,0.6435602313290085,0.9725074693166625,0.7860641500638531,0.9720469148834114,0.23781353168884223,0.9736753391436751,0.7206475250746777,0.9753085257201014,0.8054847664405815,0.974335432713198,0.05023173848561449,0.002089065609375258,0.1599870982154302,0.00175726739339805
59,0.13886592388153077,0.10982091426849365,-0.05793676689247758,-8.351629756142565e-05,3,sqrt,50,0.4,2,2,25,"{'n_estimators': 25, 'min_samples_split': 2, 'min_samples_leaf': 2, 'min_impurity_decrease': 0.4, 'max_leaf_nodes': 50, 'max_features': 'sqrt', 'max_depth': 3}",48,-0.05073661012720154,-0.00014697476990899183,-0.14383856107381,-3.3837380960966e-05,-0.016579658859082524,-1.2195989726349053e-05,-0.07090029790461272,-3.948275150444936e-05,-0.0038840723584963044,-0.0001703892162230325,-0.09913503674904445,-0.00026287752022957633,-0.0035901652754546376,-1.233049168924971e-05,-0.06124801163434812,-3.8676576319618405e-05,-0.12184400017653929,-0.00010585737298129949,-0.0005214897812806374,-1.2540906070723778e-05,0.008093166243330023,0.0032641107915624985,0.049398877330764125,8.114956164762276e-05
60,0.16891727447509766,0.10997838973999023,-0.05905176838114958,-3.184838070304785e-05,10,sqrt,50,0.4,2,5,50,"{'n_estimators': 50, 'min_samples_split': 5, 'min_samples_leaf': 2, 'min_impurity_decrease': 0.4, 'max_leaf_nodes': 50, 'max_features': 'sqrt', 'max_depth': 10}",54,-0.041189610908656915,-4.8699394639806215e-05,-0.14628761476342023,-7.774850385056098e-06,-0.016081660385795837,-2.9953320658471227e-05,-0.07301209497447259,-6.876000922639847e-06,-0.002564061235138082,-2.630091882060981e-07,-0.1162447545365064,-6.692429508303732e-05,-0.0035782446639633925,-1.167451690275989e-05,-0.05944662532220879,-0.00010083954449480181,-0.12441428537804389,-4.39374875884635e-05,-0.0006289053799468647,-1.5413871672365076e-06,0.009591625181867052,0.00300193158791006,0.05225541024338115,3.1543753462294895e-05
61,0.12405071258544922,0.10855839252471924,0.5217370548462057,0.6498872286177867,10,auto,5,0,2,10,10,"{'n_estimators': 10, 'min_samples_split': 10, 'min_samples_leaf': 2, 'min_impurity_decrease': 0, 'max_leaf_nodes': 5, 'max_features': 'auto', 'max_depth': 10}",17,0.4313899865962807,0.6584652140300663,0.5344155756775079,0.62475223760759,0.3397616993962047,0.6550161521072634,0.5111433650253432,0.6121603686100003,0.5630076350411549,0.6336982182572043,0.6192887335129519,0.6682837173458172,0.5471256808747904,0.6582301702016302,0.40685199914561293,0.6425140884122098,0.5430543262843556,0.6735973510166507,0.7249783434747467,0.6721547685894349,0.005297689221260556,0.0032671756487169163,0.10448997257123248,0.019843052674223656
62,0.12525541782379152,0.10775544643402099,0.35550690236591104,0.5556724033084344,5,sqrt,20,0,5,5,10,"{'n_estimators': 10, 'min_samples_split': 5, 'min_samples_leaf': 5, 'min_impurity_decrease': 0, 'max_leaf_nodes': 20, 'max_features': 'sqrt', 'max_depth': 5}",28,0.2258480899780939,0.5964523648334532,0.3773564099752713,0.5124382999610161,0.38386959709845997,0.5714141776127624,0.12711883387780054,0.47725942619794026,0.46537673151754,0.6690225084870031,0.509400706725683,0.606470221528215,0.2797237184366015,0.4660483102606112,0.17107337342091755,0.45327500065619003,0.49977069338084484,0.6219565251519311,0.5226060260770484,0.5823871983952215,0.0033668927503963607,0.0025475418569082717,0.1395090025311904,0.06998730404963621
63,0.1547935724258423,0.10794799327850342,0.2439145257661772,0.3986544341962929,3,sqrt,,0,2,10,50,"{'n_estimators': 50, 'min_samples_split': 10, 'min_samples_leaf': 2, 'min_impurity_decrease': 0, 'max_leaf_nodes': None, 'max_features': 'sqrt', 'max_depth': 3}",37,0.12696729832910536,0.38871520793529313,0.22388125079930177,0.39990642202713667,0.3169082827968014,0.39098213597598275,0.22631624442715356,0.4454697414791397,0.24229649602977366,0.4112093281120602,0.24550153098099958,0.358705480591012,0.2098262263592526,0.38337633586613235,0.19883064810786022,0.39179555615802963,0.24177200126377663,0.41234923973306237,0.4053901872989029,0.40403489408507987,0.010131458533345095,0.003016795044835476,0.07043233759589133,0.021450870955260375
64,0.13838658332824708,0.10991919040679932,-0.06097735087859497,-7.837806560830884e-05,3,auto,50,0.4,5,10,25,"{'n_estimators': 25, 'min_samples_split': 10, 'min_samples_leaf': 5, 'min_impurity_decrease': 0.4, 'max_leaf_nodes': 50, 'max_features': 'auto', 'max_depth': 3}",86,-0.0447124029814856,-9.278259627265584e-08,-0.14504362246013702,-1.8693026503813215e-05,-0.013342865710296081,-0.0002876960063413758,-0.07448600516115378,-9.627012076407482e-09,-0.0016765810741321552,-9.774120601213632e-05,-0.12213873569559586,-0.00026123100333297344,-0.0022137338250971528,-7.61415568575341e-05,-0.06503294826840178,-2.6706228930528653e-06,-0.1331147541246327,-3.0124871730263788e-05,-0.0008569507203337601,-9.37995280358983e-06,0.006865953851989394,0.0027944932612479845,0.054227707168803714,0.00010309333591201828
65,0.12399866580963134,0.10791311264038086,-0.06158548618854856,-0.00016291497750360319,5,auto,5,0.4,1,5,10,"{'n_estimators': 10, 'min_samples_split': 5, 'min_samples_leaf': 1, 'min_impurity_decrease': 0.4, 'max_leaf_nodes': 5, 'max_features': 'auto', 'max_depth': 5}",92,-0.046048121559875144,-8.944133430333068e-06,-0.15886477229732732,-0.0001532803902521973,-0.01804717271668599,-4.7414834463133104e-06,-0.06140579326122065,-0.0005504665552511501,-0.0030525120613877905,-2.9846848643488858e-05,-0.10446806421401988,-7.053683870106298e-05,-0.003670938306076677,-1.721362188789044e-05,-0.07625098840664557,-0.0005595393603168297,-0.1349855098577819,-6.467029878631791e-05,-0.0015205880622755075,-0.00016991024432044813,0.002232741480242761,0.0026936653930895726,0.05441908572767627,0.00020334613591222448
66,0.13543901443481446,0.1098909854888916,0.61278503439484,0.8835581521707139,5,auto,,0,2,5,25,"{'n_estimators': 25, 'min_samples_split': 5, 'min_samples_leaf': 2, 'min_impurity_decrease': 0, 'max_leaf_nodes': None, 'max_features': 'auto', 'max_depth': 5}",5,0.5671070439115595,0.8772959028756162,0.6559905926731755,0.8741873254289686,0.6432228813346409,0.8805939991024929,0.5975143979783791,0.892271840199615,0.741295839714456,0.8794017221888937,0.567724444054081,0.8872481616042522,0.7066960963546676,0.8907498867321448,0.31115069253494854,0.8893086689562805,0.6053275526111772,0.879946383462969,0.7367765707985711,0.8845776311559062,0.008702747221414408,0.003252260332075813,0.11704062005775974,0.005843872878927567
67,0.17041232585906982,0.1088829517364502,-0.0609003106311427,-5.1682343777992304e-05,10,auto,5,0.4,2,2,50,"{'n_estimators': 50, 'min_samples_split': 2, 'min_samples_leaf': 2, 'min_impurity_decrease': 0.4, 'max_leaf_nodes': 5, 'max_features': 'auto', 'max_depth': 10}",85,-0.04556996468892871,-4.135753047584956e-06,-0.1418102367572045,-6.963761375500255e-05,-0.0162031591792684,-2.4869469253507862e-05,-0.07945026233902053,-6.764332324116218e-05,-0.0037786859256687677,-0.00014737345290827264,-0.11228882584917588,-7.340828419355461e-06,-0.0027061749730370455,-1.599038015842602e-05,-0.06843026022099696,-7.20916553154094e-05,-0.1304359824952961,-3.2444341926396447e-06,-0.0013142789783262554,-0.00010449652748856231,0.00885556516717636,0.0022796248777034885,0.051901061891867536,4.637427823381139e-05
68,0.1388619661331177,0.10991101264953614,-0.059337788861438465,-6.920705427471141e-05,5,auto,5,0.1,1,10,25,"{'n_estimators': 25, 'min_samples_split': 10, 'min_samples_leaf': 1, 'min_impurity_decrease': 0.1, 'max_leaf_nodes': 5, 'max_features': 'auto', 'max_depth': 5}",61,-0.052010590734911766,-0.00021115414264771815,-0.13698751137022058,-0.00020819972466301628,-0.017348210705295797,-2.430597723090955e-07,-0.07707351471214752,-1.8261650740258872e-05,-0.003486832217586278,-9.103096672036239e-05,-0.11209926769653511,-5.977160061343412e-06,-0.0032017660363528044,-1.1623641649194381e-07,-0.05987742779310179,-8.321898197305444e-05,-0.12390449972013395,-5.404394525587719e-05,-0.00048171185213274903,-1.982467449668235e-05,0.007726293863801522,0.0027604086260280595,0.04990650569735695,7.676726008705188e-05
69,0.1451497793197632,0.10991144180297852,0.6591868761152213,0.9357600458395853,10,auto,50,0,3,5,25,"{'n_estimators': 25, 'min_samples_split': 5, 'min_samples_leaf': 3, 'min_impurity_decrease': 0, 'max_leaf_nodes': 50, 'max_features': 'auto', 'max_depth': 10}",2,0.5934166547445324,0.9403670985682455,0.7929531056549917,0.939196351298133,0.6919369253977525,0.928805865257365,0.6351736547137874,0.9393024178003915,0.7914660954767672,0.9323672138304069,0.5513100985703874,0.9313060320268647,0.7909057427408163,0.9364228612820699,0.23913732317834877,0.9336004464842144,0.7211366685555392,0.9415215928108666,0.7844130190295254,0.934710579037296,0.036040503651206826,0.003601136711531022,0.16249995071392043,0.004058222549001591
70,0.16172964572906495,0.11179311275482177,-0.060797820170007864,-3.899080286040579e-05,3,auto,50,0.4,2,2,50,"{'n_estimators': 50, 'min_samples_split': 2, 'min_samples_leaf': 2, 'min_impurity_decrease': 0.4, 'max_leaf_nodes': 50, 'max_features': 'auto', 'max_depth': 3}",82,-0.04532614963585946,-2.3831093056703168e-06,-0.1441222800691515,-2.9864180379757247e-05,-0.01837763641010448,-1.1710572819234598e-05,-0.07757118250609252,-2.6068116634192503e-05,-0.0019172925314818732,-4.675564387524034e-05,-0.1099573234437845,-3.1410956768951337e-07,-0.002580952639727574,-2.659443704144948e-05,-0.06258209062812092,-1.1723935111396244e-05,-0.1378456354384483,-0.00014187830667244938,-0.0002858478461338354,-9.26156171969783e-05,0.009107987588691429,0.002744161881613859,0.05313451809373377,4.271933486304662e-05
71,0.12131564617156983,0.11040849685668945,-0.05732584876759567,-0.00047974812910167586,10,sqrt,,0.4,2,2,10,"{'n_estimators': 10, 'min_samples_split': 2, 'min_samples_leaf': 2, 'min_impurity_decrease': 0.4, 'max_leaf_nodes': None, 'max_features': 'sqrt', 'max_depth': 10}",44,-0.03568503367111808,-0.00036151787001093005,-0.13233033421566698,-0.0004164456461448473,-0.016123747677799338,-2.8136588206217894e-05,-0.06802454201541619,-0.00012900873885723918,-0.010383932937877871,-0.0030832985323494544,-0.09702032046422615,-0.0003752125374656412,-0.0021076790292873238,-9.625376279509547e-05,-0.07168776404199262,-0.00022221532534838492,-0.13351752743488787,-3.647940350193224e-05,-0.00037910774372473805,-4.8912886337015855e-05,0.0052851966679099,0.0021161166467108883,0.04912793709119676,0.0008791960155689606
72,0.16171691417694092,0.1098672866821289,-0.06088763306456108,-2.552098409862591e-05,,auto,20,0.4,1,5,50,"{'n_estimators': 50, 'min_samples_split': 5, 'min_samples_leaf': 1, 'min_impurity_decrease': 0.4, 'max_leaf_nodes': 20, 'max_features': 'auto', 'max_depth': None}",83,-0.04194877643274153,-2.8981270742134413e-05,-0.15371047009993521,-3.893168692981064e-05,-0.01599774926486841,-3.3752682123466826e-05,-0.0738972299977485,-1.217452254786977e-06,-0.0022950685634905987,-5.839447651201368e-06,-0.10892216110901388,-4.093906857294272e-06,-0.003161474249341767,-1.6056045382129014e-12,-0.06951049736384984,-0.00011310299332478735,-0.1314853300740062,-1.0563468582747149e-05,-0.0004870766380891123,-1.8726930914425566e-05,0.008050979664416782,0.0018281502176275147,0.05393418763224645,3.207575545354088e-05
73,0.20311121940612792,0.10974814891815185,0.3849975208307236,0.60536116185475,10,sqrt,50,0,5,5,100,"{'n_estimators': 100, 'min_samples_split': 5, 'min_samples_leaf': 5, 'min_impurity_decrease': 0, 'max_leaf_nodes': 50, 'max_features': 'sqrt', 'max_depth': 10}",22,0.2606535751117045,0.6145595806607931,0.451201132866851,0.6101319244432386,0.45140823880719605,0.5824674728813004,0.3061639889008506,0.5954923131991486,0.4427707019269482,0.6076152306624627,0.42222197659647387,0.5949790489567073,0.45330895286776524,0.6249190312620942,0.13828275064493534,0.6175488546782175,0.4426868198452813,0.6020171610902807,0.4818159396020884,0.6038810007132562,0.016301977133810864,0.00342478820460443,0.10641846844681277,0.011773608951618884
74,0.14310722351074218,0.10896821022033691,0.5347117235698199,0.6501893891332697,5,auto,5,0,5,10,25,"{'n_estimators': 25, 'min_samples_split': 10, 'min_samples_leaf': 5, 'min_impurity_decrease': 0, 'max_leaf_nodes': 5, 'max_features': 'auto', 'max_depth': 5}",16,0.3688963999340056,0.6418289815973577,0.5348105227912153,0.6360124220372056,0.40015449701067096,0.643100964481296,0.5809099531553615,0.6454744070674435,0.6016625836067861,0.6344978455384562,0.5929796738622838,0.6847548416693918,0.5333241252646919,0.6430608545228538,0.444317579591177,0.6696822275226262,0.5864861449543912,0.6565845570303099,0.7088982748215957,0.6468967898657564,0.005973634696546545,0.004295328374286606,0.09872460065833735,0.015056164239557374
75,0.2018512725830078,0.10917620658874512,-0.06065559472907347,-3.999677062700435e-05,,sqrt,,0.4,1,5,100,"{'n_estimators': 100, 'min_samples_split': 5, 'min_samples_leaf': 1, 'min_impurity_decrease': 0.4, 'max_leaf_nodes': None, 'max_features': 'sqrt', 'max_depth': None}",80,-0.04807503341926456,-4.890705301119347e-05,-0.1574266359303309,-0.00011400516447412912,-0.017895266354117423,-2.56502866569086e-06,-0.0753575644330784,-1.9118668066475664e-06,-0.002912639375939774,-1.6719003103959906e-05,-0.10763942190883657,-1.4790014285726016e-05,-0.0038243727846134497,-2.8524044068722887e-05,-0.06157684468366531,-3.055113265126863e-05,-0.12301890121415006,-7.414697090979416e-05,-0.001177698836195118,-6.78474282929109e-05,0.013064779393750971,0.0025414285442097446,0.052852346877390696,3.427565399316944e-05
76,0.12533192634582518,0.11125874519348145,0.5995414930029662,0.8736434924153003,5,auto,,0,1,5,10,"{'n_estimators': 10, 'min_samples_split': 5, 'min_samples_leaf': 1, 'min_impurity_decrease': 0, 'max_leaf_nodes': None, 'max_features': 'auto', 'max_depth': 5}",9,0.493554364716556,0.8768629092942897,0.6665476556759677,0.8720436072234189,0.6669141773093339,0.8705564599573937,0.5951019472671077,0.8706530159923902,0.7674387679033057,0.8653666411682341,0.45966867114334303,0.8798269337192762,0.7926905093435715,0.8917996113490329,0.22625418420657828,0.8879318522236028,0.5956876097562852,0.8737458977951766,0.7380245841306347,0.8476479954301863,0.002027667694842849,0.002873657828374769,0.1614033834609809,0.011609119003344324
77,0.4169746160507202,0.10994353294372558,0.6020186035173578,0.8992061804497584,,auto,,0,5,2,100,"{'n_estimators': 100, 'min_samples_split': 2, 'min_samples_leaf': 5, 'min_impurity_decrease': 0, 'max_leaf_nodes': None, 'max_features': 'auto', 'max_depth': None}",8,0.49786711217900703,0.9029703838251831,0.7535175750417145,0.8954969048488934,0.5635871738451175,0.8922320742045993,0.5857445358825196,0.8966210440364387,0.7720640930963513,0.9012412738743877,0.5217266989236816,0.9060524851065664,0.7140715600480391,0.9010659243320434,0.1666958956409309,0.8972915033835815,0.676096863703472,0.9037294285492576,0.7716581934230218,0.8953607823366339,0.013474768636817602,0.0024454915829396164,0.17450998898238113,0.004202785136350133
78,0.2055877685546875,0.10959804058074951,-0.059298830478307356,-2.3195024347932857e-05,5,auto,50,0.1,2,2,100,"{'n_estimators': 100, 'min_samples_split': 2, 'min_samples_leaf': 2, 'min_impurity_decrease': 0.1, 'max_leaf_nodes': 50, 'max_features': 'auto', 'max_depth': 5}",59,-0.039770886115872095,-9.998530637855829e-05,-0.14646866099749922,-6.581580086040261e-06,-0.018859415461480067,-2.7213391920355438e-05,-0.07513500381149574,-1.0107879973020317e-06,-0.0017853125757112396,-7.197730383290413e-05,-0.10918674999026723,-2.7184293467374943e-06,-0.002979684416994699,-2.430117721052838e-06,-0.06415052118682785,-3.0919560911613075e-08,-0.12686770785999646,-1.0048220761227356e-05,-0.0005388296857833375,-9.95418587423913e-06,0.010984404690760192,0.00232732703144038,0.05194914985254366,3.2857204149817115e-05
79,0.20229010581970214,0.10954787731170654,0.20831031933060185,0.37175992892684107,10,sqrt,5,0,5,5,100,"{'n_estimators': 100, 'min_samples_split': 5, 'min_samples_leaf': 5, 'min_impurity_decrease': 0, 'max_leaf_nodes': 5, 'max_features': 'sqrt', 'max_depth': 10}",39,0.04693112118459708,0.3541992724078423,0.2010003825983718,0.36795122335486485,0.23893301870576145,0.3613572940119143,0.17415505609153237,0.39229097543924607,0.20865752259365344,0.3572594784987928,0.30598179616923815,0.37505686716836767,0.18158945930683768,0.3711094937939758,0.11403984612851215,0.38108310396882683,0.22832580792003676,0.3889428075761969,0.3831568847301416,0.36834877304838376,0.01592904609144317,0.0037879658855498703,0.08885751949592813,0.012116048884830267
80,0.21101202964782714,0.1086392879486084,-0.06149142750156017,-2.7265813883992072e-05,,auto,5,0.1,1,5,100,"{'n_estimators': 100, 'min_samples_split': 5, 'min_samples_leaf': 1, 'min_impurity_decrease': 0.1, 'max_leaf_nodes': 5, 'max_features': 'auto', 'max_depth': None}",90,-0.04642614415877011,-1.401578203208409e-05,-0.14253316399339044,-5.538130653803819e-05,-0.017728296786562625,-9.325959877681811e-07,-0.07933829303273332,-6.46376097293011e-05,-0.0029808787130891634,-2.2690080628384734e-05,-0.11699032182987758,-8.466607003243531e-05,-0.0033736431347402007,-3.1203028754145375e-06,-0.06621182871293652,-1.6267360499755412e-05,-0.13152776603929284,-1.0946978645343108e-05,-0.0006907017852806341,-5.1871396067326714e-11,0.014380867513420792,0.0022200144061585774,0.05253663429940962,2.843511621542523e-05
81,0.13835346698760986,0.11103579998016358,-0.05859948923531734,-0.00011132815703362997,3,sqrt,,0.4,5,5,25,"{'n_estimators': 25, 'min_samples_split': 5, 'min_samples_leaf': 5, 'min_impurity_decrease': 0.4, 'max_leaf_nodes': None, 'max_features': 'sqrt', 'max_depth': 3}",51,-0.03907501793888035,-0.00013226408206090667,-0.14023035498482472,-0.00010663642119768114,-0.020377354109015533,-0.00011504170379939005,-0.07810918416466373,-3.602979976391474e-05,-0.0025015134429378083,-2.3727073861223857e-08,-0.10806790815010435,-1.0470463566392143e-05,-0.004892942513998522,-0.00017034721118847074,-0.05352044650923804,-0.00053108895811671,-0.13142122488828534,-9.996979653204008e-06,-0.0006321288455060081,-1.382223915769032e-06,0.015492767774261703,0.002666257968549437,0.05114110516572249,0.00015190240400892385
82,0.16909844875335694,0.10948703289031983,0.3950565845460198,0.600550126681907,10,sqrt,20,0,3,5,50,"{'n_estimators': 50, 'min_samples_split': 5, 'min_samples_leaf': 3, 'min_impurity_decrease': 0, 'max_leaf_nodes': 20, 'max_features': 'sqrt', 'max_depth': 10}",20,0.23715613456094042,0.6179187199238796,0.4906330014788555,0.6138523464657137,0.4824090533702239,0.5583326058609304,0.33382355020077104,0.6221874076488105,0.44965514088762504,0.5978276202223398,0.42243580639389944,0.6106363296749534,0.41152619417852043,0.6119548325432146,0.21727257600091643,0.5903887783530475,0.3962980891410075,0.5841845730850084,0.5091036317785487,0.5982180530411727,0.013417171206970347,0.0011833977321996127,0.09723631357414014,0.018288908754142685
83,0.16215903759002687,0.11070883274078369,-0.06123806848372586,-4.72103157576953e-05,3,sqrt,,0.1,1,10,50,"{'n_estimators': 50, 'min_samples_split': 10, 'min_samples_leaf': 1, 'min_impurity_decrease': 0.1, 'max_leaf_nodes': None, 'max_features': 'sqrt', 'max_depth': 3}",88,-0.04381104657872226,-2.3431048601363358e-06,-0.1574407560396902,-0.00011436338249493083,-0.01895743684493234,-3.112465553112287e-05,-0.07519822087217531,-1.2379071585577606e-06,-0.0014514878632756467,-0.0001675050988596549,-0.10392524565536987,-8.436038874637398e-05,-0.00327255133121529,-8.696179654155145e-07,-0.06453157649676022,-3.688163716653037e-07,-0.1352190546705343,-6.987750500364598e-05,-0.0006793575299104404,-5.268058544949383e-08,0.007668837524101515,0.0038947125497039298,0.054424720328782275,5.6413655197869704e-05
84,0.16528525352478027,0.10866782665252686,-0.05898873025565012,-2.127222447352306e-05,3,auto,5,0.4,2,2,50,"{'n_estimators': 50, 'min_samples_split': 2, 'min_samples_leaf': 2, 'min_impurity_decrease': 0.4, 'max_leaf_nodes': 5, 'max_features': 'auto', 'max_depth': 3}",52,-0.042284387347489405,-2.1929388822616858e-05,-0.14169458696154225,-7.20732101822108e-05,-0.017663718515029236,-5.169290560047557e-07,-0.07294615567249707,-7.48420667195937e-06,-0.0020950429105055512,-2.2164358853826723e-05,-0.10487330281158802,-6.104360282765953e-05,-0.0032750776801435673,-9.092167350122083e-07,-0.06444342631651034,-1.817683046301255e-07,-0.1328111558551841,-2.5731065449230428e-05,-0.0006491987122576592,-6.884978320798041e-07,0.012724985970459483,0.0032250440300987345,0.05143347595923357,2.4673168964541342e-05
85,0.12827672958374023,0.11085381507873535,-0.06310130716972111,-0.00023745026375023847,3,auto,50,0.4,3,2,10,"{'n_estimators': 10, 'min_samples_split': 2, 'min_samples_leaf': 3, 'min_impurity_decrease': 0.4, 'max_leaf_nodes': 50, 'max_features': 'auto', 'max_depth': 3}",97,-0.04804339226999188,-4.804609881836619e-05,-0.16211049692467916,-0.0002623351133022034,-0.019275405052715522,-4.553286067676687e-05,-0.08400035374770365,-0.0002442118533880766,-0.004820596329851989,-0.0004277208027503309,-0.10349366941582905,-9.626188057865193e-05,-0.006816603413717592,-0.0006273556841709382,-0.0727419005580201,-0.000287364831153214,-0.120456543385157,-0.00015081152473239712,-0.0015635701169078866,-0.00018486198793143951,0.006577062716573503,0.0055237548875793074,0.052854909337832184,0.00017155108231845016
86,0.1619542121887207,0.11020798683166504,0.31428203954123174,0.5178635291124947,5,sqrt,,0,5,10,50,"{'n_estimators': 50, 'min_samples_split': 10, 'min_samples_leaf': 5, 'min_impurity_decrease': 0, 'max_leaf_nodes': None, 'max_features': 'sqrt', 'max_depth': 5}",32,0.2547940412328288,0.5535348852204103,0.3154971629307556,0.5007662453838245,0.42398801358155674,0.5577842474722702,0.2058718869836987,0.528945762206301,0.43908346005409743,0.579258286453272,0.32389271728000113,0.47042037355724825,0.3434516399198838,0.5258003753522043,0.08708088060421937,0.4611785257763475,0.36247301229829054,0.5406509968516041,0.3937232550234022,0.4602955928514651,0.010626913798491107,0.0021666766927489795,0.10143632506539178,0.040510406987490664
87,0.1263169527053833,0.10940959453582763,0.6209738257330837,0.9127455196809793,5,auto,50,0,2,2,10,"{'n_estimators': 10, 'min_samples_split': 2, 'min_samples_leaf': 2, 'min_impurity_decrease': 0, 'max_leaf_nodes': 50, 'max_features': 'auto', 'max_depth': 5}",4,0.5617632319075067,0.9154138335733507,0.7500390944185746,0.9145838273106318,0.6279173931876278,0.9019422751948815,0.6558491106964467,0.9095618442563371,0.7432443644191422,0.915964594970871,0.5108716033209124,0.9171840700285903,0.7852392988212096,0.9109978862468536,0.21745079187510685,0.915362297172448,0.5966111389147266,0.9154721748225672,0.760994436653145,0.9109723932332615,0.006029026260862686,0.0029610936673892907,0.16013777316580272,0.004334613041971319
88,0.1280376434326172,0.10953962802886963,-0.06197159824497854,-0.0002329970316873764,10,auto,50,0.4,5,10,10,"{'n_estimators': 10, 'min_samples_split': 10, 'min_samples_leaf': 5, 'min_impurity_decrease': 0.4, 'max_leaf_nodes': 50, 'max_features': 'auto', 'max_depth': 10}",94,-0.04308211087126401,-9.173729523359597e-06,-0.16505458924435046,-0.00038515352698542676,-0.01766392738737088,-5.18078273836764e-07,-0.07374715900234041,-1.8502820577914747e-06,-0.002092992434872487,-2.2391322599180086e-05,-0.11962889664015153,-0.00016352734597058216,-0.008672083571094502,-0.001231383321544044,-0.05660443318986786,-0.0002622219995931374,-0.12376368541878625,-5.702376780658547e-05,-0.0015968593357411631,-0.0001967269425198204,0.006826067182341259,0.0031009893023608306,0.05524356786385097,0.0003549388604708753
89,0.165916109085083,0.10882306098937988,0.47964216298967627,0.7016738562384063,10,sqrt,,0,2,5,50,"{'n_estimators': 50, 'min_samples_split': 5, 'min_samples_leaf': 2, 'min_impurity_decrease': 0, 'max_leaf_nodes': None, 'max_features': 'sqrt', 'max_depth': 10}",18,0.3349874970840342,0.7076879989966219,0.5698423101714895,0.7540716841459606,0.6088650349176692,0.6678273533574173,0.3404778012488342,0.6834277859010663,0.5868089109509995,0.721108933760815,0.44529395442401787,0.696567380793382,0.593271510249957,0.7410293954080205,0.22868665440776492,0.6541363273262715,0.544269763785022,0.7158141853140638,0.5477089307200701,0.6750675173804435,0.013646532633226797,0.0015398251223117765,0.12731476969364275,0.030627645591103175
90,0.2010962724685669,0.10916945934295655,-0.059837826836975576,-2.1475368681667105e-05,,sqrt,,0.4,5,2,100,"{'n_estimators': 100, 'min_samples_split': 2, 'min_samples_leaf': 5, 'min_impurity_decrease': 0.4, 'max_leaf_nodes': None, 'max_features': 'sqrt', 'max_depth': None}",69,-0.04698156357385552,-2.3471355608428723e-05,-0.14350243737308777,-3.887108216882318e-05,-0.016131252669591367,-2.7818843630456058e-05,-0.07336158660292624,-4.086120266144633e-06,-0.0017876992560510452,-7.146412285186088e-05,-0.11368242768169858,-2.1600933299170677e-05,-0.0036463782028060003,-1.5648778713739375e-05,-0.06364244422571397,-1.4973508197790864e-06,-0.12767311195421827,-4.1689503191832955e-06,-0.0008237452102497489,-6.1261491390851575e-06,0.01579244559488572,0.002417156931085072,0.05183107147134444,2.0288648949180657e-05
91,0.12355268001556396,0.1113325834274292,0.26693965872024683,0.4479971252263703,3,sqrt,20,0,5,5,10,"{'n_estimators': 10, 'min_samples_split': 5, 'min_samples_leaf': 5, 'min_impurity_decrease': 0, 'max_leaf_nodes': 20, 'max_features': 'sqrt', 'max_depth': 3}",34,0.1802745075321711,0.44986858296099785,0.21383505456103302,0.40060406114726044,0.21881779745082927,0.42293835675073743,0.22008069120835505,0.4902485151617406,0.21216291427869993,0.45439766671329834,0.3504627628693415,0.521318403139291,0.29830113856347973,0.4652179135817097,0.3003620206655079,0.459401529573728,0.24435644743870377,0.39715994277949973,0.43034108382367914,0.41881628045544,0.0027485278563557755,0.002990531031536645,0.07379517598396079,0.037339336152017746
92,0.21178617477416992,0.10888869762420654,-0.05965858747113535,-2.022609002150233e-05,5,sqrt,50,0.1,5,2,100,"{'n_estimators': 100, 'min_samples_split': 2, 'min_samples_leaf': 5, 'min_impurity_decrease': 0.1, 'max_leaf_nodes': 50, 'max_features': 'sqrt', 'max_depth': 5}",66,-0.04723605190875002,-2.859040491953735e-05,-0.14965524812751152,-1.7827005633908044e-06,-0.0182494161406066,-8.646620256680393e-06,-0.07424690418170687,-2.559080030106742e-07,-0.002528726994688535,-1.8803489210128532e-08,-0.10388849891130182,-8.534223264544671e-05,-0.002538594425935514,-3.08589881981014e-05,-0.062032374955601766,-2.0903981786224435e-05,-0.12777795915946322,-3.5918141261248593e-06,-0.0009540908902709866,-2.226944622729654e-05,0.01438669322094363,0.002886693634976787,0.05185700058169201,2.446600013804688e-05
93,0.156006383895874,0.10958495140075683,0.2479974394115501,0.39624557508954766,5,sqrt,5,0,2,5,50,"{'n_estimators': 50, 'min_samples_split': 5, 'min_samples_leaf': 2, 'min_impurity_decrease': 0, 'max_leaf_nodes': 5, 'max_features': 'sqrt', 'max_depth': 5}",36,0.18916969451031873,0.4230215148663218,0.20210668077346816,0.3975780997741666,0.286067778173247,0.399346317496046,0.24304150140586678,0.43805723546233466,0.30591287639207254,0.4393588725126391,0.27216044689235397,0.3753693705650729,0.26245732981521375,0.41324444487372114,0.14315546857309935,0.3518727423609405,0.251648926885753,0.3784269701056612,0.3290567232760665,0.3461801828785725,0.00963620336184985,0.0033768603595584284,0.053506064475870384,0.03138962326743622
94,0.1650827169418335,0.10905804634094238,-0.05990064595017168,-3.108612761657525e-05,10,sqrt,,0.4,1,10,50,"{'n_estimators': 50, 'min_samples_split': 10, 'min_samples_leaf': 1, 'min_impurity_decrease': 0.4, 'max_leaf_nodes': None, 'max_features': 'sqrt', 'max_depth': 10}",71,-0.045945461510991326,-7.75969697852652e-06,-0.14301556786703262,-4.679290975229122e-05,-0.014676508221961537,-0.0001261872268332187,-0.07146472901932732,-2.8086517988468174e-05,-0.0023496654821593133,-3.270990418080544e-06,-0.11476616028176957,-3.7782984810164066e-05,-0.003934396158004061,-3.820204497628765e-05,-0.06609735764836744,-1.4449644623493187e-05,-0.12890567195460112,-1.0386329241107717e-07,-0.0008458761858822772,-8.225396492811399e-06,0.007286683608508029,0.0038162351327676934,0.05206630677267756,3.5316418889183274e-05
95,0.14389526844024658,0.10918333530426025,0.6029474985712668,0.8226945902726867,3,auto,20,0,3,2,25,"{'n_estimators': 25, 'min_samples_split': 2, 'min_samples_leaf': 3, 'min_impurity_decrease': 0, 'max_leaf_nodes': 20, 'max_features': 'auto', 'max_depth': 3}",7,0.5413767843456122,0.82593588955818,0.6208639697476357,0.8141432948033691,0.574392140953824,0.819567205749507,0.5814447865817369,0.8230646676118246,0.6831528452912128,0.8130373727006812,0.6955491124560844,0.8351649994528191,0.6659378876551256,0.8233586705191948,0.2998603533140849,0.8323466615254266,0.6384261618061593,0.8173953962574457,0.7320029838660779,0.8229317445484183,0.013940620747363497,0.0039682920495939375,0.11532766305948963,0.006812211859674453
96,0.1299999713897705,0.10872364044189453,0.5647242920827737,0.8035876938469609,3,auto,20,0,5,10,10,"{'n_estimators': 10, 'min_samples_split': 10, 'min_samples_leaf': 5, 'min_impurity_decrease': 0, 'max_leaf_nodes': 20, 'max_features': 'auto', 'max_depth': 3}",12,0.3275286933445428,0.8068153720889721,0.5980042952932095,0.7855365397875141,0.46104246419253636,0.7913199161684559,0.6161655075166033,0.7875317246676361,0.7010157000605607,0.804525754275652,0.5430052219777565,0.8216796429284047,0.6917110490400604,0.7975595889322982,0.2512667078148795,0.8253820126157722,0.6859880624359764,0.8114945013300054,0.7784173948626363,0.8040318856748984,0.0063956180788143305,0.0032234679643761152,0.16244633476991927,0.012832764528793448
97,0.13377201557159424,0.1093862771987915,-0.060488611854438136,-3.041497538747162e-05,3,auto,50,0.1,1,2,25,"{'n_estimators': 25, 'min_samples_split': 2, 'min_samples_leaf': 1, 'min_impurity_decrease': 0.1, 'max_leaf_nodes': 50, 'max_features': 'auto', 'max_depth': 3}",78,-0.04550486791279895,-3.6213249523520115e-06,-0.1536413209033125,-3.790179896290269e-05,-0.020548084354706786,-0.00012842228623921592,-0.07593295347705054,-5.548979145286737e-06,-0.0025830282124683634,-5.090217440884004e-07,-0.10428106279969396,-7.515548401348937e-05,-0.003640858973962713,-1.530668232918586e-05,-0.06415184227918713,-2.997069947774378e-08,-0.126546927675959,-1.3105786826450583e-05,-0.0004604647932588968,-2.454841896226689e-05,0.006648402910329751,0.0037353085187900336,0.05231343344746284,3.92164706185887e-05
98,0.16375856399536132,0.10997233390808106,0.3727867887063745,0.5935550174746909,10,sqrt,20,0,5,5,50,"{'n_estimators': 50, 'min_samples_split': 5, 'min_samples_leaf': 5, 'min_impurity_decrease': 0, 'max_leaf_nodes': 20, 'max_features': 'sqrt', 'max_depth': 10}",25,0.16199181585557676,0.599952854960086,0.4567733114567935,0.6305733289276065,0.4572519708401206,0.554266831769115,0.2854123023777897,0.5806781000281143,0.48104254357535886,0.6318991914492724,0.4224910061593045,0.5790771924051397,0.4395033385386663,0.6152810009123332,0.17399519800110042,0.5944279634746616,0.4071041769984096,0.5863503339390836,0.4483628067448397,0.5630433768814962,0.00939945116643909,0.0033029054919719815,0.1145133199031467,0.025012387751676114
99,0.14206337928771973,0.10853023529052734,-0.06216457713254285,-6.573737587596273e-05,,auto,5,0.1,5,5,25,"{'n_estimators': 25, 'min_samples_split': 5, 'min_samples_leaf': 5, 'min_impurity_decrease': 0.1, 'max_leaf_nodes': 5, 'max_features': 'auto', 'max_depth': None}",96,-0.05303472951186672,-0.00027045335644637625,-0.14885558898729445,-1.2979161168047426e-07,-0.017611944801688484,-2.712759188394642e-07,-0.07518297416443231,-1.1810350126761904e-06,-0.0031746283962963417,-4.405723589351318e-05,-0.11236557608338106,-7.932423797374355e-06,-0.0018186256517782608,-0.00016680086194242882,-0.06299198503297143,-6.611324845140487e-06,-0.1383897139290977,-0.0001598402959548384,-0.0006752695068663606,-9.615733675971683e-08,0.007533189453869062,0.0017370329699263286,0.05394234768567236,9.238593368187013e-05
