,Ag Loading,Atomic Number_mad,Atomic Number_mean,Atomic Volume_wtavg,Atomic Weight_wtavg,Au Loading,Ba Loading,Bi Loading,Boiling Temperature_wtavg,Ca Loading,Cd Loading,Co Loading,Conductivity_wtavg,Covalent Radius_wtavg,Cr Loading,Cu Loading,Density_wtavg,Dipole Polarizability_wtavg,Eighth Ionization Energy_wtavg,Electron Affinity_wtavg,Electronegativity_wtavg,Fe Loading,Fifth Ionization Energy_wtavg,First Ionization Energy_wtavg,Fourth Ionization Energy_wtavg,Fusion Enthalpy_wtavg,GS Bandgap_wtavg,GS Energy_wtavg,Heat Capacity (Mass)_wtavg,Heat Capacity (Molar)_wtavg,Heat Fusion_wtavg,Hf Loading,In Loading,Ir Loading,IsAlkali_mad,IsAlkali_mean,IsDBlock_mad,IsDBlock_mean,IsFBlock_mad,IsFBlock_mean,IsMetal_mad,IsMetal_mean,IsMetalloid_mad,IsMetalloid_mean,IsNonmetal_mad,IsNonmetal_mean,K Loading,Melting Temperature_wtavg,Mendeleev Number_mad,Mendeleev Number_mean,Mg Loading,Mn Loading,Mo Loading,Nb Loading,Ni Loading,Number Unfilled Electrons_mad,Number Unfilled Electrons_mean,Number Valence Electrons_mad,Number Valence Electrons_mean,Number d-shell Unfilled Electrons_mad,Number d-shell Unfilled Electrons_mean,Number d-shell Valance Electrons_mad,Number d-shell Valance Electrons_mean,Number f-shell Unfilled Electrons_mad,Number f-shell Unfilled Electrons_mean,Number f-shell Valance Electrons_mad,Number f-shell Valance Electrons_mean,Number p-shell Unfilled Electrons_mad,Number p-shell Unfilled Electrons_mean,Number p-shell Valance Electrons_mad,Number p-shell Valance Electrons_mean,Number s-shell Unfilled Electrons_mad,Number s-shell Unfilled Electrons_mean,Number s-shell Valance Electrons_mad,Number s-shell Valance Electrons_mean,Os Loading,Pb Loading,Pd Loading,Periodic Table Column_mad,Periodic Table Column_mean,Periodic Table Row_mad,Periodic Table Row_mean,Polarizability_wtavg,Pt Loading,Re Loading,Rh Loading,Ru Loading,Sc Loading,Second Ionization Energy_wtavg,Seventh Ionization Energy_wtavg,Sixth Ionization Energy_wtavg,Sn Loading,Sr Loading,Third Ionization Energy_wtavg,Ti Loading,V Loading,W Loading,Y Loading,Zn Loading,Zr Loading,Zunger Pseudopotential (d)_mad,Zunger Pseudopotential (d)_mean,Zunger Pseudopotential (p)_mad,Zunger Pseudopotential (p)_mean,Zunger Pseudopotential (pi)_mad,Zunger Pseudopotential (pi)_mean,Zunger Pseudopotential (s)_mad,Zunger Pseudopotential (s)_mean,Zunger Pseudopotential (sigma)_mad,Zunger Pseudopotential (sigma)_mean,ammonia_concentration,n_elements,phi_mad,phi_mean,reactor_number,space_velocity,temperature,Predictions
Predict_0,0.0,12.666666666666666,25.0,61.20287792515152,37.38997575757576,0.0,0.0,0.0,1215.0,0.0,0.0,0.0,115.9090909090909,186.24242424242425,0.0,0.0,1418.7272727272727,34.34101010181818,177.1151515151515,38.269696969696966,0.9806060606060606,0.0,94.36363636363636,5.2335242181818185,70.78678787878788,4.923333333333333,0.0,-1.4507201564242425,0.8057575757575757,28.285212121212123,4.923333333333333,0.0,0.0,0.0,0.4444444444444445,0.6666666666666666,0.4444444444444444,0.3333333333333333,0.0,0.0,0.0,1.0,0.0,0.0,0.0,0.0,0.12,547.5066666666667,26.222222222222218,42.333333333333336,0.04,0.0,0.0,0.0,0.0,1.5555555555555556,1.6666666666666667,2.888888888888889,3.6666666666666665,1.3333333333333333,1.0,3.111111111111111,2.3333333333333335,0.0,0.0,0.0,0.0,0.0,0.0,0.0,0.0,0.4444444444444445,0.6666666666666666,0.4444444444444444,1.3333333333333333,0.0,0.0,0.0,2.888888888888889,3.6666666666666665,0.6666666666666666,4.0,34.34101010181818,0.0,0.0,0.0,0.005,0.0,27.15642909090909,140.04848484848486,117.56606060606062,0.0,0.0,53.604957575757574,0.0,0.0,0.0,0.0,0.0,0.0,0.04000000000000001,0.41000000000000003,0.38000000000000006,1.58,0.15,0.385,0.23,1.195,0.61,2.775,1.0,3.0,1.1333333333333335,3.7000000000000006,1.0,2000.0,300.0,0.38782822357999996
Predict_1,0.0,12.666666666666666,25.0,66.44157928034484,39.1948,0.0,0.0,0.0,1194.5862068965516,0.0,0.0,0.0,110.37931034482759,192.48275862068965,0.0,0.0,1374.6896551724137,37.59264367862069,164.86068965517242,43.54827586206896,0.9351724137931035,0.0,87.89379310344827,4.900736524137932,65.47937931034483,4.432758620689656,0.0,-1.4380922731724137,0.7757931034482758,28.756413793103455,4.432758620689656,0.0,0.0,0.0,0.4444444444444445,0.6666666666666666,0.4444444444444444,0.3333333333333333,0.0,0.0,0.0,1.0,0.0,0.0,0.0,0.0,0.12,495.71448275862065,26.222222222222218,42.333333333333336,0.02,0.0,0.0,0.0,0.0,1.5555555555555556,1.6666666666666667,2.888888888888889,3.6666666666666665,1.3333333333333333,1.0,3.111111111111111,2.3333333333333335,0.0,0.0,0.0,0.0,0.0,0.0,0.0,0.0,0.4444444444444445,0.6666666666666666,0.4444444444444444,1.3333333333333333,0.0,0.0,0.0,2.888888888888889,3.6666666666666665,0.6666666666666666,4.0,37.59264367862069,0.0,0.0,0.0,0.005,0.0,28.828313103448274,128.32827586206898,108.02206896551725,0.0,0.0,49.94444137931035,0.0,0.0,0.0,0.0,0.0,0.0,0.04000000000000001,0.41000000000000003,0.38000000000000006,1.58,0.15,0.385,0.23,1.195,0.61,2.775,1.0,3.0,1.1333333333333335,3.7000000000000006,1.0,2000.0,300.0,0.39740620500000007
Predict_2,0.0,10.888888888888891,27.666666666666668,65.98224621606062,41.21373333333334,0.0,0.0,0.0,1310.5151515151515,0.04,0.0,0.0,126.81818181818181,194.72727272727272,0.0,0.0,1373.1515151515152,37.96929292848485,148.33454545454546,38.844242424242424,0.9054545454545454,0.0,80.60121212121213,4.861869672727273,60.60606060606061,4.9378787878787875,0.0,-1.5491582788484848,0.7146060606060606,28.54218181818182,4.9378787878787875,0.0,0.0,0.0,0.4444444444444445,0.6666666666666666,0.4444444444444444,0.3333333333333333,0.0,0.0,0.0,1.0,0.0,0.0,0.0,0.0,0.12,594.0521212121213,22.666666666666668,22.0,0.0,0.0,0.0,0.0,0.0,1.5555555555555556,1.6666666666666667,2.888888888888889,3.6666666666666665,1.3333333333333333,1.0,3.111111111111111,2.3333333333333335,0.0,0.0,0.0,0.0,0.0,0.0,0.0,0.0,0.4444444444444445,0.6666666666666666,0.4444444444444444,1.3333333333333333,0.0,0.0,0.0,2.888888888888889,3.6666666666666665,0.44444444444444436,4.333333333333333,37.96929292848485,0.0,0.0,0.0,0.005,0.0,26.389507878787878,116.33454545454545,98.66181818181819,0.0,0.0,46.51875151515152,0.0,0.0,0.0,0.0,0.0,0.0,0.04222222222222224,0.3866666666666667,0.25777777777777766,1.763333333333333,0.12111111111111113,0.4283333333333334,0.13666666666666663,1.335,0.3944444444444444,3.098333333333333,1.0,3.0,1.3333333333333333,3.4,1.0,2000.0,300.0,0.28685825316
Predict_3,0.0,10.888888888888891,27.666666666666668,69.16087503206897,41.370386206896555,0.0,0.0,0.0,1248.9310344827586,0.02,0.0,0.0,116.58620689655173,197.31034482758622,0.0,0.0,1348.7586206896551,39.65701149379311,148.4855172413793,43.8751724137931,0.8924137931034483,0.0,80.06344827586207,4.689277903448277,59.68689655172413,4.441034482758621,0.0,-1.494100170413793,0.7239310344827586,28.902620689655176,4.441034482758621,0.0,0.0,0.0,0.4444444444444445,0.6666666666666666,0.4444444444444444,0.3333333333333333,0.0,0.0,0.0,1.0,0.0,0.0,0.0,0.0,0.12,522.1972413793103,22.666666666666668,22.0,0.0,0.0,0.0,0.0,0.0,1.5555555555555556,1.6666666666666667,2.888888888888889,3.6666666666666665,1.3333333333333333,1.0,3.111111111111111,2.3333333333333335,0.0,0.0,0.0,0.0,0.0,0.0,0.0,0.0,0.4444444444444445,0.6666666666666666,0.4444444444444444,1.3333333333333333,0.0,0.0,0.0,2.888888888888889,3.6666666666666665,0.44444444444444436,4.333333333333333,39.65701149379311,0.0,0.0,0.0,0.005,0.0,28.391961379310345,114.83586206896553,97.26620689655174,0.0,0.0,45.91263448275862,0.0,0.0,0.0,0.0,0.0,0.0,0.04222222222222224,0.3866666666666667,0.25777777777777766,1.763333333333333,0.12111111111111113,0.4283333333333334,0.13666666666666663,1.335,0.3944444444444444,3.098333333333333,1.0,3.0,1.3333333333333333,3.4,1.0,2000.0,300.0,0.31034674158000003
Predict_4,0.0,10.666666666666666,28.0,61.636094366363636,42.396257454545456,0.0,0.0,0.0,1636.8181818181818,0.0,0.0,0.0,81.92121212121212,193.27272727272728,0.0,0.0,1721.030303030303,36.04606060606061,150.96727272727273,42.65757575757575,0.9927272727272729,0.0,82.33454545454545,4.970555733333334,62.11379393939394,6.285757575757575,0.0,-2.600596709151515,0.6954545454545454,28.443030303030305,6.285757575757575,0.0,0.0,0.0,0.4444444444444445,0.3333333333333333,0.4444444444444445,0.6666666666666666,0.0,0.0,0.0,1.0,0.0,0.0,0.0,0.0,0.12,763.5066666666667,21.777777777777775,23.333333333333332,0.0,0.0,0.0,0.0,0.0,2.8888888888888893,4.666666666666667,2.6666666666666665,4.0,3.3333333333333335,4.0,2.888888888888889,2.6666666666666665,0.0,0.0,0.0,0.0,0.0,0.0,0.0,0.0,0.4444444444444445,0.6666666666666666,0.4444444444444444,1.3333333333333333,0.0,0.0,0.0,2.6666666666666665,4.0,0.44444444444444436,4.333333333333333,36.04606060606061,0.0,0.0,0.0,0.005,0.04,26.6144896969697,118.95272727272727,99.12242424242426,0.0,0.0,40.17779636363636,0.0,0.0,0.0,0.0,0.0,0.0,0.04888888888888889,0.37666666666666665,0.29111111111111115,1.7133333333333336,0.1322222222222222,0.4116666666666666,0.15888888888888894,1.3016666666666667,0.45,3.015,1.0,3.0,1.1777777777777778,3.6333333333333333,1.0,2000.0,300.0,0.37673243478
Predict_5,0.0,10.666666666666666,28.0,66.68806449689656,42.04320165517242,0.0,0.0,0.0,1434.5862068965516,0.0,0.0,0.0,91.04137931034482,196.48275862068965,0.0,0.0,1546.6896551724137,38.56275862068965,149.98344827586206,46.04482758620689,0.9420689655172414,0.0,81.0496551724138,4.751116524137931,60.5447448275862,5.207931034482758,0.0,-2.092332380758621,0.7130344827586206,28.846206896551728,5.207931034482758,0.0,0.0,0.0,0.4444444444444445,0.3333333333333333,0.4444444444444445,0.6666666666666666,0.0,0.0,0.0,1.0,0.0,0.0,0.0,0.0,0.12,618.6110344827587,21.777777777777775,23.333333333333332,0.0,0.0,0.0,0.0,0.0,2.8888888888888893,4.666666666666667,2.6666666666666665,4.0,3.3333333333333335,4.0,2.888888888888889,2.6666666666666665,0.0,0.0,0.0,0.0,0.0,0.0,0.0,0.0,0.4444444444444445,0.6666666666666666,0.4444444444444444,1.3333333333333333,0.0,0.0,0.0,2.6666666666666665,4.0,0.44444444444444436,4.333333333333333,38.56275862068965,0.0,0.0,0.0,0.005,0.02,28.51996827586207,116.32551724137932,97.52827586206898,0.0,0.0,42.30484965517242,0.0,0.0,0.0,0.0,0.0,0.0,0.04888888888888889,0.37666666666666665,0.29111111111111115,1.7133333333333336,0.1322222222222222,0.4116666666666666,0.15888888888888894,1.3016666666666667,0.45,3.015,1.0,3.0,1.1777777777777778,3.6333333333333333,1.0,2000.0,300.0,0.35906146092
Predict_6,0.0,10.444444444444445,28.333333333333332,59.84870193969698,43.101975757575765,0.0,0.0,0.0,1747.6060606060605,0.0,0.0,0.0,82.16363636363637,190.84848484848484,0.0,0.0,2090.0,35.27030303030303,153.9490909090909,40.11212121212121,1.0363636363636364,0.0,84.18909090909091,5.035193309090909,54.7872,6.297878787878788,0.0,-2.9617395043030306,0.6847878787878787,28.331515151515152,6.297878787878788,0.0,0.0,0.0,0.4444444444444445,0.3333333333333333,0.4444444444444445,0.6666666666666666,0.0,0.0,0.0,1.0,0.0,0.0,0.0,0.0,0.12,794.2945454545455,20.666666666666668,34.0,0.0,0.0,0.0,0.0,0.0,2.444444444444444,4.333333333333333,2.444444444444444,4.333333333333333,2.888888888888889,3.6666666666666665,2.6666666666666665,3.0,0.0,0.0,0.0,0.0,0.0,0.0,0.0,0.0,0.4444444444444445,0.6666666666666666,0.4444444444444444,1.3333333333333333,0.0,0.0,0.0,2.444444444444444,4.333333333333333,0.44444444444444436,4.333333333333333,35.27030303030303,0.0,0.0,0.0,0.005,0.0,26.802545454545456,119.63151515151516,101.26787878787879,0.0,0.0,40.84083636363637,0.04,0.0,0.0,0.0,0.0,0.0,0.05777777777777776,0.3666666666666667,0.31333333333333324,1.6799999999999997,0.13888888888888887,0.40166666666666667,0.17444444444444449,1.2783333333333333,0.4877777777777778,2.9583333333333335,1.0,3.0,1.0555555555555556,3.8166666666666664,1.0,2000.0,300.0,0.33919884882000007
Predict_7,0.0,10.444444444444445,28.333333333333332,65.67109984034484,42.444731034482764,0.0,0.0,0.0,1497.6206896551723,0.0,0.0,0.0,91.17931034482758,195.10344827586206,0.0,0.0,1756.6206896551723,38.12137931034483,151.68,44.59655172413793,0.9668965517241379,0.0,82.1048275862069,4.787893075862069,56.376165517241375,5.214827586206896,0.0,-2.297810178,0.7069655172413792,28.782758620689656,5.214827586206896,0.0,0.0,0.0,0.4444444444444445,0.3333333333333333,0.4444444444444445,0.6666666666666666,0.0,0.0,0.0,1.0,0.0,0.0,0.0,0.0,0.12,636.128275862069,20.666666666666668,34.0,0.0,0.0,0.0,0.0,0.0,2.444444444444444,4.333333333333333,2.444444444444444,4.333333333333333,2.888888888888889,3.6666666666666665,2.6666666666666665,3.0,0.0,0.0,0.0,0.0,0.0,0.0,0.0,0.0,0.4444444444444445,0.6666666666666666,0.4444444444444444,1.3333333333333333,0.0,0.0,0.0,2.444444444444444,4.333333333333333,0.44444444444444436,4.333333333333333,38.12137931034483,0.0,0.0,0.0,0.005,0.0,28.62696551724138,116.71172413793104,98.74896551724139,0.0,0.0,42.682096551724136,0.02,0.0,0.0,0.0,0.0,0.0,0.05777777777777776,0.3666666666666667,0.31333333333333324,1.6799999999999997,0.13888888888888887,0.40166666666666667,0.17444444444444449,1.2783333333333333,0.4877777777777778,2.9583333333333335,1.0,3.0,1.0555555555555556,3.8166666666666664,1.0,2000.0,300.0,0.35468886648000003
Predict_8,0.0,10.222222222222223,28.666666666666668,58.92957007545455,43.8473090909091,0.0,0.0,0.0,1776.6969696969697,0.0,0.0,0.0,85.53333333333333,189.15151515151516,0.0,0.0,2478.6060606060605,34.736969696969695,154.67636363636362,50.53636363636363,1.0581818181818183,0.0,75.94223030303031,5.015331490909091,55.621575757575755,8.07969696969697,0.0,-3.243929460666666,0.6763030303030302,28.290303030303036,8.07969696969697,0.0,0.0,0.0,0.4444444444444445,0.3333333333333333,0.4444444444444445,0.6666666666666666,0.0,0.0,0.0,1.0,0.0,0.0,0.0,0.0,0.12,852.9612121212122,21.333333333333332,35.0,0.0,0.0,0.0,0.0,0.0,2.0,4.0,2.444444444444444,4.666666666666667,2.4444444444444446,3.3333333333333335,2.4444444444444446,3.3333333333333335,0.0,0.0,0.0,0.0,0.0,0.0,0.0,0.0,0.4444444444444445,0.6666666666666666,0.4444444444444444,1.3333333333333333,0.0,0.0,0.0,2.444444444444444,4.666666666666667,0.44444444444444436,4.333333333333333,34.736969696969695,0.0,0.0,0.0,0.005,0.0,27.05527272727273,122.00727272727272,103.35272727272728,0.0,0.0,41.28187878787879,0.0,0.04,0.0,0.0,0.0,0.0,0.06666666666666665,0.36000000000000004,0.3333333333333332,1.6499999999999997,0.14555555555555552,0.3916666666666666,0.18777777777777782,1.2583333333333335,0.521111111111111,2.908333333333333,1.0,3.0,1.1444444444444446,3.966666666666667,1.0,2000.0,300.0,0.49568305977999993
Predict_9,0.0,10.222222222222223,28.666666666666668,65.14814550379312,42.86880000000001,0.0,0.0,0.0,1514.1724137931035,0.0,0.0,0.0,93.09655172413794,194.13793103448276,0.0,0.0,1977.7241379310344,37.81793103448276,152.0937931034483,50.52758620689655,0.9793103448275862,0.0,77.41264827586207,4.776592386206897,56.850896551724134,6.228620689655172,0.0,-2.458366532482758,0.7021379310344827,28.75931034482759,6.228620689655172,0.0,0.0,0.0,0.4444444444444445,0.3333333333333333,0.4444444444444445,0.6666666666666666,0.0,0.0,0.0,1.0,0.0,0.0,0.0,0.0,0.12,669.5075862068966,21.333333333333332,35.0,0.0,0.0,0.0,0.0,0.0,2.0,4.0,2.444444444444444,4.666666666666667,2.4444444444444446,3.3333333333333335,2.4444444444444446,3.3333333333333335,0.0,0.0,0.0,0.0,0.0,0.0,0.0,0.0,0.4444444444444445,0.6666666666666666,0.4444444444444444,1.3333333333333333,0.0,0.0,0.0,2.444444444444444,4.666666666666667,0.44444444444444436,4.333333333333333,37.81793103448276,0.0,0.0,0.0,0.005,0.0,28.770758620689655,118.06344827586207,99.93517241379311,0.0,0.0,42.93303448275862,0.0,0.02,0.0,0.0,0.0,0.0,0.06666666666666665,0.36000000000000004,0.3333333333333332,1.6499999999999997,0.14555555555555552,0.3916666666666666,0.18777777777777782,1.2583333333333335,0.521111111111111,2.908333333333333,1.0,3.0,1.1444444444444446,3.966666666666667,1.0,2000.0,300.0,0.34757369576
Predict_10,0.0,10.0,29.0,58.504852317878786,44.1029696969697,0.0,0.0,0.0,1598.2727272727273,0.0,0.0,0.0,101.48484848484848,185.75757575757575,0.04,0.0,2728.3030303030305,34.54303030303031,157.41575757575757,53.85757575757575,1.0654545454545454,0.0,76.95515151515151,5.020257551515152,56.21575757575757,7.958484848484848,0.0,-3.3812520909696966,0.6666060606060605,27.9169696969697,7.958484848484848,0.0,0.0,0.0,0.4444444444444445,0.3333333333333333,0.4444444444444445,0.6666666666666666,0.0,0.0,0.0,1.0,0.0,0.0,0.0,0.0,0.12,852.2339393939394,22.0,36.0,0.0,0.0,0.0,0.0,0.0,1.777777777777778,3.6666666666666665,2.6666666666666665,5.0,1.777777777777778,2.6666666666666665,2.6666666666666665,4.0,0.0,0.0,0.0,0.0,0.0,0.0,0.0,0.0,0.0,1.0,0.0,1.0,0.0,0.0,0.0,2.6666666666666665,5.0,0.44444444444444436,4.333333333333333,34.54303030303031,0.0,0.0,0.0,0.005,0.0,27.508048484848484,124.32969696969697,94.26300606060607,0.0,0.0,41.681636363636365,0.0,0.0,0.0,0.0,0.0,0.0,0.07111111111111112,0.35666666666666663,0.32666666666666666,1.6600000000000001,0.13444444444444445,0.4083333333333334,0.1922222222222222,1.2516666666666667,0.5188888888888888,2.9116666666666666,1.0,3.0,1.2333333333333334,4.1000000000000005,1.0,2000.0,300.0,0.30782959558
Predict_11,0.0,10.0,29.0,64.90649574517242,43.01426206896552,0.0,0.0,0.0,1412.655172413793,0.0,0.0,0.0,102.17241379310344,192.20689655172413,0.02,0.0,2119.793103448276,37.70758620689655,153.65241379310345,52.41724137931034,0.983448275862069,0.0,77.98896551724137,4.779395144827586,57.18896551724138,6.159655172413793,0.0,-2.5364983738620692,0.6966206896551723,28.546896551724142,6.159655172413793,0.0,0.0,0.0,0.4444444444444445,0.3333333333333333,0.4444444444444445,0.6666666666666666,0.0,0.0,0.0,1.0,0.0,0.0,0.0,0.0,0.12,669.0937931034483,22.0,36.0,0.0,0.0,0.0,0.0,0.0,1.777777777777778,3.6666666666666665,2.6666666666666665,5.0,1.777777777777778,2.6666666666666665,2.6666666666666665,4.0,0.0,0.0,0.0,0.0,0.0,0.0,0.0,0.0,0.0,1.0,0.0,1.0,0.0,0.0,0.0,2.6666666666666665,5.0,0.44444444444444436,4.333333333333333,37.70758620689655,0.0,0.0,0.0,0.005,0.0,29.028372413793104,119.3848275862069,94.76343448275864,0.0,0.0,43.16048275862069,0.0,0.0,0.0,0.0,0.0,0.0,0.07111111111111112,0.35666666666666663,0.32666666666666666,1.6600000000000001,0.13444444444444445,0.4083333333333334,0.1922222222222222,1.2516666666666667,0.5188888888888888,2.9116666666666666,1.0,3.0,1.2333333333333334,4.1000000000000005,1.0,2000.0,300.0,0.27004806496
Predict_12,0.0,9.777777777777777,29.333333333333332,58.53388674212122,44.81616848484848,0.0,0.0,0.0,1450.3939393939395,0.0,0.0,0.0,79.98424242424242,185.75757575757575,0.0,0.0,2808.3030303030305,34.00969696969697,159.79151515151514,38.269696969696966,1.0387878787878788,0.0,77.66787878787879,5.1820781575757575,56.71030303030303,5.997272727272727,0.0,-3.2636396570303035,0.6738787878787879,28.6369696969697,5.997272727272727,0.0,0.0,0.0,0.4444444444444445,0.3333333333333333,0.4444444444444445,0.6666666666666666,0.0,0.0,0.0,1.0,0.0,0.0,0.0,0.0,0.12,691.9915151515152,22.666666666666668,37.0,0.0,0.04,0.0,0.0,0.0,1.5555555555555554,3.3333333333333335,2.8888888888888893,5.333333333333333,1.777777777777778,2.6666666666666665,2.6666666666666665,4.0,0.0,0.0,0.0,0.0,0.0,0.0,0.0,0.0,0.4444444444444445,0.6666666666666666,0.4444444444444444,1.3333333333333333,0.0,0.0,0.0,2.8888888888888893,5.333333333333333,0.44444444444444436,4.333333333333333,34.00969696969697,0.0,0.0,0.0,0.005,0.0,27.303030303030305,114.39587878787879,95.46666666666668,0.0,0.0,42.33812121212121,0.0,0.0,0.0,0.0,0.0,0.0,0.07999999999999999,0.35000000000000003,0.35777777777777775,1.6133333333333333,0.14777777777777779,0.38833333333333336,0.20999999999999996,1.2249999999999999,0.5677777777777777,2.8383333333333334,1.0,3.0,1.1888888888888889,4.033333333333334,1.0,2000.0,300.0,0.22984656146
Predict_13,0.0,9.777777777777777,29.333333333333332,64.92301533137932,43.4200475862069,0.0,0.0,0.0,1328.5172413793102,0.0,0.0,0.0,89.93931034482758,192.20689655172413,0.0,0.0,2165.310344827586,37.404137931034484,155.00413793103448,43.54827586206896,0.9682758620689654,0.0,78.3944827586207,4.871465489655172,57.4703448275862,5.043793103448277,0.0,-2.4695809545517244,0.7007586206896551,28.956551724137935,5.043793103448277,0.0,0.0,0.0,0.4444444444444445,0.3333333333333333,0.4444444444444445,0.6666666666666666,0.0,0.0,0.0,1.0,0.0,0.0,0.0,0.0,0.12,577.9213793103448,22.666666666666668,37.0,0.0,0.02,0.0,0.0,0.0,1.5555555555555554,3.3333333333333335,2.8888888888888893,5.333333333333333,1.777777777777778,2.6666666666666665,2.6666666666666665,4.0,0.0,0.0,0.0,0.0,0.0,0.0,0.0,0.0,0.4444444444444445,0.6666666666666666,0.4444444444444444,1.3333333333333333,0.0,0.0,0.0,2.8888888888888893,5.333333333333333,0.44444444444444436,4.333333333333333,37.404137931034484,0.0,0.0,0.0,0.005,0.0,28.911724137931035,113.7328275862069,95.44827586206898,0.0,0.0,43.534000000000006,0.0,0.0,0.0,0.0,0.0,0.0,0.07999999999999999,0.35000000000000003,0.35777777777777775,1.6133333333333333,0.14777777777777779,0.38833333333333336,0.20999999999999996,1.2249999999999999,0.5677777777777777,2.8383333333333334,1.0,3.0,1.1888888888888889,4.033333333333334,1.0,2000.0,300.0,0.24286362271999998
Predict_14,0.0,9.555555555555555,29.666666666666668,58.42834989363637,45.03603636363636,0.0,0.0,0.0,1644.3333333333333,0.0,0.0,0.0,97.58181818181818,184.06060606060606,0.0,0.0,2906.242424242424,33.767272727272726,149.26060606060608,42.07575757575758,1.1066666666666665,0.04,78.29818181818182,5.295624824242425,57.5830303030303,6.215454545454545,0.0,-3.0854382291515146,0.6666060606060605,28.341212121212124,6.215454545454545,0.0,0.0,0.0,0.4444444444444445,0.3333333333333333,0.4444444444444445,0.6666666666666666,0.0,0.0,0.0,1.0,0.0,0.0,0.0,0.0,0.12,762.779393939394,23.333333333333332,38.0,0.0,0.0,0.0,0.0,0.0,1.3333333333333333,3.0,3.1111111111111107,5.666666666666667,1.5555555555555554,2.3333333333333335,2.8888888888888893,4.333333333333333,0.0,0.0,0.0,0.0,0.0,0.0,0.0,0.0,0.4444444444444445,0.6666666666666666,0.4444444444444444,1.3333333333333333,0.0,0.0,0.0,3.1111111111111107,5.666666666666667,0.44444444444444436,4.333333333333333,33.767272727272726,0.0,0.0,0.0,0.005,0.0,27.43580606060606,115.79636363636364,96.31515151515153,0.0,0.0,41.6069696969697,0.0,0.0,0.0,0.0,0.0,0.0,0.08444444444444443,0.3466666666666667,0.3733333333333333,1.5899999999999999,0.15444444444444447,0.37833333333333335,0.2188888888888889,1.2116666666666667,0.5922222222222221,2.8016666666666663,1.0,3.0,1.2955555555555556,4.193333333333333,1.0,2000.0,300.0,0.23576150996
Predict_15,0.0,9.555555555555555,29.666666666666668,64.86296850379311,43.54514482758621,0.0,0.0,0.0,1438.8620689655172,0.0,0.0,0.0,99.95172413793104,191.24137931034483,0.0,0.0,2221.0344827586205,37.26620689655172,149.01241379310343,45.71379310344827,1.006896551724138,0.02,78.75310344827587,4.936069627586208,57.96689655172413,5.167931034482759,0.0,-2.368190486965517,0.6966206896551723,28.78827586206897,5.167931034482759,0.0,0.0,0.0,0.4444444444444445,0.3333333333333333,0.4444444444444445,0.6666666666666666,0.0,0.0,0.0,1.0,0.0,0.0,0.0,0.0,0.12,618.1972413793104,23.333333333333332,38.0,0.0,0.0,0.0,0.0,0.0,1.3333333333333333,3.0,3.1111111111111107,5.666666666666667,1.5555555555555554,2.3333333333333335,2.8888888888888893,4.333333333333333,0.0,0.0,0.0,0.0,0.0,0.0,0.0,0.0,0.4444444444444445,0.6666666666666666,0.4444444444444444,1.3333333333333333,0.0,0.0,0.0,3.1111111111111107,5.666666666666667,0.44444444444444436,4.333333333333333,37.26620689655172,0.0,0.0,0.0,0.005,0.0,28.98726896551724,114.5296551724138,95.93103448275863,0.0,0.0,43.118,0.0,0.0,0.0,0.0,0.0,0.0,0.08444444444444443,0.3466666666666667,0.3733333333333333,1.5899999999999999,0.15444444444444447,0.37833333333333335,0.2188888888888889,1.2116666666666667,0.5922222222222221,2.8016666666666663,1.0,3.0,1.2955555555555556,4.193333333333333,1.0,2000.0,300.0,0.2458018758
Predict_16,0.0,9.333333333333334,30.0,58.23889430818182,45.7846896969697,0.0,0.0,0.0,1660.3333333333333,0.0,0.0,0.04,102.33333333333333,182.6060606060606,0.0,0.0,3154.969696969697,33.54909090909091,150.89454545454547,53.71212121212121,1.1187878787878789,0.0,79.38909090909091,5.29043936969697,56.73454545454545,6.794848484848485,0.0,-2.7932939346060603,0.6598181818181819,28.270909090909093,6.794848484848485,0.0,0.0,0.0,0.4444444444444445,0.3333333333333333,0.4444444444444445,0.6666666666666666,0.0,0.0,0.0,1.0,0.0,0.0,0.0,0.0,0.12,752.3551515151515,24.0,39.0,0.0,0.0,0.0,0.0,0.0,1.1111111111111112,2.6666666666666665,3.3333333333333335,6.0,1.3333333333333333,2.0,3.1111111111111107,4.666666666666667,0.0,0.0,0.0,0.0,0.0,0.0,0.0,0.0,0.4444444444444445,0.6666666666666666,0.4444444444444444,1.3333333333333333,0.0,0.0,0.0,3.3333333333333335,6.0,0.44444444444444436,4.333333333333333,33.54909090909091,0.0,0.0,0.0,0.005,0.0,27.65309090909091,116.74666666666667,97.01818181818183,0.0,0.0,42.29739393939394,0.0,0.0,0.0,0.0,0.0,0.0,0.0888888888888889,0.3433333333333333,0.38666666666666666,1.57,0.16111111111111112,0.36833333333333335,0.22555555555555554,1.2016666666666667,0.6122222222222221,2.7716666666666665,1.0,3.0,1.3333333333333333,4.25,1.0,2000.0,300.0,0.22680562356
Predict_17,0.0,9.333333333333334,30.0,64.7551748086207,43.971102758620695,0.0,0.0,0.0,1447.9655172413793,0.0,0.0,0.02,102.65517241379311,190.41379310344828,0.0,0.0,2362.551724137931,37.14206896551724,149.94206896551722,52.33448275862068,1.013793103448276,0.0,79.37379310344828,4.933119282758621,57.48413793103448,5.4975862068965515,0.0,-2.201970457310345,0.6927586206896552,28.74827586206897,5.4975862068965515,0.0,0.0,0.0,0.4444444444444445,0.3333333333333333,0.4444444444444445,0.6666666666666666,0.0,0.0,0.0,1.0,0.0,0.0,0.0,0.0,0.12,612.2662068965518,24.0,39.0,0.0,0.0,0.0,0.0,0.0,1.1111111111111112,2.6666666666666665,3.3333333333333335,6.0,1.3333333333333333,2.0,3.1111111111111107,4.666666666666667,0.0,0.0,0.0,0.0,0.0,0.0,0.0,0.0,0.4444444444444445,0.6666666666666666,0.4444444444444444,1.3333333333333333,0.0,0.0,0.0,3.3333333333333335,6.0,0.44444444444444436,4.333333333333333,37.14206896551724,0.0,0.0,0.0,0.005,0.0,29.11089655172414,115.07034482758621,96.33103448275864,0.0,0.0,43.5108275862069,0.0,0.0,0.0,0.0,0.0,0.0,0.0888888888888889,0.3433333333333333,0.38666666666666666,1.57,0.16111111111111112,0.36833333333333335,0.22555555555555554,1.2016666666666667,0.6122222222222221,2.7716666666666665,1.0,3.0,1.3333333333333333,4.25,1.0,2000.0,300.0,0.24211064346
Predict_18,0.0,9.11111111111111,30.333333333333332,58.22566370454546,45.726557575757575,0.0,0.0,0.0,1656.939393939394,0.0,0.0,0.0,100.12727272727273,182.12121212121212,0.0,0.0,3156.909090909091,33.379393939393935,151.91272727272727,65.42121212121211,1.126060606060606,0.0,78.55515151515151,5.231964218181819,57.60727272727273,7.105151515151515,0.0,-2.421399492181818,0.6653939393939393,28.576363636363638,7.105151515151515,0.0,0.0,0.0,0.4444444444444445,0.3333333333333333,0.4444444444444445,0.6666666666666666,0.0,0.0,0.0,1.0,0.0,0.0,0.0,0.0,0.12,742.6581818181819,24.666666666666668,40.0,0.0,0.0,0.0,0.0,0.04,1.1111111111111112,2.3333333333333335,3.555555555555556,6.333333333333333,1.111111111111111,1.6666666666666667,3.3333333333333335,5.0,0.0,0.0,0.0,0.0,0.0,0.0,0.0,0.0,0.4444444444444445,0.6666666666666666,0.4444444444444444,1.3333333333333333,0.0,0.0,0.0,3.555555555555556,6.333333333333333,0.44444444444444436,4.333333333333333,33.379393939393935,0.0,0.0,0.0,0.005,0.0,27.916082424242425,117.74060606060607,98.47272727272728,0.0,0.0,42.70709090909091,0.0,0.0,0.0,0.0,0.0,0.0,0.09555555555555555,0.3383333333333334,0.36000000000000004,1.61,0.14333333333333334,0.395,0.2166666666666667,1.215,0.5766666666666665,2.8249999999999997,1.0,3.0,1.3555555555555554,4.283333333333334,1.0,2000.0,300.0,0.21485608428
Predict_19,0.0,9.11111111111111,30.333333333333332,64.74764705137932,43.9380275862069,0.0,0.0,0.0,1446.0344827586207,0.0,0.0,0.0,101.39999999999999,190.13793103448276,0.0,0.0,2363.655172413793,37.04551724137931,150.52137931034483,58.99655172413792,1.0179310344827586,0.0,78.89931034482758,4.899848937931035,57.980689655172405,5.674137931034483,0.0,-1.9903753435172413,0.6959310344827586,28.922068965517244,5.674137931034483,0.0,0.0,0.0,0.4444444444444445,0.3333333333333333,0.4444444444444445,0.6666666666666666,0.0,0.0,0.0,1.0,0.0,0.0,0.0,0.0,0.12,606.7489655172415,24.666666666666668,40.0,0.0,0.0,0.0,0.0,0.02,1.1111111111111112,2.3333333333333335,3.555555555555556,6.333333333333333,1.111111111111111,1.6666666666666667,3.3333333333333335,5.0,0.0,0.0,0.0,0.0,0.0,0.0,0.0,0.0,0.4444444444444445,0.6666666666666666,0.4444444444444444,1.3333333333333333,0.0,0.0,0.0,3.555555555555556,6.333333333333333,0.44444444444444436,4.333333333333333,37.04551724137931,0.0,0.0,0.0,0.005,0.0,29.260529655172416,115.63586206896552,97.15862068965518,0.0,0.0,43.74393103448276,0.0,0.0,0.0,0.0,0.0,0.0,0.09555555555555555,0.3383333333333334,0.36000000000000004,1.61,0.14333333333333334,0.395,0.2166666666666667,1.215,0.5766666666666665,2.8249999999999997,1.0,3.0,1.3555555555555554,4.283333333333334,1.0,2000.0,300.0,0.25971112694000004
Predict_20,0.0,8.88888888888889,30.666666666666668,58.441095823333335,46.90294545454546,0.0,0.0,0.0,1660.3333333333333,0.0,0.0,0.0,175.3030303030303,184.06060606060606,0.0,0.04,3159.818181818182,33.22181818181818,152.88242424242424,66.97272727272727,1.1236363636363635,0.0,79.46181818181817,5.252953309090909,58.208484848484844,6.164545454545454,0.0,-1.9691159164242427,0.6510909090909092,28.181212121212127,6.164545454545454,0.0,0.0,0.0,0.4444444444444445,0.3333333333333333,0.4444444444444445,0.6666666666666666,0.0,0.0,0.0,1.0,0.0,0.0,0.0,0.0,0.12,652.9054545454545,25.333333333333332,41.0,0.0,0.0,0.0,0.0,0.0,1.3333333333333333,2.0,3.7777777777777772,6.666666666666667,1.3333333333333333,1.0,3.7777777777777772,5.666666666666667,0.0,0.0,0.0,0.0,0.0,0.0,0.0,0.0,0.0,1.0,0.0,1.0,0.0,0.0,0.0,3.7777777777777772,6.666666666666667,0.44444444444444436,4.333333333333333,33.22181818181818,0.0,0.0,0.0,0.005,0.0,28.430884848484848,119.19515151515152,97.26060606060607,0.0,0.0,43.10733333333333,0.0,0.0,0.0,0.0,0.0,0.0,0.10000000000000002,0.33499999999999996,0.3733333333333333,1.5899999999999999,0.13888888888888887,0.40166666666666667,0.23444444444444443,1.1883333333333332,0.6077777777777776,2.778333333333333,1.0,3.0,1.1888888888888889,4.033333333333334,1.0,2000.0,300.0,0.14147608063999997
Predict_21,0.0,8.88888888888889,30.666666666666668,64.87022049827587,44.60735172413794,0.0,0.0,0.0,1447.9655172413793,0.0,0.0,0.0,144.17241379310346,191.24137931034483,0.0,0.02,2365.310344827586,36.955862068965516,151.07310344827584,59.87931034482759,1.0165517241379312,0.0,79.4151724137931,4.911791006896552,58.322758620689655,5.138965517241379,0.0,-1.733041584896552,0.6877931034482758,28.69724137931035,5.138965517241379,0.0,0.0,0.0,0.4444444444444445,0.3333333333333333,0.4444444444444445,0.6666666666666666,0.0,0.0,0.0,1.0,0.0,0.0,0.0,0.0,0.12,555.6827586206896,25.333333333333332,41.0,0.0,0.0,0.0,0.0,0.0,1.3333333333333333,2.0,3.7777777777777772,6.666666666666667,1.3333333333333333,1.0,3.7777777777777772,5.666666666666667,0.0,0.0,0.0,0.0,0.0,0.0,0.0,0.0,0.0,1.0,0.0,1.0,0.0,0.0,0.0,3.7777777777777772,6.666666666666667,0.44444444444444436,4.333333333333333,36.955862068965516,0.0,0.0,0.0,0.005,0.0,29.55343448275862,116.46344827586208,96.46896551724139,0.0,0.0,43.9716551724138,0.0,0.0,0.0,0.0,0.0,0.0,0.10000000000000002,0.33499999999999996,0.3733333333333333,1.5899999999999999,0.13888888888888887,0.40166666666666667,0.23444444444444443,1.1883333333333332,0.6077777777777776,2.778333333333333,1.0,3.0,1.1888888888888889,4.033333333333334,1.0,2000.0,300.0,0.15444252554000001
Predict_22,0.0,8.666666666666666,31.0,59.25945747181819,47.347551515151515,0.0,0.0,0.0,1170.6363636363637,0.0,0.0,0.0,106.21212121212122,181.63636363636363,0.0,0.0,2728.3030303030305,30.32080808072727,154.82181818181817,38.269696969696966,1.063030303030303,0.0,80.14060606060606,5.657273066666667,58.698181818181816,4.581030303030303,0.0,-1.3774420000606062,0.6518181818181817,28.411515151515157,4.581030303030303,0.0,0.0,0.0,0.4444444444444445,0.3333333333333333,0.4444444444444445,0.6666666666666666,0.0,0.0,0.0,1.0,0.0,0.0,0.0,0.0,0.12,491.67151515151517,26.444444444444446,42.666666666666664,0.0,0.0,0.0,0.0,0.0,1.5555555555555556,1.6666666666666667,4.0,7.0,1.3333333333333333,1.0,3.7777777777777772,5.666666666666667,0.0,0.0,0.0,0.0,0.0,0.0,0.0,0.0,0.4444444444444445,0.6666666666666666,0.4444444444444444,1.3333333333333333,0.0,0.0,0.0,4.0,7.0,0.44444444444444436,4.333333333333333,30.32080808072727,0.0,0.0,0.0,0.005,0.0,27.866518787878785,117.9830303030303,98.47272727272728,0.0,0.0,43.806,0.0,0.0,0.0,0.0,0.04,0.0,0.10444444444444445,0.33166666666666667,0.3955555555555555,1.5566666666666666,0.14777777777777779,0.38833333333333336,0.24777777777777776,1.1683333333333332,0.6433333333333332,2.7249999999999996,1.0,3.0,1.1111111111111112,3.9166666666666665,1.0,2000.0,300.0,0.14985102169999998
Predict_23,0.0,8.666666666666666,31.0,65.33584005689656,44.86031724137931,0.0,0.0,0.0,1169.344827586207,0.0,0.0,0.0,104.86206896551724,189.86206896551724,0.0,0.0,2119.793103448276,35.30528735627586,152.17655172413794,43.54827586206896,0.9820689655172414,0.0,79.80137931034481,5.141835006896552,58.601379310344825,4.2379999999999995,0.0,-1.3963995290344828,0.6882068965517241,28.82827586206897,4.2379999999999995,0.0,0.0,0.0,0.4444444444444445,0.3333333333333333,0.4444444444444445,0.6666666666666666,0.0,0.0,0.0,1.0,0.0,0.0,0.0,0.0,0.12,463.9462068965517,26.444444444444446,42.666666666666664,0.0,0.0,0.0,0.0,0.0,1.5555555555555556,1.6666666666666667,4.0,7.0,1.3333333333333333,1.0,3.7777777777777772,5.666666666666667,0.0,0.0,0.0,0.0,0.0,0.0,0.0,0.0,0.4444444444444445,0.6666666666666666,0.4444444444444444,1.3333333333333333,0.0,0.0,0.0,4.0,7.0,0.44444444444444436,4.333333333333333,35.30528735627586,0.0,0.0,0.0,0.005,0.0,29.232329655172414,115.77379310344828,97.15862068965518,0.0,0.0,44.36917241379311,0.0,0.0,0.0,0.0,0.02,0.0,0.10444444444444445,0.33166666666666667,0.3955555555555555,1.5566666666666666,0.14777777777777779,0.38833333333333336,0.24777777777777776,1.1683333333333332,0.6433333333333332,2.7249999999999996,1.0,3.0,1.1111111111111112,3.9166666666666665,1.0,2000.0,300.0,0.16653626555999998
Predict_24,0.0,9.777777777777779,33.666666666666664,68.9848991809091,52.739066666666666,0.0,0.0,0.0,1285.7878787878788,0.0,0.0,0.0,86.67272727272727,199.33333333333334,0.0,0.0,1634.969696969697,37.92484848484848,142.28848484848484,39.489090909090905,0.8933333333333333,0.0,77.47393939393939,4.760461187878788,58.11636363636364,4.668787878787879,0.0,-1.4847907721818183,0.6319393939393939,28.750909090909094,4.668787878787879,0.0,0.0,0.0,0.4444444444444445,0.6666666666666666,0.4444444444444444,0.3333333333333333,0.0,0.0,0.0,1.0,0.0,0.0,0.0,0.0,0.12,578.2945454545455,22.444444444444443,22.333333333333332,0.0,0.0,0.0,0.0,0.0,1.5555555555555556,1.6666666666666667,2.888888888888889,3.6666666666666665,1.3333333333333333,1.0,3.111111111111111,2.3333333333333335,0.0,0.0,0.0,0.0,0.0,0.0,0.0,0.0,0.4444444444444445,0.6666666666666666,0.4444444444444444,1.3333333333333333,0.0,0.0,0.0,2.888888888888889,3.6666666666666665,0.44444444444444436,4.666666666666667,37.92484848484848,0.0,0.0,0.0,0.005,0.0,26.18547878787879,111.19515151515152,94.30303030303031,0.0,0.04,44.57375757575758,0.0,0.0,0.0,0.0,0.0,0.0,0.0991111111111111,0.4843333333333333,0.2333333333333333,1.8,0.11888888888888888,0.43166666666666664,0.14888888888888885,1.3683333333333334,0.37555555555555564,3.168333333333333,1.0,3.0,1.366666666666667,3.35,1.0,2000.0,300.0,0.38183153292000005
Predict_25,0.0,9.777777777777779,33.666666666666664,70.86928102931036,47.92790344827586,0.0,0.0,0.0,1234.8620689655172,0.0,0.0,0.0,93.7448275862069,199.93103448275863,0.0,0.0,1497.7241379310344,39.63172413793103,145.0455172413793,44.24206896551724,0.8855172413793103,0.0,78.28413793103448,4.631579972413794,58.27034482758621,4.287931034482758,0.0,-1.457477278689655,0.6768965517241379,29.02137931034483,4.287931034482758,0.0,0.0,0.0,0.4444444444444445,0.6666666666666666,0.4444444444444444,0.3333333333333333,0.0,0.0,0.0,1.0,0.0,0.0,0.0,0.0,0.12,513.231724137931,22.444444444444443,22.333333333333332,0.0,0.0,0.0,0.0,0.0,1.5555555555555556,1.6666666666666667,2.888888888888889,3.6666666666666665,1.3333333333333333,1.0,3.111111111111111,2.3333333333333335,0.0,0.0,0.0,0.0,0.0,0.0,0.0,0.0,0.4444444444444445,0.6666666666666666,0.4444444444444444,1.3333333333333333,0.0,0.0,0.0,2.888888888888889,3.6666666666666665,0.44444444444444436,4.666666666666667,39.63172413793103,0.0,0.0,0.0,0.005,0.0,28.275875862068965,111.91172413793103,94.78620689655173,0.0,0.02,44.806,0.0,0.0,0.0,0.0,0.0,0.0,0.0991111111111111,0.4843333333333333,0.2333333333333333,1.8,0.11888888888888888,0.43166666666666664,0.14888888888888885,1.3683333333333334,0.37555555555555564,3.168333333333333,1.0,3.0,1.366666666666667,3.35,1.0,2000.0,300.0,0.34827138946
Predict_26,0.0,10.0,34.0,63.57643423545454,53.05078787878789,0.0,0.0,0.0,1761.6666666666667,0.0,0.0,0.0,82.26060606060605,198.12121212121212,0.0,0.0,2081.5151515151515,37.233939393939394,143.91272727272727,45.44545454545454,0.9587878787878789,0.0,78.7830303030303,4.887115733333334,58.98836363636364,5.628787878787879,0.0,-2.644011663090909,0.63,28.687878787878788,5.628787878787879,0.0,0.0,0.0,0.4444444444444445,0.3333333333333333,0.4444444444444445,0.6666666666666666,0.0,0.0,0.0,1.0,0.0,0.0,0.0,0.0,0.12,759.870303030303,21.555555555555557,23.666666666666668,0.0,0.0,0.0,0.0,0.0,2.8888888888888893,4.666666666666667,2.6666666666666665,4.0,3.3333333333333335,4.0,2.888888888888889,2.6666666666666665,0.0,0.0,0.0,0.0,0.0,0.0,0.0,0.0,0.4444444444444445,0.6666666666666666,0.4444444444444444,1.3333333333333333,0.0,0.0,0.0,2.6666666666666665,4.0,0.44444444444444436,4.666666666666667,37.233939393939394,0.0,0.0,0.0,0.005,0.0,26.47490909090909,113.61939393939394,94.83636363636364,0.0,0.0,39.15072727272728,0.0,0.0,0.0,0.04,0.0,0.0,0.07555555555555553,0.4666666666666666,0.2711111111111111,1.7433333333333334,0.13444444444444445,0.4083333333333334,0.13666666666666663,1.335,0.40777777777777774,3.078333333333333,1.0,3.0,1.188888888888889,3.616666666666667,1.0,2000.0,300.0,0.52219089416
Predict_27,0.0,10.0,34.0,67.79205097413794,48.105262068965516,0.0,0.0,0.0,1505.6206896551723,0.0,0.0,0.0,91.2344827586207,199.24137931034483,0.0,0.0,1751.7931034482758,39.23862068965518,145.96965517241378,47.63103448275862,0.9227586206896551,0.0,79.02896551724139,4.703642041379311,58.76648275862068,4.8341379310344825,0.0,-2.117033992482759,0.6757931034482758,28.985517241379316,4.8341379310344825,0.0,0.0,0.0,0.4444444444444445,0.3333333333333333,0.4444444444444445,0.6666666666666666,0.0,0.0,0.0,1.0,0.0,0.0,0.0,0.0,0.12,616.5420689655173,21.555555555555557,23.666666666666668,0.0,0.0,0.0,0.0,0.0,2.8888888888888893,4.666666666666667,2.6666666666666665,4.0,3.3333333333333335,4.0,2.888888888888889,2.6666666666666665,0.0,0.0,0.0,0.0,0.0,0.0,0.0,0.0,0.4444444444444445,0.6666666666666666,0.4444444444444444,1.3333333333333333,0.0,0.0,0.0,2.6666666666666665,4.0,0.44444444444444436,4.666666666666667,39.23862068965518,0.0,0.0,0.0,0.005,0.0,28.440551724137933,113.29103448275862,95.0896551724138,0.0,0.0,41.72048275862069,0.0,0.0,0.0,0.02,0.0,0.0,0.07555555555555553,0.4666666666666666,0.2711111111111111,1.7433333333333334,0.13444444444444445,0.4083333333333334,0.13666666666666663,1.335,0.40777777777777774,3.078333333333333,1.0,3.0,1.188888888888889,3.616666666666667,1.0,2000.0,300.0,0.36606573888
Predict_28,0.0,10.222222222222221,34.333333333333336,61.213459784545456,53.61276363636364,0.0,0.0,0.0,2019.6060606060605,0.0,0.0,0.0,83.5939393939394,194.4848484848485,0.0,0.0,2575.818181818182,36.07030303030303,112.64,48.23333333333333,0.9854545454545454,0.0,79.59466666666665,4.988109672727274,52.623030303030305,7.958484848484848,0.0,-3.1485834885454542,0.6251515151515151,28.40424242424243,7.958484848484848,0.0,0.0,0.0,0.4444444444444445,0.3333333333333333,0.4444444444444445,0.6666666666666666,0.0,0.0,0.0,1.0,0.0,0.0,0.0,0.0,0.12,839.6278787878788,20.88888888888889,34.333333333333336,0.0,0.0,0.0,0.0,0.0,2.444444444444444,4.333333333333333,2.444444444444444,4.333333333333333,2.888888888888889,3.6666666666666665,2.6666666666666665,3.0,0.0,0.0,0.0,0.0,0.0,0.0,0.0,0.0,0.4444444444444445,0.6666666666666666,0.4444444444444444,1.3333333333333333,0.0,0.0,0.0,2.444444444444444,4.333333333333333,0.44444444444444436,4.666666666666667,36.07030303030303,0.0,0.0,0.0,0.005,0.0,26.687272727272727,85.49818181818182,72.2909090909091,0.0,0.0,39.74951515151515,0.0,0.0,0.0,0.0,0.0,0.04,0.05777777777777778,0.4533333333333333,0.28444444444444444,1.7233333333333334,0.13555555555555557,0.4066666666666667,0.14888888888888893,1.3166666666666667,0.4333333333333331,3.0399999999999996,1.0,3.0,1.1333333333333335,3.7000000000000006,1.0,2000.0,300.0,0.6385653582599999
Predict_29,0.0,10.222222222222221,34.333333333333336,66.44759999344828,48.42500689655172,0.0,0.0,0.0,1652.3793103448277,0.0,0.0,0.0,91.99310344827587,197.17241379310346,0.0,0.0,2033.0344827586207,38.57655172413793,128.17655172413794,49.217241379310344,0.9379310344827586,0.0,79.49075862068966,4.761104110344828,55.14482758620689,6.159655172413793,0.0,-2.404117962137931,0.6730344827586208,28.824137931034485,6.159655172413793,0.0,0.0,0.0,0.4444444444444445,0.3333333333333333,0.4444444444444445,0.6666666666666666,0.0,0.0,0.0,1.0,0.0,0.0,0.0,0.0,0.12,661.9213793103448,20.88888888888889,34.333333333333336,0.0,0.0,0.0,0.0,0.0,2.444444444444444,4.333333333333333,2.444444444444444,4.333333333333333,2.888888888888889,3.6666666666666665,2.6666666666666665,3.0,0.0,0.0,0.0,0.0,0.0,0.0,0.0,0.0,0.4444444444444445,0.6666666666666666,0.4444444444444444,1.3333333333333333,0.0,0.0,0.0,2.444444444444444,4.333333333333333,0.44444444444444436,4.666666666666667,38.57655172413793,0.0,0.0,0.0,0.005,0.0,28.561379310344826,97.29103448275862,82.26206896551726,0.0,0.0,42.06117241379311,0.0,0.0,0.0,0.0,0.0,0.02,0.05777777777777778,0.4533333333333333,0.28444444444444444,1.7233333333333334,0.13555555555555557,0.4066666666666667,0.14888888888888893,1.3166666666666667,0.4333333333333331,3.0399999999999996,1.0,3.0,1.1333333333333335,3.7000000000000006,1.0,2000.0,300.0,0.54630359598
Predict_30,0.0,10.444444444444445,34.666666666666664,59.93738456272728,54.02061333333334,0.0,0.0,0.0,2100.818181818182,0.0,0.0,0.0,91.10909090909091,191.8181818181818,0.0,0.0,3074.969696969697,35.5369696969697,112.64,59.142424242424234,1.0509090909090908,0.0,72.37090909090908,5.018400581818182,53.5830303030303,10.140303030303032,0.0,-3.5237017855151516,0.622,28.220000000000002,10.140303030303032,0.0,0.0,0.0,0.4444444444444445,0.3333333333333333,0.4444444444444445,0.6666666666666666,0.0,0.0,0.0,1.0,0.0,0.0,0.0,0.0,0.12,990.4157575757577,21.555555555555554,35.333333333333336,0.0,0.0,0.0,0.04,0.0,2.0,4.0,2.444444444444444,4.666666666666667,2.0,3.0,2.4444444444444446,3.6666666666666665,0.0,0.0,0.0,0.0,0.0,0.0,0.0,0.0,0.0,1.0,0.0,1.0,0.0,0.0,0.0,2.444444444444444,4.666666666666667,0.44444444444444436,4.666666666666667,35.5369696969697,0.0,0.0,0.0,0.005,0.0,26.905454545454546,115.80121212121212,97.03200000000001,0.0,0.0,40.24648484848485,0.0,0.0,0.0,0.0,0.0,0.0,0.04888888888888889,0.44333333333333336,0.29111111111111115,1.7133333333333336,0.13444444444444445,0.4083333333333334,0.15666666666666665,1.305,0.4477777777777778,3.018333333333333,1.0,3.0,1.1,3.9,1.0,2000.0,300.0,0.5462970348399998
Predict_31,0.0,10.444444444444445,34.666666666666664,65.7215571948276,48.65705931034483,0.0,0.0,0.0,1698.5862068965516,0.0,0.0,0.0,96.26896551724138,195.6551724137931,0.0,0.0,2317.0344827586205,38.27310344827586,128.17655172413794,55.42413793103448,0.9751724137931035,0.0,75.38068965517242,4.778338593103448,55.69103448275862,7.401034482758621,0.0,-2.617547338,0.6712413793103449,28.71931034482759,7.401034482758621,0.0,0.0,0.0,0.4444444444444445,0.3333333333333333,0.4444444444444445,0.6666666666666666,0.0,0.0,0.0,1.0,0.0,0.0,0.0,0.0,0.12,747.7144827586208,21.555555555555554,35.333333333333336,0.0,0.0,0.0,0.02,0.0,2.0,4.0,2.444444444444444,4.666666666666667,2.0,3.0,2.4444444444444446,3.6666666666666665,0.0,0.0,0.0,0.0,0.0,0.0,0.0,0.0,0.0,1.0,0.0,1.0,0.0,0.0,0.0,2.444444444444444,4.666666666666667,0.44444444444444436,4.666666666666667,38.27310344827586,0.0,0.0,0.0,0.005,0.0,28.68551724137931,114.53241379310344,96.33889655172415,0.0,0.0,42.343931034482765,0.0,0.0,0.0,0.0,0.0,0.0,0.04888888888888889,0.44333333333333336,0.29111111111111115,1.7133333333333336,0.13444444444444445,0.4083333333333334,0.15666666666666665,1.305,0.4477777777777778,3.018333333333333,1.0,3.0,1.1,3.9,1.0,2000.0,300.0,0.44503563803999996
Predict_32,0.0,10.666666666666666,35.0,59.33102037121213,54.76088484848485,0.0,0.0,0.0,2075.3636363636365,0.0,0.0,0.0,111.54545454545455,189.3939393939394,0.0,0.0,3489.5151515151515,34.833939393939396,147.45212121212123,55.699999999999996,1.1866666666666665,0.0,73.3260606060606,5.099268460606061,55.54666666666667,11.953636363636363,0.0,-3.7061954194545454,0.6186060606060605,28.08909090909091,11.953636363636363,0.0,0.0,0.0,0.4444444444444445,0.3333333333333333,0.4444444444444445,0.6666666666666666,0.0,0.0,0.0,1.0,0.0,0.0,0.0,0.0,0.12,1025.809696969697,22.222222222222218,36.333333333333336,0.0,0.0,0.04,0.0,0.0,1.777777777777778,3.6666666666666665,2.6666666666666665,5.0,1.777777777777778,2.6666666666666665,2.6666666666666665,4.0,0.0,0.0,0.0,0.0,0.0,0.0,0.0,0.0,0.0,1.0,0.0,1.0,0.0,0.0,0.0,2.6666666666666665,5.0,0.44444444444444436,4.666666666666667,34.833939393939396,0.0,0.0,0.0,0.005,0.0,27.42909090909091,115.96218181818182,88.97638787878789,0.0,0.0,40.753151515151515,0.0,0.0,0.0,0.0,0.0,0.0,0.04444444444444443,0.4366666666666667,0.2977777777777777,1.7033333333333331,0.13888888888888887,0.40166666666666667,0.15888888888888894,1.3016666666666667,0.4566666666666667,3.0050000000000003,1.0,3.0,1.2333333333333334,4.1000000000000005,1.0,2000.0,300.0,0.27979181864
Predict_33,0.0,10.666666666666666,35.0,65.37655687896552,49.07824827586207,0.0,0.0,0.0,1684.103448275862,0.0,0.0,0.0,107.89655172413794,194.27586206896552,0.0,0.0,2552.896551724138,37.87310344827586,147.98344827586206,53.46551724137931,1.0524137931034483,0.0,75.92413793103448,4.824349627586208,56.80827586206896,8.432758620689654,0.0,-2.721379922827586,0.6693103448275862,28.644827586206898,8.432758620689654,0.0,0.0,0.0,0.4444444444444445,0.3333333333333333,0.4444444444444445,0.6666666666666666,0.0,0.0,0.0,1.0,0.0,0.0,0.0,0.0,0.12,767.8524137931034,22.222222222222218,36.333333333333336,0.0,0.0,0.02,0.0,0.0,1.777777777777778,3.6666666666666665,2.6666666666666665,5.0,1.777777777777778,2.6666666666666665,2.6666666666666665,4.0,0.0,0.0,0.0,0.0,0.0,0.0,0.0,0.0,0.0,1.0,0.0,1.0,0.0,0.0,0.0,2.6666666666666665,5.0,0.44444444444444436,4.666666666666667,37.87310344827586,0.0,0.0,0.0,0.005,0.0,28.983448275862067,114.624,91.75553103448277,0.0,0.0,42.63220689655173,0.0,0.0,0.0,0.0,0.0,0.0,0.04444444444444443,0.4366666666666667,0.2977777777777777,1.7033333333333331,0.13888888888888887,0.40166666666666667,0.15888888888888894,1.3016666666666667,0.4566666666666667,3.0050000000000003,1.0,3.0,1.2333333333333334,4.1000000000000005,1.0,2000.0,300.0,0.24079033232
Predict_34,0.0,12.5,31.5,60.277867112500005,54.591225,0.0,0.0,0.0,1879.75,0.0,0.0,0.0,106.125,188.75,0.0,0.0,3734.5,34.8225,116.16,61.625,1.165,0.0,61.995,5.095622475000001,45.6825,11.398750000000001,0.0,-3.12181317725,0.62725,28.215000000000003,11.398750000000001,0.0,0.0,0.0,0.5,0.5,0.5,0.5,0.0,0.0,0.0,1.0,0.0,0.0,0.0,0.0,0.12,904.1475,26.5,29.5,0.0,0.0,0.0,0.0,0.0,1.5,2.5,3.5,4.5,1.5,1.5,3.5,3.5,0.0,0.0,0.0,0.0,0.0,0.0,0.0,0.0,0.0,1.0,0.0,1.0,0.0,0.0,0.0,3.5,4.5,0.5,4.5,34.8225,0.0,0.0,0.0,0.04,0.0,27.9125,88.17,74.55000000000001,0.0,0.0,41.472,0.0,0.0,0.0,0.0,0.0,0.0,0.04000000000000001,0.41000000000000003,0.345,1.805,0.1475,0.4625,0.1975,1.3425,0.5425,3.1475,1.0,2.0,1.5750000000000002,3.825,1.0,2000.0,300.0,0.7426545160799999
Predict_35,0.0,12.5,31.5,66.95072321285714,47.9514,0.0,0.0,0.0,1516.4285714285713,0.0,0.0,0.0,104.57142857142857,194.85714285714286,0.0,0.0,2500.8571428571427,38.425714285714285,132.75428571428571,55.957142857142856,1.0171428571428571,0.0,70.85142857142857,4.772068542857143,52.208571428571425,7.514285714285714,0.0,-2.254267406857143,0.6828571428571429,28.808571428571433,7.514285714285714,0.0,0.0,0.0,0.5,0.5,0.5,0.5,0.0,0.0,0.0,1.0,0.0,0.0,0.0,0.0,0.12,660.8828571428572,26.5,29.5,0.0,0.0,0.0,0.0,0.0,1.5,2.5,3.5,4.5,1.5,1.5,3.5,3.5,0.0,0.0,0.0,0.0,0.0,0.0,0.0,0.0,0.0,1.0,0.0,1.0,0.0,0.0,0.0,3.5,4.5,0.5,4.5,38.425714285714285,0.0,0.0,0.0,0.02,0.0,29.505714285714284,100.76571428571428,85.20000000000002,0.0,0.0,43.32942857142858,0.0,0.0,0.0,0.0,0.0,0.0,0.04000000000000001,0.41000000000000003,0.345,1.805,0.1475,0.4625,0.1975,1.3425,0.5425,3.1475,1.0,2.0,1.5750000000000002,3.825,1.0,2000.0,300.0,0.48373900692000005
Predict_36,0.0,11.333333333333334,36.0,58.900627430606065,56.44464242424243,0.0,0.0,0.0,1846.5151515151515,0.0,0.0,0.0,114.45454545454545,186.4848484848485,0.0,0.0,4015.5757575757575,33.81575757575758,112.64,64.86363636363636,1.2157575757575756,0.0,60.11636363636364,5.188109672727273,44.29818181818182,9.313636363636364,0.0,-2.835295480060606,0.6166666666666666,28.312121212121212,9.313636363636364,0.0,0.0,0.0,0.4444444444444445,0.3333333333333333,0.4444444444444445,0.6666666666666666,0.0,0.0,0.0,1.0,0.0,0.0,0.0,0.0,0.12,866.0521212121213,24.222222222222218,39.333333333333336,0.0,0.0,0.0,0.0,0.0,1.1111111111111112,2.6666666666666665,3.3333333333333335,6.0,1.111111111111111,1.6666666666666667,3.3333333333333335,5.0,0.0,0.0,0.0,0.0,0.0,0.0,0.0,0.0,0.0,1.0,0.0,1.0,0.0,0.0,0.0,3.3333333333333335,6.0,0.44444444444444436,4.666666666666667,33.81575757575758,0.0,0.0,0.04,0.005,0.0,27.894545454545455,85.49818181818182,72.2909090909091,0.0,0.0,41.70587878787879,0.0,0.0,0.0,0.0,0.0,0.0,0.02888888888888889,0.41333333333333333,0.3177777777777777,1.6733333333333331,0.13444444444444445,0.4083333333333334,0.18333333333333326,1.265,0.501111111111111,2.938333333333333,1.0,3.0,1.4000000000000001,4.3500000000000005,1.0,2000.0,300.0,0.37295154694000004
Predict_37,0.0,11.333333333333334,36.0,65.13167813689655,50.03624827586207,0.0,0.0,0.0,1553.896551724138,0.0,0.0,0.0,109.55172413793103,192.6206896551724,0.0,0.0,2852.206896551724,37.29379310344827,128.17655172413794,58.67931034482758,1.0689655172413792,0.0,68.40827586206896,4.874897213793104,50.40827586206896,6.930689655172413,0.0,-2.2258678883448275,0.6682068965517242,28.771724137931038,6.930689655172413,0.0,0.0,0.0,0.4444444444444445,0.3333333333333333,0.4444444444444445,0.6666666666666666,0.0,0.0,0.0,1.0,0.0,0.0,0.0,0.0,0.12,676.9558620689655,24.222222222222218,39.333333333333336,0.0,0.0,0.0,0.0,0.0,1.1111111111111112,2.6666666666666665,3.3333333333333335,6.0,1.111111111111111,1.6666666666666667,3.3333333333333335,5.0,0.0,0.0,0.0,0.0,0.0,0.0,0.0,0.0,0.0,1.0,0.0,1.0,0.0,0.0,0.0,3.3333333333333335,6.0,0.44444444444444436,4.666666666666667,37.29379310344827,0.0,0.0,0.02,0.005,0.0,29.24827586206897,97.29103448275862,82.26206896551726,0.0,0.0,43.17427586206897,0.0,0.0,0.0,0.0,0.0,0.0,0.02888888888888889,0.41333333333333333,0.3177777777777777,1.6733333333333331,0.13444444444444445,0.4083333333333334,0.18333333333333326,1.265,0.501111111111111,2.938333333333333,1.0,3.0,1.4000000000000001,4.3500000000000005,1.0,2000.0,300.0,0.2848161177
Predict_38,0.0,11.555555555555555,36.333333333333336,59.13647626939394,57.29664242424243,0.0,0.0,0.0,1669.060606060606,0.0,0.0,0.0,95.4969696969697,185.75757575757575,0.0,0.0,3912.060606060606,32.89454545454545,112.64,51.28787878787879,1.1963636363636365,0.0,60.11636363636364,5.400958157575758,44.29818181818182,6.925757575757575,0.0,-2.3223570679393943,0.616909090909091,28.55454545454546,6.925757575757575,0.0,0.0,0.0,0.4444444444444445,0.3333333333333333,0.4444444444444445,0.6666666666666666,0.0,0.0,0.0,1.0,0.0,0.0,0.0,0.0,0.12,766.9127272727274,24.888888888888886,40.333333333333336,0.0,0.0,0.0,0.0,0.0,1.5555555555555556,1.6666666666666667,3.555555555555556,6.333333333333333,1.3333333333333333,1.0,3.7777777777777772,5.666666666666667,0.0,0.0,0.0,0.0,0.0,0.0,0.0,0.0,0.4444444444444445,0.6666666666666666,0.4444444444444445,0.6666666666666666,0.0,0.0,0.04,3.555555555555556,6.333333333333333,0.44444444444444436,4.666666666666667,32.89454545454545,0.0,0.0,0.0,0.005,0.0,28.22181818181818,85.49818181818182,72.2909090909091,0.0,0.0,42.15921212121212,0.0,0.0,0.0,0.0,0.0,0.0,0.02888888888888891,0.40666666666666673,0.32666666666666666,1.6600000000000001,0.13666666666666666,0.40499999999999997,0.19000000000000003,1.2550000000000001,0.5166666666666665,2.9149999999999996,1.0,3.0,1.4111111111111112,4.366666666666667,1.0,2000.0,300.0,0.25521191824
Predict_39,0.0,11.555555555555555,36.333333333333336,65.26586799344828,50.521006896551725,0.0,0.0,0.0,1452.9310344827586,0.0,0.0,0.0,98.7655172413793,192.20689655172413,0.0,0.0,2793.310344827586,36.76965517241379,128.17655172413794,50.9551724137931,1.0579310344827586,0.0,68.40827586206896,4.996000662068966,50.40827586206896,5.572068965517241,0.0,-1.9340236193793106,0.6683448275862068,28.909655172413796,5.572068965517241,0.0,0.0,0.0,0.4444444444444445,0.3333333333333333,0.4444444444444445,0.6666666666666666,0.0,0.0,0.0,1.0,0.0,0.0,0.0,0.0,0.12,620.5489655172413,24.888888888888886,40.333333333333336,0.0,0.0,0.0,0.0,0.0,1.5555555555555556,1.6666666666666667,3.555555555555556,6.333333333333333,1.3333333333333333,1.0,3.7777777777777772,5.666666666666667,0.0,0.0,0.0,0.0,0.0,0.0,0.0,0.0,0.4444444444444445,0.6666666666666666,0.4444444444444445,0.6666666666666666,0.0,0.0,0.02,3.555555555555556,6.333333333333333,0.44444444444444436,4.666666666666667,36.76965517241379,0.0,0.0,0.0,0.005,0.0,29.43448275862069,97.29103448275862,82.26206896551726,0.0,0.0,43.432206896551726,0.0,0.0,0.0,0.0,0.0,0.0,0.02888888888888891,0.40666666666666673,0.32666666666666666,1.6600000000000001,0.13666666666666666,0.40499999999999997,0.19000000000000003,1.2550000000000001,0.5166666666666665,2.9149999999999996,1.0,3.0,1.4111111111111112,4.366666666666667,1.0,2000.0,300.0,0.18394160139999996
Predict_40,0.04,11.777777777777779,36.666666666666664,59.71278213121212,57.64772121212121,0.0,0.0,0.0,1474.878787878788,0.0,0.0,0.0,182.0909090909091,187.21212121212122,0.0,0.0,3540.4242424242425,33.42545454545454,112.64,68.71818181818182,1.1309090909090909,0.0,60.11636363636364,5.21655330909091,44.29818181818182,5.606969696969697,0.0,-1.7472343988484849,0.6147272727272727,28.401818181818186,5.606969696969697,0.0,0.0,0.0,0.4444444444444445,0.3333333333333333,0.4444444444444445,0.6666666666666666,0.0,0.0,0.0,1.0,0.0,0.0,0.0,0.0,0.12,623.1260606060606,25.555555555555554,41.333333333333336,0.0,0.0,0.0,0.0,0.0,1.3333333333333333,2.0,3.7777777777777772,6.666666666666667,1.3333333333333333,1.0,3.7777777777777772,5.666666666666667,0.0,0.0,0.0,0.0,0.0,0.0,0.0,0.0,0.0,1.0,0.0,1.0,0.0,0.0,0.0,3.7777777777777772,6.666666666666667,0.44444444444444436,4.666666666666667,33.42545454545454,0.0,0.0,0.0,0.005,0.0,28.71817212121212,85.49818181818182,72.2909090909091,0.0,0.0,42.61981818181819,0.0,0.0,0.0,0.0,0.0,0.0,0.03222222222222223,0.40166666666666667,0.33555555555555544,1.6466666666666665,0.13777777777777778,0.4033333333333333,0.19777777777777783,1.2433333333333334,0.5333333333333333,2.89,1.0,3.0,1.1666666666666667,4.0,1.0,2000.0,300.0,0.19001933261999998
Predict_41,0.02,11.777777777777779,36.666666666666664,65.5937661562069,50.72075862068966,0.0,0.0,0.0,1342.448275862069,0.0,0.0,0.0,148.0344827586207,193.0344827586207,0.0,0.0,2581.862068965517,37.071724137931035,128.17655172413794,60.87241379310344,1.0206896551724138,0.0,68.40827586206896,4.891080662068966,50.40827586206896,4.821724137931035,0.0,-1.6067986524827587,0.6671034482758621,28.822758620689658,4.821724137931035,0.0,0.0,0.0,0.4444444444444445,0.3333333333333333,0.4444444444444445,0.6666666666666666,0.0,0.0,0.0,1.0,0.0,0.0,0.0,0.0,0.12,538.7393103448276,25.555555555555554,41.333333333333336,0.0,0.0,0.0,0.0,0.0,1.3333333333333333,2.0,3.7777777777777772,6.666666666666667,1.3333333333333333,1.0,3.7777777777777772,5.666666666666667,0.0,0.0,0.0,0.0,0.0,0.0,0.0,0.0,0.0,1.0,0.0,1.0,0.0,0.0,0.0,3.7777777777777772,6.666666666666667,0.44444444444444436,4.666666666666667,37.071724137931035,0.0,0.0,0.0,0.005,0.0,29.71689103448276,97.29103448275862,82.26206896551726,0.0,0.0,43.69427586206896,0.0,0.0,0.0,0.0,0.0,0.0,0.03222222222222223,0.40166666666666667,0.33555555555555544,1.6466666666666665,0.13777777777777778,0.4033333333333333,0.19777777777777783,1.2433333333333334,0.5333333333333333,2.89,1.0,3.0,1.1666666666666667,4.0,1.0,2000.0,300.0,0.17183444714
Predict_42,0.0,12.0,37.0,60.804752436666675,58.749006060606064,0.0,0.0,0.0,1136.6969696969697,0.0,0.04,0.0,101.58181818181818,186.96969696969697,0.0,0.0,3094.3636363636365,33.50545454545455,112.64,38.269696969696966,1.0727272727272728,0.0,60.11636363636364,5.560211490909091,44.29818181818182,4.373030303030303,0.0,-1.2737266812727273,0.6137575757575757,28.564242424242426,4.373030303030303,0.0,0.0,0.0,0.4444444444444445,0.3333333333333333,0.4444444444444445,0.6666666666666666,0.0,0.0,0.0,1.0,0.0,0.0,0.0,0.0,0.12,467.80242424242425,26.666666666666668,43.0,0.0,0.0,0.0,0.0,0.0,1.5555555555555556,1.6666666666666667,4.0,7.0,1.3333333333333333,1.0,3.7777777777777772,5.666666666666667,0.0,0.0,0.0,0.0,0.0,0.0,0.0,0.0,0.4444444444444445,0.6666666666666666,0.4444444444444444,1.3333333333333333,0.0,0.0,0.0,4.0,7.0,0.44444444444444436,4.666666666666667,33.50545454545455,0.0,0.0,0.0,0.005,0.0,27.610499393939392,85.49818181818182,72.2909090909091,0.0,0.0,43.26224242424242,0.0,0.0,0.0,0.0,0.0,0.0,0.03555555555555556,0.39666666666666667,0.35777777777777775,1.6133333333333333,0.14666666666666664,0.38999999999999996,0.21111111111111114,1.2233333333333334,0.5688888888888889,2.8366666666666664,1.0,3.0,1.1,3.9,1.0,2000.0,300.0,0.17648074307999997
Predict_43,0.0,12.0,37.0,66.21505960586208,51.34735172413793,0.0,0.0,0.0,1150.0344827586207,0.0,0.02,0.0,102.22758620689655,192.89655172413794,0.0,0.0,2328.0689655172414,37.11724137931035,128.17655172413794,43.54827586206896,0.9875862068965517,0.0,68.40827586206896,5.086610317241379,50.40827586206896,4.119655172413793,0.0,-1.3373890890344828,0.666551724137931,28.915172413793105,4.119655172413793,0.0,0.0,0.0,0.4444444444444445,0.3333333333333333,0.4444444444444445,0.6666666666666666,0.0,0.0,0.0,1.0,0.0,0.0,0.0,0.0,0.12,450.3655172413793,26.666666666666668,43.0,0.0,0.0,0.0,0.0,0.0,1.5555555555555556,1.6666666666666667,4.0,7.0,1.3333333333333333,1.0,3.7777777777777772,5.666666666666667,0.0,0.0,0.0,0.0,0.0,0.0,0.0,0.0,0.4444444444444445,0.6666666666666666,0.4444444444444444,1.3333333333333333,0.0,0.0,0.0,4.0,7.0,0.44444444444444436,4.666666666666667,37.11724137931035,0.0,0.0,0.0,0.005,0.0,29.08666344827586,97.29103448275862,82.26206896551726,0.0,0.0,44.05979310344827,0.0,0.0,0.0,0.0,0.0,0.0,0.03555555555555556,0.39666666666666667,0.35777777777777775,1.6133333333333333,0.14666666666666664,0.38999999999999996,0.21111111111111114,1.2233333333333334,0.5688888888888889,2.8366666666666664,1.0,3.0,1.1,3.9,1.0,2000.0,300.0,0.16588549062000002
Predict_44,0.0,12.222222222222221,37.333333333333336,61.89629975787879,59.332521212121215,0.0,0.0,0.0,1453.060606060606,0.0,0.0,0.0,97.92121212121212,186.4848484848485,0.0,0.0,2769.5151515151515,34.07030303030303,112.64,45.275757575757574,1.0945454545454547,0.0,60.11636363636364,4.782645430303031,57.3890909090909,3.6653939393939394,0.0,-1.723333404909091,0.6142424242424243,28.738787878787882,3.6653939393939394,0.0,0.04,0.0,0.4444444444444445,0.3333333333333333,0.4444444444444444,0.3333333333333333,0.0,0.0,0.0,1.0,0.0,0.0,0.0,0.0,0.12,427.9309090909091,27.777777777777782,44.666666666666664,0.0,0.0,0.0,0.0,0.0,1.5555555555555554,3.3333333333333335,4.222222222222222,7.333333333333333,1.3333333333333333,1.0,3.7777777777777772,5.666666666666667,0.0,0.0,0.0,0.0,2.2222222222222223,1.6666666666666667,0.4444444444444444,0.3333333333333333,0.4444444444444445,0.6666666666666666,0.4444444444444444,1.3333333333333333,0.0,0.0,0.0,4.222222222222222,7.333333333333333,0.44444444444444436,4.666666666666667,34.07030303030303,0.0,0.0,0.0,0.005,0.0,28.086133333333333,85.49818181818182,72.2909090909091,0.0,0.0,40.971333333333334,0.0,0.0,0.0,0.0,0.0,0.0,0.0377777777777778,0.39333333333333337,0.3844444444444444,1.5733333333333335,0.16333333333333333,0.365,0.22111111111111112,1.2083333333333333,0.6055555555555555,2.7816666666666663,1.0,3.0,1.0666666666666667,3.85,1.0,2000.0,300.0,0.19033963554
Predict_45,0.0,12.222222222222221,37.333333333333336,66.83611239206897,51.67935172413793,0.0,0.0,0.0,1330.0344827586207,0.0,0.0,0.0,100.14482758620689,192.6206896551724,0.0,0.0,2143.2413793103447,37.438620689655174,128.17655172413794,47.53448275862069,1.0,0.0,68.40827586206896,4.644202041379311,57.85655172413793,3.717034482758621,0.0,-1.5931998111034484,0.6668275862068966,29.01448275862069,3.717034482758621,0.0,0.02,0.0,0.4444444444444445,0.3333333333333333,0.4444444444444444,0.3333333333333333,0.0,0.0,0.0,1.0,0.0,0.0,0.0,0.0,0.12,427.67999999999995,27.777777777777782,44.666666666666664,0.0,0.0,0.0,0.0,0.0,1.5555555555555554,3.3333333333333335,4.222222222222222,7.333333333333333,1.3333333333333333,1.0,3.7777777777777772,5.666666666666667,0.0,0.0,0.0,0.0,2.2222222222222223,1.6666666666666667,0.4444444444444444,0.3333333333333333,0.4444444444444445,0.6666666666666666,0.4444444444444444,1.3333333333333333,0.0,0.0,0.0,4.222222222222222,7.333333333333333,0.44444444444444436,4.666666666666667,37.438620689655174,0.0,0.0,0.0,0.005,0.0,29.35728275862069,97.29103448275862,82.26206896551726,0.0,0.0,42.756344827586204,0.0,0.0,0.0,0.0,0.0,0.0,0.0377777777777778,0.39333333333333337,0.3844444444444444,1.5733333333333335,0.16333333333333333,0.365,0.22111111111111112,1.2083333333333333,0.6055555555555555,2.7816666666666663,1.0,3.0,1.0666666666666667,3.85,1.0,2000.0,300.0,0.17466173538
Predict_46,0.0,12.444444444444445,37.666666666666664,62.11063360030303,60.276036363636365,0.0,0.0,0.0,1581.5454545454545,0.0,0.0,0.0,94.28484848484848,185.75757575757575,0.0,0.0,2769.5151515151515,33.44242424242424,112.64,64.28181818181817,1.1381818181818182,0.0,77.63878787878788,5.160235733333333,54.173338181818174,4.6009090909090915,0.0,-2.037089800060606,0.6127878787878788,28.799393939393944,4.6009090909090915,0.0,0.0,0.0,0.4444444444444445,0.3333333333333333,0.4444444444444444,0.3333333333333333,0.0,0.0,0.0,1.0,0.0,0.0,0.0,0.0,0.12,446.1927272727272,28.888888888888886,46.333333333333336,0.0,0.0,0.0,0.0,0.0,1.3333333333333333,3.0,4.444444444444444,7.666666666666667,1.3333333333333333,1.0,3.7777777777777772,5.666666666666667,0.0,0.0,0.0,0.0,1.7777777777777777,1.3333333333333333,0.8888888888888888,0.6666666666666666,0.4444444444444445,0.6666666666666666,0.4444444444444444,1.3333333333333333,0.0,0.0,0.0,4.444444444444444,7.666666666666667,0.44444444444444436,4.666666666666667,33.44242424242424,0.0,0.0,0.0,0.005,0.0,27.058715151515152,85.49818181818182,72.2909090909091,0.04,0.0,41.57075151515152,0.0,0.0,0.0,0.0,0.0,0.0,0.04111111111111113,0.38833333333333336,0.4088888888888888,1.5366666666666664,0.17444444444444443,0.34833333333333333,0.23444444444444443,1.1883333333333332,0.6433333333333332,2.7249999999999996,1.0,3.0,1.1222222222222225,3.9333333333333336,1.0,2000.0,300.0,0.15358931567999998
Predict_47,0.0,12.444444444444445,37.666666666666664,66.95806095758621,52.216179310344835,0.0,0.0,0.0,1403.1379310344828,0.0,0.0,0.0,98.0758620689655,192.20689655172413,0.0,0.0,2143.2413793103447,37.08137931034482,128.17655172413794,58.34827586206896,1.0248275862068965,0.0,78.37793103448276,4.859037903448276,56.02689931034483,4.2493103448275855,0.0,-1.771716380758621,0.666,29.04896551724138,4.2493103448275855,0.0,0.0,0.0,0.4444444444444445,0.3333333333333333,0.4444444444444444,0.3333333333333333,0.0,0.0,0.0,1.0,0.0,0.0,0.0,0.0,0.12,438.07034482758615,28.888888888888886,46.333333333333336,0.0,0.0,0.0,0.0,0.0,1.3333333333333333,3.0,4.444444444444444,7.666666666666667,1.3333333333333333,1.0,3.7777777777777772,5.666666666666667,0.0,0.0,0.0,0.0,1.7777777777777777,1.3333333333333333,0.8888888888888888,0.6666666666666666,0.4444444444444445,0.6666666666666666,0.4444444444444444,1.3333333333333333,0.0,0.0,0.0,4.444444444444444,7.666666666666667,0.44444444444444436,4.666666666666667,37.08137931034482,0.0,0.0,0.0,0.005,0.0,28.77271724137931,97.29103448275862,82.26206896551726,0.02,0.0,43.097393103448276,0.0,0.0,0.0,0.0,0.0,0.0,0.04111111111111113,0.38833333333333336,0.4088888888888888,1.5366666666666664,0.17444444444444443,0.34833333333333333,0.23444444444444443,1.1883333333333332,0.6433333333333332,2.7249999999999996,1.0,3.0,1.1222222222222225,3.9333333333333336,1.0,2000.0,300.0,0.14397544383999997
Predict_48,0.0,13.777777777777779,39.666666666666664,71.32336000272727,64.78924848484849,0.0,0.04,0.0,1404.090909090909,0.0,0.0,0.0,78.0909090909091,204.1818181818182,0.0,0.0,1848.3030303030303,41.35515151515152,112.64,41.65151515151515,0.8787878787878788,0.0,60.11636363636364,4.643325187878788,44.29818181818182,4.593636363636364,0.0,-1.543144386727273,0.6072121212121212,29.061212121212122,4.593636363636364,0.0,0.0,0.0,0.4444444444444445,0.6666666666666666,0.4444444444444444,0.3333333333333333,0.0,0.0,0.0,1.0,0.0,0.0,0.0,0.0,0.12,566.1733333333334,22.222222222222225,22.666666666666668,0.0,0.0,0.0,0.0,0.0,1.5555555555555556,1.6666666666666667,2.888888888888889,3.6666666666666665,1.3333333333333333,1.0,3.111111111111111,2.3333333333333335,0.0,0.0,0.0,0.0,0.0,0.0,0.0,0.0,0.4444444444444445,0.6666666666666666,0.4444444444444444,1.3333333333333333,0.0,0.0,0.0,2.888888888888889,3.6666666666666665,0.6666666666666666,5.0,41.35515151515152,0.0,0.0,0.0,0.005,0.0,25.936686060606064,85.49818181818182,72.2909090909091,0.0,0.0,34.17618181818182,0.0,0.0,0.0,0.0,0.0,0.0,0.23555555555555552,0.5866666666666666,0.24822222222222212,1.8323333333333334,0.11844444444444445,0.4323333333333334,0.16999999999999993,1.4000000000000001,0.4182222222222222,3.232333333333333,1.0,3.0,1.3844444444444448,3.3233333333333337,1.0,2000.0,300.0,0.5463310737799998
Predict_49,0.0,13.777777777777779,39.666666666666664,72.19978460034483,54.784041379310345,0.0,0.02,0.0,1302.1724137931035,0.0,0.0,0.0,88.86206896551724,202.68965517241378,0.0,0.0,1619.103448275862,41.58344827586207,128.17655172413794,45.47241379310344,0.8772413793103447,0.0,68.40827586206896,4.564933627586207,50.40827586206896,4.245172413793104,0.0,-1.4906784731724139,0.6628275862068965,29.197931034482764,4.245172413793104,0.0,0.0,0.0,0.4444444444444445,0.6666666666666666,0.4444444444444444,0.3333333333333333,0.0,0.0,0.0,1.0,0.0,0.0,0.0,0.0,0.12,506.3351724137931,22.222222222222225,22.666666666666668,0.0,0.0,0.0,0.0,0.0,1.5555555555555556,1.6666666666666667,2.888888888888889,3.6666666666666665,1.3333333333333333,1.0,3.111111111111111,2.3333333333333335,0.0,0.0,0.0,0.0,0.0,0.0,0.0,0.0,0.4444444444444445,0.6666666666666666,0.4444444444444444,1.3333333333333333,0.0,0.0,0.0,2.888888888888889,3.6666666666666665,0.6666666666666666,5.0,41.58344827586207,0.0,0.0,0.0,0.005,0.0,28.134321379310343,97.29103448275862,82.26206896551726,0.0,0.0,38.89013793103449,0.0,0.0,0.0,0.0,0.0,0.0,0.23555555555555552,0.5866666666666666,0.24822222222222212,1.8323333333333334,0.11844444444444445,0.4323333333333334,0.16999999999999993,1.4000000000000001,0.4182222222222222,3.232333333333333,1.0,3.0,1.3844444444444448,3.3233333333333337,1.0,2000.0,300.0,0.46281387614
Predict_50,0.0,18.0,45.0,60.97170655303031,74.76815757575758,0.0,0.0,0.0,2066.6363636363635,0.0,0.0,0.0,83.66666666666667,194.4848484848485,0.0,0.0,4224.060606060606,35.658181818181816,112.64,38.269696969696966,0.9781818181818183,0.0,60.11636363636364,5.0344539151515155,52.378181818181815,9.461515151515153,0.0,-3.4899994352121206,0.5926666666666667,28.493939393939396,9.461515151515153,0.04,0.0,0.0,0.4444444444444445,0.3333333333333333,0.4444444444444445,0.6666666666666666,0.0,0.0,0.0,1.0,0.0,0.0,0.0,0.0,0.12,931.2642424242424,21.11111111111111,34.666666666666664,0.0,0.0,0.0,0.0,0.0,2.444444444444444,4.333333333333333,6.0,9.0,2.888888888888889,3.6666666666666665,2.6666666666666665,3.0,0.0,0.0,6.222222222222222,4.666666666666667,0.0,0.0,0.0,0.0,0.4444444444444445,0.6666666666666666,0.4444444444444444,1.3333333333333333,0.0,0.0,0.0,2.444444444444444,4.333333333333333,0.6666666666666666,5.0,35.658181818181816,0.0,0.0,0.0,0.005,0.0,27.14787878787879,85.49818181818182,72.2909090909091,0.0,0.0,39.824666666666666,0.0,0.0,0.0,0.0,0.0,0.0,0.0977777777777778,0.4833333333333334,0.2733333333333334,1.7400000000000002,0.1322222222222222,0.4116666666666666,0.1411111111111111,1.3283333333333334,0.4144444444444444,3.0683333333333334,1.0,3.0,1.1,3.75,1.0,2000.0,300.0,0.6986046336399998
Predict_51,0.0,18.0,45.0,66.31005074103449,60.46169655172414,0.0,0.0,0.0,1679.1379310344828,0.0,0.0,0.0,92.03448275862068,197.17241379310346,0.0,0.0,2970.8275862068967,38.34206896551724,128.17655172413794,43.54827586206896,0.9337931034482758,0.0,68.40827586206896,4.787472386206897,55.00551724137931,7.014827586206896,0.0,-2.5983718628275865,0.6545517241379311,28.875172413793106,7.014827586206896,0.02,0.0,0.0,0.4444444444444445,0.3333333333333333,0.4444444444444445,0.6666666666666666,0.0,0.0,0.0,1.0,0.0,0.0,0.0,0.0,0.12,714.0593103448276,21.11111111111111,34.666666666666664,0.0,0.0,0.0,0.0,0.0,2.444444444444444,4.333333333333333,6.0,9.0,2.888888888888889,3.6666666666666665,2.6666666666666665,3.0,0.0,0.0,6.222222222222222,4.666666666666667,0.0,0.0,0.0,0.0,0.4444444444444445,0.6666666666666666,0.4444444444444444,1.3333333333333333,0.0,0.0,0.0,2.444444444444444,4.333333333333333,0.6666666666666666,5.0,38.34206896551724,0.0,0.0,0.0,0.005,0.0,28.82344827586207,97.29103448275862,82.26206896551726,0.0,0.0,42.10393103448276,0.0,0.0,0.0,0.0,0.0,0.0,0.0977777777777778,0.4833333333333334,0.2733333333333334,1.7400000000000002,0.1322222222222222,0.4116666666666666,0.1411111111111111,1.3283333333333334,0.4144444444444444,3.0683333333333334,1.0,3.0,1.1,3.75,1.0,2000.0,300.0,0.6462193575799999
Predict_52,0.0,18.88888888888889,45.666666666666664,59.417772790606065,76.06512727272727,0.0,0.0,0.0,2297.4242424242425,0.0,0.0,0.0,78.0909090909091,191.33333333333334,0.0,0.0,5664.060606060606,34.42181818181818,112.64,57.32424242424242,1.2351515151515151,0.0,60.11636363636364,5.286323006060607,44.29818181818182,15.548787878787879,0.0,-4.218363383090908,0.5897575757575757,28.140000000000004,15.548787878787879,0.0,0.0,0.0,0.4444444444444445,0.3333333333333333,0.4444444444444445,0.6666666666666666,0.0,0.0,0.0,1.0,0.0,0.0,0.0,0.0,0.12,1219.5066666666667,22.444444444444446,36.666666666666664,0.0,0.0,0.0,0.0,0.0,1.777777777777778,3.6666666666666665,6.888888888888888,9.666666666666666,2.0,3.0,2.4444444444444446,3.6666666666666665,0.0,0.0,6.222222222222222,4.666666666666667,0.0,0.0,0.0,0.0,0.4444444444444445,0.6666666666666666,0.4444444444444444,1.3333333333333333,0.0,0.0,0.0,2.6666666666666665,5.0,0.6666666666666666,5.0,34.42181818181818,0.0,0.0,0.0,0.005,0.0,27.414545454545458,85.49818181818182,72.2909090909091,0.0,0.0,34.17618181818182,0.0,0.0,0.04,0.0,0.0,0.0,0.08,0.47000000000000003,0.29444444444444445,1.7083333333333333,0.13555555555555557,0.4066666666666667,0.15888888888888894,1.3016666666666667,0.4533333333333333,3.01,1.0,3.0,1.2666666666666668,4.1499999999999995,1.0,2000.0,300.0,0.34382663582
Predict_53,0.0,18.88888888888889,45.666666666666664,65.42591601413793,61.1996275862069,0.0,0.0,0.0,1810.448275862069,0.0,0.0,0.0,88.86206896551724,195.3793103448276,0.0,0.0,3790.137931034483,37.63862068965517,128.17655172413794,54.38965517241379,1.08,0.0,68.40827586206896,4.930777213793104,50.40827586206896,10.478275862068966,0.0,-3.0127858331724138,0.6528965517241379,28.67379310344828,10.478275862068966,0.0,0.0,0.0,0.4444444444444445,0.3333333333333333,0.4444444444444445,0.6666666666666666,0.0,0.0,0.0,1.0,0.0,0.0,0.0,0.0,0.12,878.0593103448276,22.444444444444446,36.666666666666664,0.0,0.0,0.0,0.0,0.0,1.777777777777778,3.6666666666666665,6.888888888888888,9.666666666666666,2.0,3.0,2.4444444444444446,3.6666666666666665,0.0,0.0,6.222222222222222,4.666666666666667,0.0,0.0,0.0,0.0,0.4444444444444445,0.6666666666666666,0.4444444444444444,1.3333333333333333,0.0,0.0,0.0,2.6666666666666665,5.0,0.6666666666666666,5.0,37.63862068965517,0.0,0.0,0.0,0.005,0.0,28.975172413793103,97.29103448275862,82.26206896551726,0.0,0.0,38.89013793103449,0.0,0.0,0.02,0.0,0.0,0.0,0.08,0.47000000000000003,0.29444444444444445,1.7083333333333333,0.13555555555555557,0.4066666666666667,0.15888888888888894,1.3016666666666667,0.4533333333333333,3.01,1.0,3.0,1.2666666666666668,4.1499999999999995,1.0,2000.0,300.0,0.34178764533999995
Predict_54,0.0,19.333333333333332,46.0,59.13937274454546,76.63894545454545,0.0,0.0,0.0,2307.3636363636365,0.0,0.0,0.0,89.72727272727273,188.66666666666666,0.0,0.0,6093.151515151515,34.082424242424246,112.64,41.78484848484848,1.1236363636363635,0.0,60.11636363636364,5.278926642424243,44.29818181818182,11.12939393939394,0.0,-4.087024510363636,0.5909696969696969,28.433333333333337,11.12939393939394,0.0,0.0,0.0,0.4444444444444445,0.3333333333333333,0.4444444444444445,0.6666666666666666,0.0,0.0,0.0,1.0,0.0,0.0,0.0,0.0,0.12,1162.2945454545454,23.111111111111114,37.666666666666664,0.0,0.0,0.0,0.0,0.0,1.5555555555555554,3.3333333333333335,7.333333333333333,10.0,1.777777777777778,2.6666666666666665,2.6666666666666665,4.0,0.0,0.0,6.222222222222222,4.666666666666667,0.0,0.0,0.0,0.0,0.4444444444444445,0.6666666666666666,0.4444444444444444,1.3333333333333333,0.0,0.0,0.0,2.8888888888888893,5.333333333333333,0.6666666666666666,5.0,34.082424242424246,0.0,0.04,0.0,0.005,0.0,23.51151515151515,85.49818181818182,72.2909090909091,0.0,0.0,34.17618181818182,0.0,0.0,0.0,0.0,0.0,0.0,0.06888888888888885,0.4616666666666666,0.3,1.7,0.13444444444444445,0.4083333333333334,0.1655555555555556,1.2916666666666667,0.4655555555555555,2.9916666666666667,1.0,3.0,1.3555555555555554,4.283333333333334,1.0,2000.0,300.0,0.22763860002000003
Predict_55,0.0,19.333333333333332,46.0,65.26751598793103,61.526110344827586,0.0,0.0,0.0,1816.103448275862,0.0,0.0,0.0,95.48275862068965,193.86206896551724,0.0,0.0,4034.2758620689656,37.445517241379314,128.17655172413794,45.54827586206896,1.0165517241379312,0.0,68.40827586206896,4.926568937931035,50.40827586206896,7.963793103448276,0.0,-2.9380585435172417,0.6535862068965518,28.84068965517242,7.963793103448276,0.0,0.0,0.0,0.4444444444444445,0.3333333333333333,0.4444444444444445,0.6666666666666666,0.0,0.0,0.0,1.0,0.0,0.0,0.0,0.0,0.12,845.5075862068966,23.111111111111114,37.666666666666664,0.0,0.0,0.0,0.0,0.0,1.5555555555555554,3.3333333333333335,7.333333333333333,10.0,1.777777777777778,2.6666666666666665,2.6666666666666665,4.0,0.0,0.0,6.222222222222222,4.666666666666667,0.0,0.0,0.0,0.0,0.4444444444444445,0.6666666666666666,0.4444444444444444,1.3333333333333333,0.0,0.0,0.0,2.8888888888888893,5.333333333333333,0.6666666666666666,5.0,37.445517241379314,0.0,0.02,0.0,0.005,0.0,26.75448275862069,97.29103448275862,82.26206896551726,0.0,0.0,38.89013793103449,0.0,0.0,0.0,0.0,0.0,0.0,0.06888888888888885,0.4616666666666666,0.3,1.7,0.13444444444444445,0.4083333333333334,0.1655555555555556,1.2916666666666667,0.4655555555555555,2.9916666666666667,1.0,3.0,1.3555555555555554,4.283333333333334,1.0,2000.0,300.0,0.23335104242
Predict_56,0.0,19.77777777777778,46.333333333333336,58.9632184269697,77.61421818181817,0.0,0.0,0.0,2165.787878787879,0.0,0.0,0.0,99.32727272727273,186.96969696969697,0.0,0.0,6473.757575757576,33.79151515151515,112.64,63.990909090909085,1.1963636363636365,0.0,60.11636363636364,5.425523006060606,44.29818181818182,16.89181818181818,0.0,-3.7970066243030303,0.5892727272727272,28.244242424242426,16.89181818181818,0.0,0.0,0.0,0.4444444444444445,0.3333333333333333,0.4444444444444445,0.6666666666666666,0.0,0.0,0.0,1.0,0.0,0.0,0.0,0.0,0.12,1125.2036363636364,23.777777777777782,38.666666666666664,0.0,0.0,0.0,0.0,0.0,1.3333333333333333,3.0,7.777777777777779,10.333333333333334,1.5555555555555554,2.3333333333333335,2.8888888888888893,4.333333333333333,0.0,0.0,6.222222222222222,4.666666666666667,0.0,0.0,0.0,0.0,0.4444444444444445,0.6666666666666666,0.4444444444444444,1.3333333333333333,0.04,0.0,0.0,3.1111111111111107,5.666666666666667,0.6666666666666666,5.0,33.79151515151515,0.0,0.0,0.0,0.005,0.0,23.51151515151515,85.49818181818182,72.2909090909091,0.0,0.0,34.17618181818182,0.0,0.0,0.0,0.0,0.0,0.0,0.05911111111111108,0.4543333333333333,0.30222222222222217,1.6966666666666665,0.1322222222222222,0.4116666666666666,0.17,1.285,0.4722222222222223,2.981666666666667,1.0,3.0,1.4000000000000001,4.3500000000000005,1.0,2000.0,300.0,0.24762893770000002
Predict_57,0.0,19.77777777777778,46.333333333333336,65.16729025551724,62.08100689655173,0.0,0.0,0.0,1735.551724137931,0.0,0.0,0.0,100.9448275862069,192.89655172413794,0.0,0.0,4250.827586206897,37.279999999999994,128.17655172413794,58.18275862068965,1.0579310344827586,0.0,68.40827586206896,5.009977213793104,50.40827586206896,11.242413793103449,0.0,-2.7730483669655173,0.6526206896551724,28.733103448275866,11.242413793103449,0.0,0.0,0.0,0.4444444444444445,0.3333333333333333,0.4444444444444445,0.6666666666666666,0.0,0.0,0.0,1.0,0.0,0.0,0.0,0.0,0.12,824.4041379310345,23.777777777777782,38.666666666666664,0.0,0.0,0.0,0.0,0.0,1.3333333333333333,3.0,7.777777777777779,10.333333333333334,1.5555555555555554,2.3333333333333335,2.8888888888888893,4.333333333333333,0.0,0.0,6.222222222222222,4.666666666666667,0.0,0.0,0.0,0.0,0.4444444444444445,0.6666666666666666,0.4444444444444444,1.3333333333333333,0.02,0.0,0.0,3.1111111111111107,5.666666666666667,0.6666666666666666,5.0,37.279999999999994,0.0,0.0,0.0,0.005,0.0,26.75448275862069,97.29103448275862,82.26206896551726,0.0,0.0,38.89013793103449,0.0,0.0,0.0,0.0,0.0,0.0,0.05911111111111108,0.4543333333333333,0.30222222222222217,1.6966666666666665,0.1322222222222222,0.4116666666666666,0.17,1.285,0.4722222222222223,2.981666666666667,1.0,3.0,1.4000000000000001,4.3500000000000005,1.0,2000.0,300.0,0.2618138802
Predict_58,0.0,20.22222222222222,46.666666666666664,59.00318274212122,78.09591515151516,0.0,0.0,0.0,2024.2121212121212,0.0,0.0,0.0,113.72727272727273,186.24242424242425,0.0,0.0,6466.484848484848,33.57333333333334,112.64,74.87575757575756,1.1963636363636365,0.0,60.11636363636364,5.553714521212121,44.29818181818182,12.836060606060606,0.0,-3.221929644909091,0.5895151515151515,28.341212121212124,12.836060606060606,0.0,0.0,0.04,0.4444444444444445,0.3333333333333333,0.4444444444444445,0.6666666666666666,0.0,0.0,0.0,1.0,0.0,0.0,0.0,0.0,0.12,987.7490909090909,24.444444444444446,39.666666666666664,0.0,0.0,0.0,0.0,0.0,1.1111111111111112,2.6666666666666665,8.222222222222221,10.666666666666666,1.3333333333333333,2.0,3.1111111111111107,4.666666666666667,0.0,0.0,6.222222222222222,4.666666666666667,0.0,0.0,0.0,0.0,0.4444444444444445,0.6666666666666666,0.4444444444444444,1.3333333333333333,0.0,0.0,0.0,3.3333333333333335,6.0,0.6666666666666666,5.0,33.57333333333334,0.0,0.0,0.0,0.005,0.0,23.51151515151515,85.49818181818182,72.2909090909091,0.0,0.0,34.17618181818182,0.0,0.0,0.0,0.0,0.0,0.0,0.05244444444444444,0.4486666666666667,0.30488888888888876,1.6926666666666665,0.13266666666666668,0.41100000000000003,0.1722222222222222,1.2816666666666665,0.4771111111111111,2.9743333333333335,1.0,3.0,1.4333333333333336,4.3999999999999995,1.0,2000.0,300.0,0.24735951192000002
Predict_59,0.0,20.22222222222222,46.666666666666664,65.19002857275862,62.35507586206897,0.0,0.0,0.0,1655.0,0.0,0.0,0.0,109.13793103448276,192.48275862068965,0.0,0.0,4246.689655172414,37.15586206896552,128.17655172413794,64.37586206896552,1.0579310344827586,0.0,68.40827586206896,5.082913765517241,50.40827586206896,8.934827586206897,0.0,-2.4458493959310346,0.6527586206896552,28.78827586206897,8.934827586206897,0.0,0.0,0.02,0.4444444444444445,0.3333333333333333,0.4444444444444445,0.6666666666666666,0.0,0.0,0.0,1.0,0.0,0.0,0.0,0.0,0.12,746.1972413793104,24.444444444444446,39.666666666666664,0.0,0.0,0.0,0.0,0.0,1.1111111111111112,2.6666666666666665,8.222222222222221,10.666666666666666,1.3333333333333333,2.0,3.1111111111111107,4.666666666666667,0.0,0.0,6.222222222222222,4.666666666666667,0.0,0.0,0.0,0.0,0.4444444444444445,0.6666666666666666,0.4444444444444444,1.3333333333333333,0.0,0.0,0.0,3.3333333333333335,6.0,0.6666666666666666,5.0,37.15586206896552,0.0,0.0,0.0,0.005,0.0,26.75448275862069,97.29103448275862,82.26206896551726,0.0,0.0,38.89013793103449,0.0,0.0,0.0,0.0,0.0,0.0,0.05244444444444444,0.4486666666666667,0.30488888888888876,1.6926666666666665,0.13266666666666668,0.41100000000000003,0.1722222222222222,1.2816666666666665,0.4771111111111111,2.9743333333333335,1.0,3.0,1.4333333333333336,4.3999999999999995,1.0,2000.0,300.0,0.2581111930600001
Predict_60,0.0,20.666666666666668,47.0,59.296979842727275,78.79094545454545,0.0,0.0,0.0,1878.030303030303,0.0,0.0,0.0,95.44848484848485,185.03030303030303,0.0,0.0,6110.121212121212,33.306666666666665,112.64,88.03939393939395,1.2157575757575756,0.0,60.11636363636364,5.551721793939394,44.29818181818182,8.243333333333334,0.0,-2.538292852181818,0.59,28.52545454545455,8.243333333333334,0.0,0.0,0.0,0.4444444444444445,0.3333333333333333,0.4444444444444445,0.6666666666666666,0.0,0.0,0.0,1.0,0.0,0.0,0.0,0.0,0.12,818.6339393939394,25.111111111111114,40.666666666666664,0.0,0.0,0.0,0.0,0.0,1.1111111111111112,2.3333333333333335,8.666666666666666,11.0,1.111111111111111,1.3333333333333333,3.555555555555556,5.333333333333333,0.0,0.0,6.222222222222222,4.666666666666667,0.0,0.0,0.0,0.0,0.0,1.0,0.0,1.0,0.0,0.0,0.0,3.555555555555556,6.333333333333333,0.6666666666666666,5.0,33.306666666666665,0.04,0.0,0.0,0.005,0.0,28.011636363636363,85.49818181818182,72.2909090909091,0.0,0.0,34.17618181818182,0.0,0.0,0.0,0.0,0.0,0.0,0.04888888888888889,0.44333333333333336,0.3066666666666667,1.6900000000000002,0.15222222222222223,0.38166666666666665,0.15444444444444447,1.3083333333333333,0.46111111111111097,2.998333333333333,1.0,3.0,1.4555555555555557,4.433333333333334,1.0,2000.0,300.0,0.22257564764
Predict_61,0.0,20.666666666666668,47.0,65.35718899206897,62.75052413793104,0.0,0.0,0.0,1571.8275862068965,0.0,0.0,0.0,98.73793103448276,191.79310344827587,0.0,0.0,4043.9310344827586,37.00413793103448,128.17655172413794,71.86551724137931,1.0689655172413792,0.0,68.40827586206896,5.081779972413793,50.40827586206896,6.321724137931035,0.0,-2.0568836345517245,0.6530344827586206,28.893103448275866,6.321724137931035,0.0,0.0,0.0,0.4444444444444445,0.3333333333333333,0.4444444444444445,0.6666666666666666,0.0,0.0,0.0,1.0,0.0,0.0,0.0,0.0,0.12,649.976551724138,25.111111111111114,40.666666666666664,0.0,0.0,0.0,0.0,0.0,1.1111111111111112,2.3333333333333335,8.666666666666666,11.0,1.111111111111111,1.3333333333333333,3.555555555555556,5.333333333333333,0.0,0.0,6.222222222222222,4.666666666666667,0.0,0.0,0.0,0.0,0.0,1.0,0.0,1.0,0.0,0.0,0.0,3.555555555555556,6.333333333333333,0.6666666666666666,5.0,37.00413793103448,0.02,0.0,0.0,0.005,0.0,29.31489655172414,97.29103448275862,82.26206896551726,0.0,0.0,38.89013793103449,0.0,0.0,0.0,0.0,0.0,0.0,0.04888888888888889,0.44333333333333336,0.3066666666666667,1.6900000000000002,0.15222222222222223,0.38166666666666665,0.15444444444444447,1.3083333333333333,0.46111111111111097,2.998333333333333,1.0,3.0,1.4555555555555557,4.433333333333334,1.0,2000.0,300.0,0.22766357272000004
Predict_62,0.0,21.11111111111111,47.333333333333336,59.68161017242425,79.24732581818182,0.04,0.0,0.0,1643.121212121212,0.0,0.0,0.0,155.1818181818182,185.03030303030303,0.0,0.0,5676.181818181818,33.13696969696969,112.64,92.28181818181818,1.2787878787878788,0.0,60.11636363636364,5.616383612121212,44.29818181818182,5.91,0.0,-1.8549432594545456,0.589030303030303,28.418303030303033,5.91,0.0,0.0,0.0,0.4444444444444445,0.3333333333333333,0.4444444444444445,0.6666666666666666,0.0,0.0,0.0,1.0,0.0,0.0,0.0,0.0,0.12,647.9503030303031,25.777777777777782,41.666666666666664,0.0,0.0,0.0,0.0,0.0,1.3333333333333333,2.0,9.111111111111112,11.333333333333334,1.3333333333333333,1.0,3.7777777777777772,5.666666666666667,0.0,0.0,6.222222222222222,4.666666666666667,0.0,0.0,0.0,0.0,0.0,1.0,0.0,1.0,0.0,0.0,0.0,3.7777777777777772,6.666666666666667,0.6666666666666666,5.0,33.13696969696969,0.0,0.0,0.0,0.005,0.0,28.40848484848485,85.49818181818182,72.2909090909091,0.0,0.0,34.17618181818182,0.0,0.0,0.0,0.0,0.0,0.0,0.04400000000000002,0.43599999999999994,0.30888888888888894,1.6866666666666668,0.14777777777777779,0.38833333333333336,0.16111111111111112,1.2983333333333333,0.4699999999999999,2.985,1.0,3.0,1.3444444444444448,4.266666666666667,1.0,2000.0,300.0,0.21262398470000002
Predict_63,0.0,21.11111111111111,47.333333333333336,65.57603038655174,63.010188827586205,0.02,0.0,0.0,1438.1724137931035,0.0,0.0,0.0,132.72413793103448,191.79310344827587,0.0,0.0,3797.0344827586205,36.907586206896546,128.17655172413794,74.27931034482758,1.1048275862068966,0.0,68.40827586206896,5.11857031724138,50.40827586206896,4.994137931034484,0.0,-1.6680812800689655,0.6524827586206897,28.832137931034485,4.994137931034484,0.0,0.0,0.0,0.4444444444444445,0.3333333333333333,0.4444444444444445,0.6666666666666666,0.0,0.0,0.0,1.0,0.0,0.0,0.0,0.0,0.12,552.8634482758621,25.777777777777782,41.666666666666664,0.0,0.0,0.0,0.0,0.0,1.3333333333333333,2.0,9.111111111111112,11.333333333333334,1.3333333333333333,1.0,3.7777777777777772,5.666666666666667,0.0,0.0,6.222222222222222,4.666666666666667,0.0,0.0,0.0,0.0,0.0,1.0,0.0,1.0,0.0,0.0,0.0,3.7777777777777772,6.666666666666667,0.6666666666666666,5.0,36.907586206896546,0.0,0.0,0.0,0.005,0.0,29.540689655172415,97.29103448275862,82.26206896551726,0.0,0.0,38.89013793103449,0.0,0.0,0.0,0.0,0.0,0.0,0.04400000000000002,0.43599999999999994,0.30888888888888894,1.6866666666666668,0.14777777777777779,0.38833333333333336,0.16111111111111112,1.2983333333333333,0.4699999999999999,2.985,1.0,3.0,1.3444444444444448,4.266666666666667,1.0,2000.0,300.0,0.21262948246000007
Predict_64,0.0,22.444444444444446,48.333333333333336,62.92872760030303,81.72815757575758,0.0,0.0,0.0,1374.7575757575758,0.0,0.0,0.0,86.64848484848486,187.45454545454547,0.0,0.0,3746.4848484848485,33.42666666666666,112.64,46.778787878787874,1.2278787878787878,0.0,76.7951515151515,5.1778623999999995,54.557575757575755,4.024909090909091,0.0,-1.9566007140000001,0.5892727272727272,28.244242424242426,4.024909090909091,0.0,0.0,0.0,0.4444444444444445,0.3333333333333333,0.4444444444444444,0.3333333333333333,0.0,0.0,0.0,1.0,0.0,0.0,0.0,0.0,0.12,469.3515151515151,29.111111111111114,46.666666666666664,0.0,0.0,0.0,0.0,0.0,1.3333333333333333,3.0,10.444444444444445,12.333333333333334,1.3333333333333333,1.0,3.7777777777777772,5.666666666666667,0.0,0.0,6.222222222222222,4.666666666666667,1.7777777777777777,1.3333333333333333,0.8888888888888888,0.6666666666666666,0.4444444444444445,0.6666666666666666,0.4444444444444444,1.3333333333333333,0.0,0.04,0.0,4.444444444444444,7.666666666666667,0.6666666666666666,5.0,33.42666666666666,0.0,0.0,0.0,0.005,0.0,27.155752727272727,85.49818181818182,72.2909090909091,0.0,0.0,41.918557575757575,0.0,0.0,0.0,0.0,0.0,0.0,0.03555555555555556,0.42333333333333334,0.38000000000000006,1.58,0.16333333333333333,0.365,0.2166666666666667,1.215,0.5966666666666667,2.795,1.0,3.0,1.1111111111111112,3.9166666666666665,1.0,2000.0,300.0,0.14190913057999996
Predict_65,0.0,22.444444444444446,48.333333333333336,67.42352823344828,64.42169655172414,0.0,0.0,0.0,1285.4827586206898,0.0,0.0,0.0,93.73103448275862,193.17241379310346,0.0,0.0,2699.103448275862,37.07241379310344,128.17655172413794,48.38965517241379,1.0758620689655172,0.0,77.89793103448275,4.869066868965517,56.245517241379304,3.921586206896552,0.0,-1.725920866275862,0.6526206896551724,28.733103448275866,3.921586206896552,0.0,0.0,0.0,0.4444444444444445,0.3333333333333333,0.4444444444444444,0.3333333333333333,0.0,0.0,0.0,1.0,0.0,0.0,0.0,0.0,0.12,451.24689655172415,29.111111111111114,46.666666666666664,0.0,0.0,0.0,0.0,0.0,1.3333333333333333,3.0,10.444444444444445,12.333333333333334,1.3333333333333333,1.0,3.7777777777777772,5.666666666666667,0.0,0.0,6.222222222222222,4.666666666666667,1.7777777777777777,1.3333333333333333,0.8888888888888888,0.6666666666666666,0.4444444444444445,0.6666666666666666,0.4444444444444444,1.3333333333333333,0.0,0.02,0.0,4.444444444444444,7.666666666666667,0.6666666666666666,5.0,37.07241379310344,0.0,0.0,0.0,0.005,0.0,28.827928275862067,97.29103448275862,82.26206896551726,0.0,0.0,43.295282758620694,0.0,0.0,0.0,0.0,0.0,0.0,0.03555555555555556,0.42333333333333334,0.38000000000000006,1.58,0.16333333333333333,0.365,0.2166666666666667,1.215,0.5966666666666667,2.795,1.0,3.0,1.1111111111111112,3.9166666666666665,1.0,2000.0,300.0,0.14069215517999997
Predict_66,0.0,22.888888888888886,48.666666666666664,64.17528179909091,82.15976969696969,0.0,0.0,0.04,1329.909090909091,0.0,0.0,0.0,80.00363636363636,187.93939393939394,0.0,0.0,3368.3030303030305,31.827878787878785,112.64,60.378787878787875,1.1527272727272726,0.0,73.69212121212122,5.146073309090909,55.279999999999994,5.559939393939394,0.0,-2.0401558146060603,0.5873333333333333,28.443030303030305,5.559939393939394,0.0,0.0,0.0,0.4444444444444445,0.3333333333333333,0.4444444444444444,0.3333333333333333,0.0,0.0,0.0,1.0,0.0,0.0,0.0,0.0,0.12,455.72484848484845,30.222222222222218,48.333333333333336,0.0,0.0,0.0,0.0,0.0,1.1111111111111112,2.6666666666666665,10.888888888888888,12.666666666666666,1.3333333333333333,1.0,3.7777777777777772,5.666666666666667,0.0,0.0,6.222222222222222,4.666666666666667,1.3333333333333333,1.0,1.3333333333333333,1.0,0.4444444444444445,0.6666666666666666,0.4444444444444444,1.3333333333333333,0.0,0.0,0.0,4.666666666666667,8.0,0.6666666666666666,5.0,31.827878787878785,0.0,0.0,0.0,0.005,0.0,27.560727272727274,85.49818181818182,93.69696969696972,0.0,0.0,40.37254545454546,0.0,0.0,0.0,0.0,0.0,0.0,0.03288888888888888,0.41933333333333334,0.3917777777777777,1.5623333333333331,0.1662222222222222,0.36066666666666664,0.22555555555555554,1.2016666666666667,0.6173333333333333,2.764,1.0,3.0,1.1222222222222225,3.9333333333333336,1.0,2000.0,300.0,0.15660502061999998
Predict_67,0.0,22.888888888888886,48.666666666666664,68.13277458793104,64.66726896551725,0.0,0.0,0.02,1259.9655172413793,0.0,0.0,0.0,89.9503448275862,193.44827586206895,0.0,0.0,2483.9310344827586,36.16275862068966,128.17655172413794,56.127586206896545,1.033103448275862,0.0,76.13241379310345,4.850979972413794,56.65655172413793,4.794965517241379,0.0,-1.7734608373103449,0.6515172413793103,28.846206896551728,4.794965517241379,0.0,0.0,0.0,0.4444444444444445,0.3333333333333333,0.4444444444444444,0.3333333333333333,0.0,0.0,0.0,1.0,0.0,0.0,0.0,0.0,0.12,443.49379310344824,30.222222222222218,48.333333333333336,0.0,0.0,0.0,0.0,0.0,1.1111111111111112,2.6666666666666665,10.888888888888888,12.666666666666666,1.3333333333333333,1.0,3.7777777777777772,5.666666666666667,0.0,0.0,6.222222222222222,4.666666666666667,1.3333333333333333,1.0,1.3333333333333333,1.0,0.4444444444444445,0.6666666666666666,0.4444444444444444,1.3333333333333333,0.0,0.0,0.0,4.666666666666667,8.0,0.6666666666666666,5.0,36.16275862068966,0.0,0.0,0.0,0.005,0.0,29.058344827586208,97.29103448275862,94.44137931034483,0.0,0.0,42.41565517241379,0.0,0.0,0.0,0.0,0.0,0.0,0.03288888888888888,0.41933333333333334,0.3917777777777777,1.5623333333333331,0.1662222222222222,0.36066666666666664,0.22555555555555554,1.2016666666666667,0.6173333333333333,2.764,1.0,3.0,1.1222222222222225,3.9333333333333336,1.0,2000.0,300.0,0.15612918085999997
